Type,Airline,Year,Month,Aircraft Number,Aircraft Hours,Aircraft Kilometres,Passenger Number,Passenger Kilometers,Seat Kilometers,Passenger Load Factor,Freight,Mail,Total Cargo,Passenger Tonne Kilometer,Mail Tonne Kilometer,Freight Tonne Kilometer,Total Tonne Kilometer,Available Tonne Kilometer,Weight Load Factor,Date,MarketShare
ScheduledDomestic,AIX Connect,2024,1,5158,9689.633,5223.556,802969.0,824479.344,941483.042,87.572,3252.917,268.917,3521.834,61835.951,4074.202,224.808,66134.961,104471.12,63.305,2024-01-01,3.0573913938762844
ScheduledDomestic,AIX Connect,2024,2,4933,9296.0,5015.671,768022.0,791997.592,904055.772,87.605,3125.951,256.138,3382.09,59399.819,3887.673,212.926,63500.419,100313.42,63.302,2024-02-01,3.0363067043685037
ScheduledDomestic,AIX Connect,2024,3,5074,9603.0,5198.0,769891.0,797436.0,936995.0,85.106,3252.917,268.917,3521.834,59807.0,3917.0,273.174,63997.174,103969.98,61.554,2024-03-01,2.879718881690983
ScheduledDomestic,AIX Connect,2024,4,4687,8917.1,4846.239,716857.0,749772.25,873583.38,85.827,2809.047,226.123,3035.17,56232.919,3466.507,194.144,59893.57,96924.78,61.794,2024-04-01,2.7153575502149687
ScheduledDomestic,AIX Connect,2024,5,4511,8636.3,4728.24,703339.0,740843.459,852135.126,86.94,3208.614,201.471,3410.086,74084.346,4048.841,237.017,78370.204,94564.8,82.875,2024-05-01,2.5491977304445914
ScheduledDomestic,AIX Connect,2024,6,4048,7725.8,4223.778,637860.0,674786.999,761644.692,88.596,2744.833,213.316,2958.149,67478.7,3531.604,244.511,71254.814,84475.56,84.35,2024-06-01,2.4150700736068953
ScheduledDomestic,AIX Connect,2024,7,3916,7392.45,4020.043,590023.0,621406.434,724893.594,85.724,2796.515,232.63,3029.145,62140.643,3637.159,189.55,65967.353,80400.86,82.048,2024-07-01,2.2717473792180183
ScheduledDomestic,AIX Connect,2024,8,3857,7316.5,3986.787,577347.0,607076.098,718957.8,84.438,2538.507,160.528,2699.034,60707.61,3344.212,139.374,64191.195,79735.74,80.505,2024-08-01,2.19846254948042
ScheduledDomestic,AIX Connect,2024,9,3684,7027.617,3846.924,535294.0,566013.822,693678.264,81.596,1461.365,,1461.365,56601.382,1813.054,,58414.436,76938.48,75.924,2024-09-01,2.0545029313744574
ScheduledDomestic,Air Carnival,2016,8,88,122.26,1.667,4036.0,1683.306,2567.11,65.572,0.0,0.0,0.0,133.187,0.0,0.0,133.187,245.279,54.3,2016-08-01,0.024169059818782354
ScheduledDomestic,Air Carnival,2016,9,150,153.517,1.667,6357.0,2603.822,4309.34,60.423,0.0,0.0,0.0,209.842,0.0,0.0,209.842,408.125,51.416,2016-09-01,0.03876860139693815
ScheduledDomestic,Air Carnival,2016,10,188,216.03,76.628,7708.0,3140.474,5363.96,58.548,0.0,0.0,0.0,232.88,0.0,0.0,232.88,507.26,45.909,2016-10-01,0.0446055057360435
ScheduledDomestic,Air Carnival,2016,11,194,213.066,78.956,9232.0,3758.463,5526.92,68.003,0.0,0.0,0.0,288.94,0.0,0.0,288.94,522.5,55.3,2016-11-01,0.051624470893908585
ScheduledDomestic,Air Carnival,2016,12,234,257.067,96.778,9752.0,4007.39,6802.74,58.908,0.0,0.0,0.0,306.67,0.0,0.0,306.67,626.925,48.917,2016-12-01,0.05123870838523144
ScheduledDomestic,Air Carnival,2017,1,278,315.016,116.988,11041.0,4552.54,8049.16,56.559,0.0,0.0,0.0,367.0,0.0,0.0,367.0,759.364,48.33,2017-01-01,0.05869513292897963
ScheduledDomestic,Air Carnival,2017,2,266,272.75,109.872,13629.0,5661.302,7691.04,73.609,0.0,0.0,0.0,452.908,0.0,0.0,452.908,727.62,62.245,2017-02-01,0.08019096617493386
ScheduledDomestic,Air Carnival,2017,3,280,253.15,119.14,12970.0,5376.773,8297.68,64.799,0.0,0.0,0.0,411.0,0.0,0.0,411.0,756.225,54.349,2017-03-01,0.07314225441007755
ScheduledDomestic,Air Carnival,2017,4,21,4.68,8.792,1008.0,421.368,631.6,66.714,0.0,0.0,0.0,33.0,0.0,0.0,33.0,58.0,56.897,2017-04-01,0.0056302941102543405
ScheduledDomestic,Air Costa,2015,1,1032,1150.0,695.0,65179.0,51209.0,66947.0,76.492,224.17,0.0,224.17,5012.0,255.0,0.0,5267.0,7050.0,74.709,2015-01-01,0.524255345708995
ScheduledDomestic,Air Costa,2015,2,950,1310.0,638.0,61717.0,47820.0,61398.0,77.885,262.0,0.0,262.0,4715.0,262.0,0.0,4977.0,6455.0,77.103,2015-02-01,0.5152792052358652
ScheduledDomestic,Air Costa,2015,3,1046,1432.0,700.0,61790.0,46619.0,67337.0,69.232,265.0,0.0,265.0,4591.0,305.0,0.0,4896.0,7083.0,69.123,2015-03-01,0.49425230720400537
ScheduledDomestic,Air Costa,2015,4,980,1382.0,690.0,66134.0,51417.0,66898.0,76.859,238.0,0.0,238.0,5027.0,270.0,0.0,5297.0,7028.0,75.37,2015-04-01,0.5057293923340251
ScheduledDomestic,Air Costa,2015,5,801,1221.0,629.0,61345.0,51616.0,63562.0,81.206,234.0,0.0,234.0,5038.0,275.0,0.0,5313.0,6721.0,79.051,2015-05-01,0.43218107122290517
ScheduledDomestic,Air Costa,2015,6,946,1359.0,685.0,65903.0,53277.41,67294.4,79.171,295.0,0.0,295.0,5195.08,352.15,0.0,5547.23,7071.33,78.447,2015-06-01,0.5016332404351878
ScheduledDomestic,Air Costa,2015,7,938,1356.0,689.12,68327.0,55519.0,67977.0,81.673,307.0,0.0,307.0,5451.0,347.9,0.0,5798.9,7152.3,81.077,2015-07-01,0.5062915395139626
ScheduledDomestic,Air Costa,2015,8,883,1282.5,666.28,62026.0,51422.0,66501.0,77.325,269.24,0.0,269.24,5040.0,304.0,0.0,5344.0,7038.0,75.931,2015-08-01,0.4604500393222819
ScheduledDomestic,Air Costa,2015,9,839,1230.0,636.0,59341.0,50220.0,63627.0,78.929,254.0,0.0,254.0,4943.0,292.0,0.0,5235.0,6649.0,78.734,2015-09-01,0.44702510334362217
ScheduledDomestic,Air Costa,2015,10,773,972.11,624.0,57942.0,50267.0,64091.0,78.431,170.27,0.0,170.27,4899.0,192.0,0.0,5091.0,6626.0,76.834,2015-10-01,0.41337012871105316
ScheduledDomestic,Air Costa,2015,11,628,813.0,499.0,45620.0,39962.0,51227.0,78.01,150.36,0.0,150.36,3918.5,184.0,0.0,4102.5,5425.93,75.609,2015-11-01,0.3129138202963778
ScheduledDomestic,Air Costa,2015,12,691,833.1,518.0,55444.0,45720.0,52518.0,87.056,159.48,0.0,159.48,4468.9,159.0,0.0,4627.9,5556.87,83.282,2015-12-01,0.36120472106896373
ScheduledDomestic,Air Costa,2016,1,765,903.36,561.0,58607.0,47775.0,56885.0,83.985,149.0,0.0,149.0,4677.0,173.0,0.0,4850.0,6004.0,80.779,2016-01-01,0.38451601186687256
ScheduledDomestic,Air Costa,2016,2,690,798.0,491.0,56760.0,44041.0,50590.0,87.055,150.922,0.0,150.922,4342.0,163.0,0.0,4505.0,5333.0,84.474,2016-02-01,0.38127004841645973
ScheduledDomestic,Air Costa,2016,3,608,775.43,483.0,54387.0,44391.0,54082.0,82.081,155.9,0.0,155.9,4354.27,173.1,0.0,4527.37,5742.0,78.847,2016-03-01,0.3470594106084155
ScheduledDomestic,Air Costa,2016,4,714,879.19,560.0,64459.0,52416.0,62393.0,84.009,207.0,0.0,207.0,5113.0,220.0,0.0,5333.0,6660.0,80.075,2016-04-01,0.40812643884846533
ScheduledDomestic,Air Costa,2016,5,714,906.417,563.0,65321.0,53773.46,62761.74,85.679,181.21,0.0,181.21,5467.59,186.07,0.0,5653.66,6684.36,84.58,2016-05-01,0.3787435577762365
ScheduledDomestic,Air Costa,2016,6,698,876.183,549.0,62187.0,49822.0,61124.0,81.51,219.8,0.0,219.8,5057.0,232.0,0.0,5289.0,6524.0,81.07,2016-06-01,0.39191226489329
ScheduledDomestic,Air Costa,2016,7,744,936.0,581.0,65239.0,52340.0,64771.0,80.808,244.01,0.0,244.01,5302.0,234.0,0.0,5536.0,6904.0,80.185,2016-07-01,0.38488036491276756
ScheduledDomestic,Air Costa,2016,8,721,885.933,550.0,55188.0,43382.0,61251.0,70.827,197.7,0.0,197.7,4246.0,194.0,0.0,4440.0,6531.0,67.983,2016-08-01,0.3304861430324481
ScheduledDomestic,Air Costa,2016,9,648,836.15,527.0,50799.0,43269.0,58697.0,73.716,179.7,0.0,179.7,4256.0,190.0,0.0,4446.0,6259.0,71.034,2016-09-01,0.3098011927580716
ScheduledDomestic,Air Costa,2016,10,657,911.266,611.0,51223.0,48181.0,68190.0,70.657,170.6,0.0,170.6,4676.0,223.0,0.0,4899.0,7229.0,67.769,2016-10-01,0.2964229138969066
ScheduledDomestic,Air Costa,2016,11,646,928.966,603.0,52240.0,49775.0,67134.0,74.143,149.2,0.0,149.2,4895.0,195.0,0.0,5090.0,7164.0,71.05,2016-11-01,0.2921211394603319
ScheduledDomestic,Air Costa,2016,12,582,824.833,538.0,49599.0,46128.0,59990.0,76.893,176.2,0.0,176.2,4508.0,216.0,0.0,4724.0,6402.0,73.789,2016-12-01,0.26060179421647806
ScheduledDomestic,Air Costa,2017,1,490,721.3,452.0,44092.0,41089.0,50652.0,81.12,153.2,0.0,153.2,4024.3,192.9,0.0,4217.2,5399.4,78.105,2017-01-01,0.23439777204098994
ScheduledDomestic,Air Costa,2017,2,440,577.717,371.0,40234.0,35228.0,41501.0,84.885,124.7,0.0,124.7,3462.0,146.0,0.0,3608.0,4387.2,82.239,2017-02-01,0.23673074569537672
ScheduledDomestic,Air Deccan,2017,12,37,36.0,11.856,252.0,84.538,213.408,39.613,0.0,0.0,0.0,19.355,0.0,0.0,19.355,,0.0,2017-12-01,0.0011496832896271192
ScheduledDomestic,Air Deccan,2018,1,120,81.2,38.0,1071.0,342.0,680.0,50.294,0.0,0.0,0.0,25.67,0.0,0.0,25.67,75.562,33.972,2018-01-01,0.004677627193025365
ScheduledDomestic,Air Deccan,2018,2,78,78.0,24.0,927.0,299.963,440.0,68.173,0.0,0.0,0.0,25.5,0.0,0.0,25.5,48.98,52.062,2018-02-01,0.004323610542221806
ScheduledDomestic,Air Deccan,2018,3,32,32.0,98.13,302.0,93.724,176.634,53.061,0.0,0.0,0.0,7.96,0.0,0.0,7.96,39.58,20.111,2018-03-01,0.0013079444284728936
ScheduledDomestic,Air Deccan,2018,4,78,68.0,25.265,468.0,158.983,454.77,34.959,0.0,0.0,0.0,79.6,0.0,0.0,79.6,341.0,23.343,2018-04-01,0.002039127190819954
ScheduledDomestic,Air Deccan,2018,5,172,160.0,50.254,1391.0,470.17,964.584,48.743,0.0,0.0,0.0,784.182,0.0,0.0,784.182,6846.0,11.455,2018-05-01,0.005884774839461143
ScheduledDomestic,Air Deccan,2018,6,75,67.24,25.04,573.0,201.467,450.72,44.699,0.0,0.0,0.0,286.5,0.0,0.0,286.5,3958.0,7.239,2018-06-01,0.002538017778880981
ScheduledDomestic,Air Deccan,2018,7,17,16.0,5.303,58.0,18.114,95.454,18.977,0.0,0.0,0.0,264.313,0.0,0.0,264.313,3958.0,6.678,2018-07-01,0.0002487557281367518
ScheduledDomestic,Air Deccan,2018,8,152,120.0,49.471,1374.0,442.647,845.597,52.347,0.0,0.0,0.0,3762.499,0.0,0.0,3762.499,22105.0,17.021,2018-08-01,0.006069324942646204
ScheduledDomestic,Air Deccan,2018,9,192,150.0,511.67,1268.0,377.093,887.363,42.496,0.0,0.0,0.0,12626.0,0.0,0.0,12626.0,32052.905,39.391,2018-09-01,0.005579165810871911
ScheduledDomestic,Air Deccan,2018,10,80,60.0,15.672,203.0,52.406,281.462,18.619,0.0,0.0,0.0,4454.51,0.0,0.0,4454.51,12626.0,35.28,2018-10-01,0.0008597773456208362
ScheduledDomestic,Air Deccan,2018,11,0,0.0,0.0,0.0,0.0,0.0,0.0,0.0,0.0,0.0,0.0,0.0,0.0,0.0,0.0,0.0,2018-11-01,0.0
ScheduledDomestic,Air Deccan,2018,12,0,0.0,0.0,0.0,0.0,0.0,0.0,0.0,0.0,0.0,0.0,0.0,0.0,0.0,0.0,0.0,2018-12-01,0.0
ScheduledDomestic,Air Deccan,2020,1,120,112.11,35.885,465.0,141.052,570.996,24.703,,,,,,,,,,2020-01-01,0.001823874016667149
ScheduledDomestic,Air Heritage,2019,1,36,25.0,12.249,307.0,103.721,302.94,34.238,0.0,0.0,0.0,7.779,0.0,0.0,7.779,9.071,85.756,2019-01-01,0.0012310456068313008
ScheduledDomestic,Air Heritage,2019,2,26,22.0,10.129,225.0,87.552,91.161,96.041,0.0,0.0,0.0,6.566,0.0,0.0,6.566,9.071,72.385,2019-02-01,0.0009936802817352996
ScheduledDomestic,Air Heritage,2019,9,63,48.0,28.665,520.0,236.6,257.985,91.711,0.0,0.0,0.0,17745.0,0.0,0.0,17745.0,194922.0,9.104,2019-09-01,0.002263217604281451
ScheduledDomestic,Air Heritage,2019,10,113,91.0,51.712,991.0,453.468,465.408,97.435,0.0,0.0,0.0,34010.1,0.0,0.0,34010.1,351641.6,9.672,2019-10-01,0.004034934142220232
ScheduledDomestic,Air Heritage,2019,11,30,31.0,13.76,238.0,109.17,123.84,88.154,0.0,0.0,0.0,8187.75,0.0,0.0,8187.75,93568.0,8.751,2019-11-01,0.0009217564339954617
ScheduledDomestic,Air Heritage,2019,12,127,108.15,58.225,1112.0,509.81,524.025,97.287,0.0,0.0,0.0,38235.75,0.0,0.0,38235.75,395930.0,9.657,2019-12-01,0.004283378457749556
ScheduledDomestic,Air Heritage,2020,1,100,98.0,45.874,792.0,363.44,412.866,88.029,,,,27258.0,,,27258.0,311943.2,8.738,2020-01-01,0.0031064692929040475
ScheduledDomestic,Air Heritage,2020,2,80,69.2,36.708,692.0,317.522,330.372,96.11,,,,23814.15,,,23814.15,249614.4,9.54,2020-02-01,0.002805898712733144
ScheduledDomestic,Air Heritage,2020,3,49,43.0,22.471,406.0,186.237,202.239,92.088,,,,13967.775,,,13967.775,152802.8,9.141,2020-03-01,0.002624218616284427
ScheduledDomestic,Air India,2015,1,8840,15537.0,10797.0,1104361.0,1074907.0,1300810.0,82.634,8711.0,1387.0,10098.0,98875.0,10414.0,1284.0,110573.0,148723.0,74.348,2015-01-01,8.882725384595215
ScheduledDomestic,Air India,2015,2,7974,14006.0,9682.0,1010005.0,972342.0,1163372.0,83.58,7689.0,1514.0,9203.0,89432.0,9265.0,1391.0,100088.0,132529.0,75.522,2015-02-01,8.432596751045095
ScheduledDomestic,Air India,2015,3,8804,15531.0,10689.0,996246.0,956765.0,1290697.0,74.128,8526.0,1545.0,10071.0,87808.0,10121.0,1446.0,99375.0,145869.0,68.126,2015-03-01,7.968876582663238
ScheduledDomestic,Air India,2015,4,8384,14863.0,10161.0,999526.0,970285.0,1232577.0,78.72,7906.0,1555.0,9461.0,89110.0,9276.0,1427.0,99813.0,139800.0,71.397,2015-04-01,7.643416043216181
ScheduledDomestic,Air India,2015,5,8600,15390.0,10358.0,1043708.0,1024659.0,1271688.0,80.575,7852.0,1501.0,9353.0,94171.0,9407.0,1405.0,104983.0,144354.0,72.726,2015-05-01,7.353017222005312
ScheduledDomestic,Air India,2015,6,8390,15099.0,8390.0,934155.0,913497.0,1239636.0,73.691,7124.0,1503.0,8627.0,83870.0,8580.0,1392.0,93842.0,140683.0,66.705,2015-06-01,7.110498759066094
ScheduledDomestic,Air India,2015,7,8755,15809.0,10609.0,1032276.0,1010073.0,1291584.0,78.204,7375.0,1460.0,8835.0,92767.0,9006.0,1380.0,103153.0,146125.0,70.592,2015-07-01,7.648990958820308
ScheduledDomestic,Air India,2015,8,8753,15650.0,10627.0,1058866.0,1029339.0,1292299.0,79.652,7200.0,1494.0,8694.0,94540.0,8723.0,1420.0,104683.0,145556.0,71.919,2015-08-01,7.860492234498877
ScheduledDomestic,Air India,2015,9,8364,14905.0,10020.0,990986.0,949092.0,1229233.0,77.21,6621.0,1319.0,7940.0,87202.0,7728.0,1254.0,96184.0,137704.0,69.848,2015-09-01,7.465253687367633
ScheduledDomestic,Air India,2015,10,8812,15867.0,10099.0,1015358.0,980553.0,1312039.0,74.735,7691.0,1451.0,9142.0,90069.0,9076.0,1395.0,100540.0,147105.0,68.346,2015-10-01,7.243772516443987
ScheduledDomestic,Air India,2015,11,8732,15816.0,9018.0,1119595.0,1071721.0,1307551.0,81.964,6770.0,1361.0,8131.0,98458.0,7871.0,1325.0,107654.0,145835.0,73.819,2015-11-01,7.679455252843558
ScheduledDomestic,Air India,2015,12,8857,16222.0,9241.0,1217671.0,1158949.0,1332934.0,86.947,6715.0,1305.0,8020.0,106565.0,7889.0,1255.0,115709.0,149161.0,77.573,2015-12-01,7.9328423978927605
ScheduledDomestic,Air India,2016,1,8964,16491.0,9364.0,1157645.0,1099577.0,1340661.0,82.018,6604.0,1236.0,7840.0,101107.0,7013.0,1217.0,109337.0,149600.0,73.086,2016-01-01,7.59521965904458
ScheduledDomestic,Air India,2016,2,8482,15485.0,8909.0,1085634.0,1015279.0,1266015.0,80.195,6260.0,1006.0,7266.0,93388.0,7199.0,985.0,101572.0,142113.0,71.473,2016-02-01,7.292454681863194
ScheduledDomestic,Air India,2016,3,9029,16452.0,9547.0,1086743.0,1026262.0,1351725.0,75.922,5287.0,1016.0,6303.0,92469.0,6244.0,997.0,99710.0,152513.0,65.378,2016-03-01,6.93482606253004
ScheduledDomestic,Air India,2016,4,9008,16248.0,9422.0,1117795.0,1059358.0,1337619.0,79.197,5215.0,955.0,6170.0,97357.0,6112.0,914.0,104383.0,149958.0,69.608,2016-04-01,7.077393268785125
ScheduledDomestic,Air India,2016,5,9390,17137.0,9826.0,1246137.0,1193980.0,1403744.0,85.057,5514.0,841.0,6355.0,109720.0,6625.0,785.0,117130.0,157421.0,74.406,2016-05-01,7.225338878103611
ScheduledDomestic,Air India,2016,6,8972,16245.0,9370.0,1156490.0,1116084.0,1352302.0,82.532,5254.0,876.0,6130.0,102537.0,6322.0,809.0,109668.0,152016.0,72.142,2016-06-01,7.288382060984465
ScheduledDomestic,Air India,2016,7,9218,16991.0,9597.0,1177504.0,1121939.0,1389369.0,80.752,5452.0,1025.0,6477.0,103067.0,6805.0,1139.0,111011.0,155885.0,71.213,2016-07-01,6.946736908999885
ScheduledDomestic,Air India,2016,8,9171,16844.0,9572.0,1134913.0,1075713.0,1378742.0,78.021,5545.0,946.0,6491.0,98847.0,6756.0,878.0,106481.0,155042.0,68.679,2016-08-01,6.796278539671392
ScheduledDomestic,Air India,2016,9,8885,16081.0,9247.0,1117959.0,1062026.0,1337813.0,79.385,4904.0,885.0,5789.0,97668.0,5973.0,817.0,104458.0,151047.0,69.156,2016-09-01,6.8179497953625265
ScheduledDomestic,Air India,2016,10,9117,16320.0,9518.0,1030490.0,980105.0,1363792.0,71.866,5770.0,866.0,6636.0,90168.0,6843.0,806.0,97817.0,153690.0,63.646,2016-10-01,5.96335334794181
ScheduledDomestic,Air India,2016,11,8887,16340.0,9171.0,1068768.0,1009057.0,1342581.0,75.158,4926.0,750.0,5676.0,92912.0,5766.0,706.0,99384.0,151160.0,65.748,2016-11-01,5.9764495784598015
ScheduledDomestic,Air India,2016,12,9524,17461.0,9819.0,1245063.0,1180309.0,1447515.0,81.54,5430.0,140.0,5570.0,108689.0,6373.0,128.0,115190.0,162969.0,70.682,2016-12-01,6.541778094569464
ScheduledDomestic,Air India,2017,1,9536,17701.0,9848.0,1265046.0,1207166.0,1476583.0,81.754,5161.0,888.0,6049.0,111202.0,6154.0,839.0,118195.0,166886.0,70.824,2017-01-01,6.725119385134858
ScheduledDomestic,Air India,2017,2,8445,15452.0,8776.0,1084609.0,1031172.0,1287531.0,80.089,4929.0,856.0,5785.0,95073.0,5888.0,811.0,101772.0,146617.0,69.414,2017-02-01,6.381674637319601
ScheduledDomestic,Air India,2017,3,9105,16518.0,9381.0,1089418.0,1046249.0,1399704.0,74.748,5702.0,1003.0,6705.0,96875.0,6688.0,986.0,104549.0,159191.0,65.675,2017-03-01,6.143599731296674
ScheduledDomestic,Air India,2017,4,8654,15815.0,8831.0,1086116.0,1048550.0,1328969.0,78.9,5057.0,887.0,5944.0,96940.0,5843.0,854.0,103637.0,150205.0,68.997,2017-04-01,6.066619561362107
ScheduledDomestic,Air India,2017,5,9539,17678.0,9789.0,1219997.0,1197696.0,1477502.0,81.062,5585.0,933.0,6518.0,110490.0,6597.0,909.0,117996.0,168475.0,70.038,2017-05-01,6.115887837349067
ScheduledDomestic,Air India,2017,6,9517,17660.0,9831.0,1149333.0,1138882.0,1479243.0,76.991,6039.0,942.0,6981.0,105021.0,7514.0,902.0,113437.0,169993.0,66.73,2017-06-01,6.138540854173223
ScheduledDomestic,Air India,2017,7,9914,18540.0,10496.0,1179933.0,1148303.0,1522211.0,75.437,6295.0,932.0,7227.0,105956.0,7854.0,890.0,114700.0,173914.0,65.952,2017-07-01,6.301745004208256
ScheduledDomestic,Air India,2017,8,9770,18117.0,10331.0,1176397.0,1133874.0,1490697.0,76.063,6873.0,889.0,7762.0,104621.0,8341.0,853.0,113815.0,170915.0,66.592,2017-08-01,6.220732828943635
ScheduledDomestic,Air India,2017,9,9465,17385.0,10003.0,1163026.0,1137188.0,1446119.0,78.637,7007.0,823.0,7830.0,115001.0,8428.0,817.0,124246.0,166426.0,74.655,2017-09-01,6.217191416896719
ScheduledDomestic,Air India,2017,10,9933,18337.0,10455.0,1216153.0,1173067.0,1530519.0,76.645,6780.0,802.0,7582.0,118589.0,8273.0,785.0,127647.0,175291.0,72.82,2017-10-01,5.965864829725421
ScheduledDomestic,Air India,2017,11,9410,17765.0,9895.0,1271612.0,1217645.0,1448256.0,84.077,6661.0,874.0,7535.0,122653.0,8141.0,830.0,131624.0,164584.0,79.974,2017-11-01,6.212100183483854
ScheduledDomestic,Air India,2017,12,9975,18695.0,10481.0,1298442.0,1253744.0,1532267.0,81.823,6987.0,845.0,7832.0,129339.0,8574.0,826.0,138739.0,175008.0,79.276,2017-12-01,5.923797896627049
ScheduledDomestic,Air India,2018,1,10159,19364.0,10810.0,1369342.0,1326153.0,1564583.0,84.761,6226.0,803.0,7029.0,133675.0,7418.0,786.0,141879.0,176697.0,80.295,2018-01-01,5.980645542251858
ScheduledDomestic,Air India,2018,2,9158,17631.0,9774.0,1259379.0,1225278.0,1408526.0,86.99,5421.6,781.0,6202.6,121764.6,6555.1,766.0,129085.7,156887.6,82.279,2018-02-01,5.873855794015918
ScheduledDomestic,Air India,2018,3,10242,19540.5,10943.3,1365653.0,1330262.2,1583041.7,84.032,6117.4,683.1,6800.5,132761.4,7349.4,680.4,140791.2,178164.8,79.023,2018-03-01,5.914563684030769
ScheduledDomestic,Air India,2018,4,9913,19068.8,10670.9,1345592.0,1318494.0,1562619.3,84.377,6254.5,691.823,6946.323,131151.8,7573.5,687.8,139413.1,178406.7,78.143,2018-04-01,5.86289152767052
ScheduledDomestic,Air India,2018,5,10291,19998.2,11072.5,1333851.0,1318502.8,1613888.6,81.697,6179.9,772.0,6951.9,134254.5,7330.1,792.9,142377.5,182530.8,78.002,2018-05-01,5.642999859374611
ScheduledDomestic,Air India,2018,6,9921,19060.0,10669.7,1238131.0,1228357.5,1509386.8,81.381,6097.1,690.4,6787.5,126159.9,7158.0,699.8,134017.7,167195.0,80.157,2018-06-01,5.484116039413069
ScheduledDomestic,Air India,2018,7,9631,18311.6,10386.2,1255241.0,1222820.3,1475555.1,82.872,6110.4,714.7,6825.1,123818.8,7130.5,729.608,131678.908,163759.9,80.41,2018-07-01,5.383592912794906
ScheduledDomestic,Air India,2018,8,9639,18228.93,10385.99,1265214.0,1239689.66,1491647.66,83.109,6345.444,787.423,7132.867,124916.16,7246.89,814.55,132977.6,164537.6,80.819,2018-08-01,5.588788128082369
ScheduledDomestic,Air India,2018,9,9180,17076.917,9917.133,1173238.0,1150285.403,1400900.399,82.11,6532.236,707.676,7239.912,114515.93,7493.843,716.91,122726.683,154295.885,79.54,2018-09-01,5.162215565943011
ScheduledDomestic,Air India,2018,10,10234,19104.35,11030.128,1276807.0,1254204.383,1579133.941,79.424,6676.385,729.448,7405.833,125970.92,7714.099,730.065,134415.084,173348.297,77.54,2018-10-01,5.407732676502971
ScheduledDomestic,Air India,2018,11,9822,14215.0,10664.017,1242223.0,1177788.474,1532219.67,76.868,5760.706,694.268,6454.974,123698.11,6564.798,685.94,130948.848,169183.375,77.401,2018-11-01,5.351398859572623
ScheduledDomestic,Air India,2018,12,10515,19972.0,11449.0,1372904.0,1313600.0,1649442.0,79.639,5705.285,742.357,6447.642,121065.0,6591.0,727.0,128383.0,180995.0,70.932,2018-12-01,5.426579529653015
ScheduledDomestic,Air India,2019,1,10378,19895.483,11299.762,1343960.0,1278677.705,1629893.95,78.452,5673.338,750.61,6423.948,117812.696,6776.848,799.835,125389.379,178332.445,70.312,2019-01-01,5.3891728135407
ScheduledDomestic,Air India,2019,2,9320,17775.0,10168.0,1286834.0,1235346.0,1470423.0,84.013,5283.335,750.443,6033.778,114024.0,6115.0,759.834,120898.834,160899.0,75.14,2019-02-01,5.683118096295834
ScheduledDomestic,Air India,2019,3,10247,18983.0,11230.325,1345336.0,1275956.51,1602803.247,79.608,6417.616,730.98,7148.596,117614.801,7354.363,698.98,125668.144,173696.369,72.349,2019-03-01,5.820026897815297
ScheduledDomestic,Air India,2019,4,10377,18942.0,11340.0,1344054.0,1314554.09,1600132.0,82.153,6220.91,803.55,7024.46,129226.58,7021.0,832.16,137079.74,171407.0,79.973,2019-04-01,6.127625655046042
ScheduledDomestic,Air India,2019,5,10757,19769.95,11797.213,1429384.0,1387334.975,1665629.506,83.292,6954.649,849.107,7803.756,127838.137,8035.592,809.657,136683.385,178631.813,76.517,2019-05-01,5.881392053111037
ScheduledDomestic,Air India,2019,6,10359,19353.95,11471.372,1354156.0,1331384.26,1629329.538,81.714,6208.216,673.313,6881.529,122445.191,7207.733,627.0,130279.924,174883.703,74.495,2019-06-01,5.647321605439488
ScheduledDomestic,Air India,2019,7,10171,19329.833,11282.545,1290205.0,1256187.75,1598272.599,78.597,6081.433,709.642,6791.075,115598.73,7099.34,659.097,123357.167,171919.695,71.753,2019-07-01,5.4375064270385725
ScheduledDomestic,Air India,2019,8,10302,19569.0,11398.0,1329262.0,1286024.847,1617731.572,79.496,5940.0,755.139,6695.139,118446.298,7051.0,714.398,126211.696,175400.944,71.956,2019-08-01,5.653195122590189
ScheduledDomestic,Air India,2019,9,10344,19591.1,11369.904,1301642.0,1257937.174,1609843.687,78.14,5936.375,684.226,6620.601,115853.436,7029.175,664.72,123547.331,174103.564,70.962,2019-09-01,5.6651905555233
ScheduledDomestic,Air India,2019,10,11262,21297.283,12334.074,1352701.0,1298576.881,1736752.187,74.77,6740.773,630.834,7371.607,119668.349,7963.502,573.196,128205.048,187680.749,68.31,2019-10-01,5.507628102033753
ScheduledDomestic,Air India,2019,11,10449,19997.0,11540.667,1377244.0,1331702.494,1627585.701,81.821,5913.44,755.928,6669.367,122828.274,6975.0,671.844,130475.118,177048.407,73.695,2019-11-01,5.333964362107755
ScheduledDomestic,Air India,2019,12,10377,20023.467,11598.632,1349814.0,1315463.7,1657785.173,79.351,7549.185,659.704,8208.889,121258.382,8935.823,579.024,130773.229,181318.724,72.123,2019-12-01,5.199428246015072
ScheduledDomestic,Air India,2020,1,10454,20091.433,11607.891,1285138.0,1246625.631,1628680.285,76.542,6797.764,751.95,7549.714,114918.919,7942.605,677.442,123538.965,176733.554,69.901,2020-01-01,5.040709260282982
ScheduledDomestic,Air India,2020,2,9921,18985.0,10979.711,1283574.0,1254070.047,1549757.843,80.92,6036.501,789.399,6825.9,115605.096,7294.375,735.633,123635.104,168441.627,73.399,2020-02-01,5.204593402164353
ScheduledDomestic,Air India,2020,3,7495,14102.067,8493.181,722474.0,722481.532,1157009.173,62.444,3971.54,368.946,4340.486,66449.44,4793.807,337.74,71580.987,125075.176,57.23,2020-03-01,4.669777636900186
ScheduledDomestic,Air India,2020,5,457,832.0,482.0,41595.0,39002.038,77788.0,50.139,199.904,12.214,212.118,3542.472,238.14,8.4,3789.012,9105.0,41.615,2020-05-01,7.469910242549845
ScheduledDomestic,Air India,2020,6,2211,4151.0,2425.0,197747.0,184473.0,354204.0,52.081,2050.843,,2050.843,16840.1,2467.44,,19307.54,37112.0,52.025,2020-06-01,5.1091725960235435
ScheduledDomestic,Air India,2020,7,2260,4147.167,2995.653,142583.0,142506.476,346488.378,41.129,1937.336,,1937.336,13022.576,2348.026,,15370.601,36508.464,42.101,2020-07-01,3.4628763807315797
ScheduledDomestic,Air India,2020,8,2589,4926.883,3533.723,224999.0,251564.875,421686.64,59.657,2378.491,,2378.491,22996.839,3054.847,,26051.685,44546.055,58.483,2020-08-01,3.9806655560855266
ScheduledDomestic,Air India,2020,9,3519,6869.067,4840.043,318320.0,358675.638,617835.674,58.054,3466.686,,3466.686,32788.118,4557.443,,37345.561,66265.316,56.358,2020-09-01,4.039914846027108
ScheduledDomestic,Air India,2020,10,4518,8688.667,6060.188,426369.0,471208.851,756541.355,62.285,3990.308,,3990.308,43075.004,5251.416,,48326.42,80351.413,60.144,2020-10-01,4.046247876134816
ScheduledDomestic,Air India,2020,11,5081,9988.3,6311.359,558588.0,613972.451,880142.182,69.758,3795.353,,3795.353,57574.961,4956.363,,62531.324,93120.95,67.151,2020-11-01,4.403469939483703
ScheduledDomestic,Air India,2020,12,5857,11809.467,7037.842,627009.0,686267.616,1035020.571,66.305,4102.809,,4102.809,64765.046,5407.811,,70172.857,110471.352,63.521,2020-12-01,4.2910177080299325
ScheduledDomestic,Air India,2021,1,6365,12779.167,7603.38,672139.0,729220.203,1111072.948,65.632,4039.192,,4039.192,68434.968,5240.458,,73675.426,119096.547,61.862,2021-01-01,4.362260388145309
ScheduledDomestic,Air India,2021,2,6285,12700.333,7426.432,786746.0,849666.055,1085916.366,78.244,4382.365,,4382.365,79530.394,5762.387,,85292.781,116358.163,73.302,2021-02-01,5.0463211987105465
ScheduledDomestic,Air India,2021,3,7102,14076.633,8371.057,785520.0,850171.134,1203236.619,70.657,5270.059,,5270.059,79670.468,7004.056,,86674.524,128131.758,67.645,2021-03-01,5.043590148587895
ScheduledDomestic,Air India,2021,4,6803,12807.033,8120.52,544067.0,575346.811,1101226.026,52.246,4703.39,,4703.39,53135.249,5893.682,,59028.931,118108.351,49.979,2021-04-01,4.816939870390694
ScheduledDomestic,Air India,2021,5,5384,9618.933,6656.445,321041.0,328374.717,829694.28,39.578,5785.727,,5785.727,30113.336,7384.741,,37498.077,87140.675,43.032,2021-05-01,7.878801711224067
ScheduledDomestic,Air India,2021,6,4172,7719.85,5128.166,376800.0,388957.213,658576.174,59.06,4736.458,,4736.458,35750.427,5901.147,,41651.574,68551.363,60.76,2021-06-01,6.220607711110223
ScheduledDomestic,Air India,2021,7,4940,9262.383,5822.601,489993.0,504753.36,778558.816,64.832,4795.274,,4795.274,46468.326,5949.367,,52417.693,81349.39,64.435,2021-07-01,5.002313347751091
ScheduledDomestic,Air India,2021,8,6042,11342.55,6978.357,648329.0,674729.318,980470.556,68.817,5544.456,,5544.456,62062.451,6903.299,,68965.75,105773.778,65.201,2021-08-01,4.95357160757793
ScheduledDomestic,Air India,2021,9,6113,11502.85,7091.216,598097.0,617156.063,969326.674,63.669,5622.974,3.745,5626.718,56727.361,6917.154,0.259,63644.773,103656.746,61.4,2021-09-01,4.339143844391906
ScheduledDomestic,Air India,2021,10,7405,14004.25,8435.191,859763.0,886480.416,1171554.486,75.667,6702.153,3.256,6705.408,81416.176,8380.933,0.2,89797.309,125820.858,71.369,2021-10-01,4.89383484605899
ScheduledDomestic,Air India,2021,11,7294,14167.317,8460.532,945717.0,991291.339,1220430.36,81.225,5864.177,1.179,5865.356,92707.234,7416.226,0.11,100123.569,133286.57,75.119,2021-11-01,4.515785818557775
ScheduledDomestic,Air India,2021,12,7810,15250.033,8982.624,935686.0,988332.989,1292699.302,76.455,6344.995,1.617,6346.612,90375.663,7965.549,0.139,98341.351,139557.153,70.467,2021-12-01,4.193614978882813
ScheduledDomestic,Air India,2022,1,7187,13566.233,8503.806,655809.0,703328.181,1188655.346,59.17,6286.143,2.141,6288.284,64240.722,7963.307,0.218,72204.247,127966.94,56.424,2022-01-01,5.115052790083392
ScheduledDomestic,Air India,2022,2,6512,12425.3,7710.059,855249.0,903923.032,1096856.84,82.41,6547.28,2.091,6549.371,82661.821,8253.134,0.212,90915.167,118348.594,76.82,2022-02-01,5.556643459870105
ScheduledDomestic,Air India,2022,3,7172,13607.6,8202.754,936381.0,986415.702,1179524.86,83.628,6459.101,0.948,6460.048,90234.026,8042.427,0.109,98276.562,126992.189,77.388,2022-03-01,4.408722064265444
ScheduledDomestic,Air India,2022,4,6716,12944.682,7647.907,826023.0,877610.752,1103321.694,79.543,4546.139,2.332,4548.471,80270.891,5470.565,0.198,85741.654,116198.135,73.789,2022-04-01,3.9151393940405086
ScheduledDomestic,Air India,2022,5,6667,13037.603,7705.679,822814.0,883040.33,1097018.386,80.495,4869.591,,4869.591,80726.755,5942.459,,86669.214,114267.217,75.848,2022-05-01,3.586677107433362
ScheduledDomestic,Air India,2022,6,6824,13487.567,7954.482,783479.0,860627.289,1141206.67,75.414,5240.444,,5240.444,78602.409,6289.084,,84891.492,118949.864,71.367,2022-06-01,3.7258739037267348
ScheduledDomestic,Air India,2022,7,7464,14501.033,8423.957,814028.0,868922.664,1222449.194,71.08,5690.948,,5690.948,79451.922,6864.931,,86316.853,128248.763,67.304,2022-07-01,4.193887356678571
ScheduledDomestic,Air India,2022,8,7591,14644.983,8537.161,861329.0,922831.956,1253390.366,73.627,5813.147,,5813.147,84386.156,7147.78,,91533.936,133291.55,68.672,2022-08-01,4.257370618201993
ScheduledDomestic,Air India,2022,9,7689,14766.164,8533.347,948637.0,1007718.242,1265488.756,79.631,6193.32,,6193.32,92155.588,7455.93,,99611.518,134196.998,74.228,2022-09-01,4.584190157510033
ScheduledDomestic,Air India,2022,10,7973,15282.317,8852.57,1037506.0,1083365.786,1310613.712,82.661,6279.284,,6279.284,99094.619,7488.258,0.0,106582.876,138122.321,77.166,2022-10-01,4.550074962873795
ScheduledDomestic,Air India,2022,11,7761,14921.85,8586.314,1062524.0,1099937.632,1283540.356,85.696,5898.761,0.0,5898.761,100660.063,7069.28,0.0,107729.343,136047.586,79.185,2022-11-01,4.54902829812729
ScheduledDomestic,Air India,2022,12,8239,15839.717,9084.041,1170659.0,1214284.998,1359169.002,89.34,6463.432,,6463.432,111167.831,7871.046,,119038.877,144637.341,82.302,2022-12-01,4.596063084990924
ScheduledDomestic,Air India,2023,1,8295,16310.467,9174.457,1154581.0,1199173.837,1370587.008,87.493,5669.738,333.683,6003.421,109723.909,7017.114,,116741.022,145502.104,80.233,2023-01-01,4.599547543037909
ScheduledDomestic,Air India,2023,2,7624,14934.633,8347.726,1076299.0,1117616.528,1256131.558,88.973,5381.191,440.614,5821.805,102259.437,6674.874,520.66,109454.972,133060.021,82.26,2023-02-01,4.459172289352698
ScheduledDomestic,Air India,2023,3,8434,16537.92,9248.764,1139044.0,1186788.756,1394183.05,85.124,6295.592,350.569,6646.161,108537.655,7897.613,388.061,116823.329,147556.578,79.172,2023-03-01,4.417228713716233
ScheduledDomestic,Air India,2023,4,8062,15384.75,8739.337,1112789.0,1168068.555,1328845.496,87.901,5842.513,341.525,6184.038,106810.817,7334.563,373.12,114518.5,142798.577,80.196,2023-04-01,4.317014278720183
ScheduledDomestic,Air India,2023,5,8763,16525.567,9412.968,1244034.0,1295355.337,1438816.354,90.029,7057.375,386.123,7443.498,118499.804,8932.405,426.617,127858.826,154946.658,82.518,2023-05-01,4.707192620776677
ScheduledDomestic,Air India,2023,6,8676,16441.104,9259.199,1212719.0,1254675.02,1421735.906,88.25,6885.03,429.118,7314.148,114795.602,8400.366,177.169,123373.137,153218.862,80.521,2023-06-01,4.856081330700004
ScheduledDomestic,Air India,2023,7,8958,17257.315,9527.615,1198026.0,1224824.835,1455026.202,84.179,6405.064,521.905,6926.969,111984.884,7861.228,551.538,120397.65,156178.979,77.09,2023-07-01,4.950508387169288
ScheduledDomestic,Air India,2023,8,9027,17161.633,9580.807,1211611.0,1236685.398,1462597.828,84.554,6831.592,649.095,7480.686,113062.854,8249.642,658.576,121971.072,156659.838,77.857,2023-08-01,4.876611498990595
ScheduledDomestic,Air India,2023,9,8622,16786.967,9263.917,1174442.0,1200419.376,1413616.802,84.918,7037.924,530.816,7568.739,109760.03,8545.755,540.654,118846.439,150748.446,78.838,2023-09-01,4.7949916339697
ScheduledDomestic,Air India,2023,10,8776,16890.483,9449.095,1222165.0,1263861.645,1470628.264,85.94,7505.039,546.353,8051.392,115558.853,9020.745,539.729,125119.328,157501.521,79.44,2023-10-01,4.835759881779655
ScheduledDomestic,Air India,2023,11,8306,16247.067,8888.424,1189143.0,1224911.359,1434987.478,85.36,7206.43,586.181,7792.611,112056.844,9072.625,604.818,121734.287,155667.002,78.202,2023-11-01,4.668654146075104
ScheduledDomestic,Air India,2023,12,8981,17744.533,9556.782,1339630.0,1374497.465,1553528.63,88.476,7141.111,658.688,7799.799,125741.861,8970.393,731.457,135443.711,169863.163,79.737,2023-12-01,4.854663416574427
ScheduledDomestic,Air India,2024,1,8932,17594.667,9445.749,1336709.0,1355378.453,1537646.658,88.146,6753.276,638.335,7391.61,123977.593,8556.38,660.896,133194.869,169915.283,78.389,2024-01-01,5.089664224542884
ScheduledDomestic,Air India,2024,2,8683,17014.717,9308.26,1332374.0,1337410.882,1515858.63,88.228,7608.271,778.261,8386.532,122335.519,9762.757,872.333,132970.609,171173.907,77.682,2024-02-01,5.267422168800217
ScheduledDomestic,Air India,2024,3,9405,18150.267,10092.625,1409012.0,1398790.812,1640186.696,85.282,7749.974,606.631,8356.605,127909.976,9720.11,608.431,138238.516,186809.303,74.0,2024-03-01,5.270302498573402
ScheduledDomestic,Air India,2024,4,9400,18099.135,9846.047,1458158.0,1405515.443,1654168.442,84.968,7261.695,563.093,7824.788,140838.329,8902.385,560.145,150300.859,179966.669,83.516,2024-04-01,5.523305672827856
ScheduledDomestic,Air India,2024,5,9761,18717.6,10128.991,1564289.0,1533842.581,1751077.87,87.594,8393.479,380.678,8774.158,153384.352,10445.065,396.017,164225.434,207598.392,79.107,2024-05-01,5.669644323092334
ScheduledDomestic,Air India,2024,6,9752,19034.904,10140.077,1498868.0,1477167.409,1754472.726,84.194,8261.212,434.948,8696.16,147716.741,10283.591,485.679,158486.011,175282.174,90.418,2024-06-01,5.675024693642837
ScheduledDomestic,Air India,2024,7,10253,20433.047,10590.406,1542638.0,1524210.296,1852261.342,82.289,9693.496,256.711,9950.206,152421.03,12351.121,280.112,165052.263,180721.522,91.33,2024-07-01,5.939571565145977
ScheduledDomestic,Air India,2024,8,10289,20390.499,10753.269,1521012.0,1514311.37,1868072.066,81.063,9347.599,214.355,9561.954,151431.137,11832.944,211.752,163475.832,179295.882,91.177,2024-08-01,5.791816566658028
ScheduledDomestic,Air India,2024,9,9851,19624.696,10412.698,1451744.0,1469559.642,1808376.714,81.264,9181.649,53.388,9235.037,133020.518,11714.803,48.81,144784.131,171557.113,84.394,2024-09-01,5.57191431924378
ScheduledDomestic,Air India,2024,10,10121,20001.328,10607.367,1471093.0,1482286.454,1846175.46,80.29,11226.876,5.167,11232.043,133788.788,14190.388,4.879,147984.054,176675.755,83.76,2024-10-01,5.385780958063637
ScheduledDomestic,Air India,2024,11,14897,30176.159,16119.726,2251104.0,2345562.181,2694216.436,87.059,10854.092,708.065,11562.157,213962.006,13812.397,732.483,228506.886,254918.65,89.639,2024-11-01,7.898463088338141
ScheduledDomestic,Air India,2024,12,17960,36808.505,18855.672,2604182.0,2756865.649,3293117.682,83.716,13136.571,757.748,13894.319,249073.077,17026.314,767.466,266866.857,309319.13,86.276,2024-12-01,8.723437582069618
ScheduledDomestic,Air India,2025,1,16899,34638.102,17697.323,2422796.0,2542896.321,3031554.584,83.88,12069.041,799.149,12868.19,231177.955,15339.843,807.244,247325.041,286389.173,86.36,2025-01-01,8.239464788948897
ScheduledDomestic,Air India,2025,2,16212,33108.807,16805.956,2406210.0,2519192.45,2879576.636,87.48,11879.187,851.782,12730.969,224790.077,15124.407,895.128,240809.612,268770.217,89.6,2025-02-01,8.52148192849167
ScheduledDomestic,Air India,2025,3,16855,34314.239,17552.128,2303093.0,2413939.142,3002343.897,80.4,13706.921,777.508,14484.428,214012.802,17335.493,756.742,232105.037,277373.875,83.68,2025-03-01,7.918936062554524
ScheduledDomestic,Air India,2025,4,15882,33038.442,16573.981,2180617.0,2301209.657,2798619.482,82.23,12644.753,735.331,13380.084,205463.939,16009.628,721.485,222195.052,261443.103,84.99,2025-04-01,7.616711590221177
ScheduledDomestic,Air India,2025,5,16010,33438.738,16983.348,2093391.0,2250087.387,2871854.984,78.35,15081.058,810.136,15891.194,202039.97,19401.435,832.065,222273.469,267992.804,82.94,2025-05-01,7.447233063893223
ScheduledDomestic,Air India,2025,6,15545,32259.855,16298.526,2098185.0,2231136.864,2745113.339,81.28,21580.432,685.832,22266.265,199715.315,27479.992,688.662,227883.969,255913.747,89.05,2025-06-01,7.711470451427458
ScheduledDomestic,Air India,2025,7,14105,29684.665,15177.67,1870732.0,1992242.171,2537146.645,78.52,20605.506,806.99,21412.496,177669.315,26500.298,806.61,204976.223,235655.662,86.98,2025-07-01,7.420411331349832
ScheduledDomestic,Air India,2025,8,14249,34771.38,16175.296,1986947.0,2362940.189,2885312.806,81.9,19267.268,746.055,20013.323,211078.853,25345.508,776.573,237200.935,270515.711,87.68,2025-08-01,7.672417567964876
ScheduledDomestic,Air India,2025,9,14747,31354.28,16088.854,2008330.0,2202882.259,2778933.318,79.27,25280.247,800.459,26080.706,194534.408,33022.646,833.415,228390.469,273208.977,83.6,2025-09-01,7.942118430272026
ScheduledDomestic,Air India,2025,10,15738,33034.14,17069.192,2056159.0,2210844.42,2929679.18,75.46,26649.528,695.788,27345.317,196556.823,34509.218,711.612,231777.653,287614.457,80.59,2025-10-01,7.328718356178681
ScheduledDomestic,Air India,2025,11,15602,32697.83,16845.158,2357226.0,2540645.968,2851995.334,89.08,27492.176,707.514,28199.69,225711.723,35835.705,719.82,262267.248,286286.726,91.61,2025-11-01,7.735383495816599
ScheduledDomestic,Air India,2025,12,15551,32452.94,16685.51,2389728.0,2544302.838,2829741.296,89.91,28912.728,807.802,29720.531,232428.025,37838.945,789.824,271056.793,293892.281,92.23,2025-12-01,8.351905915660755
ScheduledDomestic,Air India,2026,1,15435,32663.45,16604.5,2297474.0,2427786.768,2804433.74,86.57,28046.533,702.431,28748.965,218449.539,36099.418,737.899,255286.855,283950.488,89.91,2026-01-01,7.534090876297977
ScheduledDomestic,Air India,2026,2,14477,30441.03,15581.846,2188779.0,2321263.226,2626892.405,88.37,33485.191,966.376,34451.567,206942.17,43718.647,1000.632,251661.449,274499.886,91.68,2026-02-01,7.781111894870368
ScheduledDomestic,Air India,2026,3,15759,32658.22,16826.421,2168434.0,2302689.77,2822560.032,81.58,36734.939,884.573,37619.512,205952.561,48575.741,887.484,255415.786,295078.647,86.56,2026-03-01,7.545092739440898
ScheduledDomestic,Air India,2026,4,15082,31209.58,16082.114,1949625.0,2067622.633,2692521.491,76.79,17766.24,988.757,18754.996,184229.158,22332.705,1056.346,207618.209,255303.971,81.32,2026-04-01,7.0562829066995905
ScheduledDomestic,Air India Express,2015,1,71,122.0,60.0,14633.0,9403.0,11163.0,84.234,0.0,0.0,0.0,979.1,5.53,0.02,984.65,1586.71,62.056,2015-01-01,0.11769785473480299
ScheduledDomestic,Air India Express,2015,2,63,120.0,60.0,12083.0,7728.0,11162.0,69.235,0.0,0.0,0.0,839.56,6.67,0.01,846.24,1503.21,56.296,2015-02-01,0.10088174468728163
ScheduledDomestic,Air India Express,2015,3,58,92.0,45.0,8430.0,4697.0,8344.0,56.292,0.0,0.0,0.0,588.94,7.24,0.02,596.2,1314.56,45.354,2015-03-01,0.06743076468246909
ScheduledDomestic,Air India Express,2015,4,55,108.0,54.0,13226.0,7467.0,10017.0,74.543,0.0,0.0,0.0,846.63,8.04,0.02,854.69,1415.69,60.373,2015-04-01,0.10113976083421261
ScheduledDomestic,Air India Express,2015,5,66,117.85,60.0,18674.0,10396.0,11080.0,93.827,0.0,0.0,0.0,1115.82,6.76,0.02,1122.6,1138.72,98.584,2015-05-01,0.13156001832287115
ScheduledDomestic,Air India Express,2015,6,68,121.35,61.0,15851.0,9663.0,11351.0,85.129,0.0,0.0,0.0,1037.7,18.45,0.01,1056.16,1529.52,69.052,2015-06-01,0.1206529064555204
ScheduledDomestic,Air India Express,2015,7,11,116.0,59.0,13999.0,8506.0,10883.0,78.159,27.91,0.0,27.91,936.41,6.74,0.02,943.17,1502.83,62.76,2015-07-01,0.1037302276063044
ScheduledDomestic,Air India Express,2015,8,64,113.18,57.0,17014.0,9519.0,10597.0,89.827,30.31,0.0,30.31,1032.79,10.43,0.0,1043.22,1471.3,70.905,2015-08-01,0.1263034367689244
ScheduledDomestic,Air India Express,2015,9,66,117.35,59.0,15460.0,9054.0,10967.0,82.557,32.4,0.0,32.4,960.8,8.85,0.0,969.65,1525.97,63.543,2015-09-01,0.11646261602757618
ScheduledDomestic,Air India Express,2015,10,43,68.0,33.0,11644.0,4750.0,6110.0,77.741,32.75,0.0,32.75,592.85,6.86,0.0,599.71,1055.56,56.814,2015-10-01,0.08307068756189814
ScheduledDomestic,Air India Express,2015,11,36,56.0,27.0,9807.0,4033.0,4981.0,80.968,23.49,0.0,23.49,549.78,4.74,0.01,554.53,948.4,58.47,2015-11-01,0.06726755448589604
ScheduledDomestic,Air India Express,2015,12,56,97.0,48.0,10568.0,5532.0,8886.0,62.255,19.9,0.0,19.9,633.7,6.09,0.02,639.81,1211.86,52.796,2015-12-01,0.0688480537525577
ScheduledDomestic,Air India Express,2016,1,169,170.0,54.0,9535.0,6248.0,10027.0,62.312,23.86,0.076,23.936,507.62,5.46,0.01,513.09,1029.48,49.84,2016-01-01,0.06255840041549013
ScheduledDomestic,Air India Express,2016,2,144,130.0,35.0,6724.0,3444.0,6438.0,53.495,28.75,0.08,28.83,283.16,6.03,0.02,289.21,600.55,48.158,2016-02-01,0.0451666632408787
ScheduledDomestic,Air India Express,2016,3,156,141.0,38.0,6715.0,3883.0,7105.0,54.652,19.52,0.06,19.58,284.44,3.54,0.08,288.06,591.45,48.704,2016-03-01,0.042850385978919776
ScheduledDomestic,Air India Express,2016,4,146,126.0,35.12,6740.0,3631.0,6533.0,55.579,21.66,0.06,21.72,301.84,5.44,0.01,307.29,621.36,49.454,2016-04-01,0.04267475756432238
ScheduledDomestic,Air India Express,2016,5,170,181.0,68.94,12727.0,9490.0,12822.0,74.013,26.51,0.06,26.57,755.11,4.85,0.01,759.97,1170.54,64.925,2016-05-01,0.07379356194513498
ScheduledDomestic,Air India Express,2016,6,145,125.0,34.91,7897.0,4344.0,6492.0,66.913,146.86,0.0,146.86,328.39,5.24,0.0,333.63,555.37,60.073,2016-06-01,0.049768137325523196
ScheduledDomestic,Air India Express,2016,7,150,130.0,35.99,7740.0,4799.0,6693.0,71.702,36.16,0.0,36.16,381.58,5.66,0.0,387.24,584.39,66.264,2016-07-01,0.0456624722087221
ScheduledDomestic,Air India Express,2016,8,152,132.0,37.49,9139.0,4870.0,6973.0,69.841,28.95,0.0,28.95,377.7,4.41,0.0,382.11,578.68,66.031,2016-08-01,0.054727710030686806
ScheduledDomestic,Air India Express,2016,9,146,126.0,35.12,9666.0,4889.0,6533.0,74.835,22.02,0.06,22.08,424.62,4.14,0.09,428.85,619.39,69.237,2016-09-01,0.05894876531426839
ScheduledDomestic,Air India Express,2016,10,192,175.0,57.1,11707.0,5751.45,10620.23,54.156,22.02,0.06,22.08,424.62,4.14,0.09,428.85,619.39,69.237,2016-10-01,0.06774736061907906
ScheduledDomestic,Air India Express,2016,11,205,187.0,66.8,13865.0,6765.65,12423.87,54.457,22.02,0.06,22.08,424.62,4.14,0.09,428.85,619.39,69.237,2016-11-01,0.07753176873310685
ScheduledDomestic,Air India Express,2016,12,167,140.0,42.15,10308.0,5164.98,7839.34,65.885,22.02,0.06,22.08,424.62,4.14,0.09,428.85,619.39,69.237,2016-12-01,0.05416002933090297
ScheduledDomestic,Air India Express,2017,1,211,145.0,54.16,9970.0,5133.69,10073.2,50.964,56.96,0.0,56.96,402.66,8.84,0.0,411.5,850.98,48.356,2017-01-01,0.05300158276441689
ScheduledDomestic,Air India Express,2017,2,165,145.0,46.49,6105.0,3484.76,8646.21,40.304,45.22,0.0,45.22,513.88,6.61,0.0,520.49,1084.32,48.002,2017-02-01,0.03592089283865076
ScheduledDomestic,Air India Express,2017,3,156,136.0,41.31,5017.0,2931.6,7682.92,38.157,51.76,0.0,51.76,231.62,7.11,0.0,238.73,785.23,30.403,2017-03-01,0.028292574431407792
ScheduledDomestic,Air India Express,2017,4,150,194.0,38.27,6895.0,3327.27,7118.59,46.741,34.11,0.0,34.11,572.0,4.8,0.0,576.8,1064.77,54.171,2017-04-01,0.03851277568472587
ScheduledDomestic,Air India Express,2017,5,150,136.0,40.4,7818.0,3867.73,7515.14,51.466,17.83,0.0,17.83,163.07,2.44,0.0,165.51,445.88,37.12,2017-05-01,0.03919190876075515
ScheduledDomestic,Air India Express,2017,6,151,137.0,40.39,4174.0,2724.44,7512.35,36.266,40.67,0.0,40.67,194.7,5.59,0.0,200.29,781.9,25.616,2017-06-01,0.02229316440519765
ScheduledDomestic,Air India Express,2017,7,159,143.0,42.0,4723.0,3153.57,7811.44,40.371,45.07,0.0,45.07,245.48,6.32,0.0,251.8,688.18,36.589,2017-07-01,0.02522443363722821
ScheduledDomestic,Air India Express,2017,8,168,149.0,37.78,5224.0,3213.61,7027.82,45.727,55.36,0.0,55.36,255.06,7.76,0.0,262.82,736.2,35.7,2017-08-01,0.0276242699517268
ScheduledDomestic,Air India Express,2017,9,181,219.0,91.72,9559.0,9650.35,17058.99,56.57,37.9,0.0,37.9,758.86,5.92,0.0,764.78,1535.06,49.821,2017-09-01,0.05109957365881393
ScheduledDomestic,Air India Express,2017,10,208,316.0,144.23,13660.0,16565.789,26826.84,61.751,48.96,0.0,48.96,1281.63,7.27,0.0,1288.9,2262.31,56.973,2017-10-01,0.0670094252730119
ScheduledDomestic,Air India Express,2017,11,189,268.0,130.06,10515.0,13746.754,24190.97,56.826,51.76,0.0,51.76,994.55,11.28,0.0,1005.83,2015.94,49.894,2017-11-01,0.051368053643196764
ScheduledDomestic,Air India Express,2017,12,214,327.0,165.8,15888.0,19565.912,30838.0,63.447,50.48,0.0,50.48,1608.42,10.78,0.0,1619.2,2837.29,57.069,2017-12-01,0.0724847940698241
ScheduledDomestic,Air India Express,2018,1,211,307.0,176.02,16417.0,20280.397,32739.72,61.944,115.66,0.18,115.84,3623.42,42.12,0.35,3665.89,6597.87,55.562,2018-01-01,0.0717017792977567
ScheduledDomestic,Air India Express,2018,2,216,335.0,170.34,16920.0,21403.301,31683.98,67.552,54.8,0.001,54.801,1748.4,14.37,0.0,1762.77,3022.44,58.323,2018-02-01,0.07891638659589316
ScheduledDomestic,Air India Express,2018,3,243,372.8,187.17,18994.0,25180.8,34812.9,72.332,49.75,0.0,49.75,2039.47,10.99,0.0,2050.46,3352.81,61.156,2018-03-01,0.08226190885567596
ScheduledDomestic,Air India Express,2018,4,250,372.7,184.61,18590.0,22784.464,34336.716,66.356,21.339,0.029,21.368,1041.64,7.31,0.06,1049.01,1926.29,54.458,2018-04-01,0.08099866341312595
ScheduledDomestic,Air India Express,2018,5,240,336.9,186.5,17789.0,25441.6,34689.2,73.342,32.0,0.003,32.003,1980.8,12.4,0.0,1993.2,3124.7,63.789,2018-05-01,0.0752582743487953
ScheduledDomestic,Air India Express,2018,6,251,372.83,178.4,13637.0,21642.1,33181.8,65.223,11.5,0.0,11.5,1807.32,6.58,0.0,1813.9,3206.78,56.565,2018-06-01,0.06040305139720758
ScheduledDomestic,Air India Express,2018,7,252,396.67,178.74,14499.0,20645.0,33245.0,62.1,13.08,0.0,13.08,1674.98,15.64,0.0,1690.62,3122.13,54.15,2018-07-01,0.06218464314232354
ScheduledDomestic,Air India Express,2018,8,203,330.83,169.94,16703.0,21767.81,31609.21,68.865,7.577,0.0,7.577,1744.86,7.31,0.0,1752.17,2937.9,59.64,2018-08-01,0.07378161172999967
ScheduledDomestic,Air India Express,2018,9,226,360.67,181.05,15855.0,22424.954,33675.858,66.591,8.89,0.0,8.89,1813.222,5.455,0.0,1818.677,3118.477,58.319,2018-09-01,0.06976157250108371
ScheduledDomestic,Air India Express,2018,10,263,391.17,174.7,15386.0,18625.76,32494.01,57.321,47.14,0.047,47.187,1759.35,13.82,0.0,1773.17,3737.35,47.445,2018-10-01,0.06516519329912407
ScheduledDomestic,Air India Express,2018,11,292,431.82,199.112,17038.0,22344.562,37034.832,60.334,53.253,0.005,53.258,1806.4,11.26,0.0,1817.66,3567.22,50.955,2018-11-01,0.07339836226619403
ScheduledDomestic,Air India Express,2018,12,300,446.48,208.02,19040.0,25437.0,38692.0,65.742,63.139,0.02,63.159,2150.43,13.52,0.002,2163.952,3709.06,58.342,2018-12-01,0.07525804735407093
ScheduledDomestic,Air India Express,2019,1,294,440.57,204.16,18115.0,24981.0,37974.0,65.784,48.56,0.0,48.56,2083.67,7.92,0.0,2091.59,3748.94,55.792,2019-01-01,0.07263971064413358
ScheduledDomestic,Air India Express,2019,2,256,380.87,173.76,14354.0,20106.0,32319.0,62.211,63.841,0.0,63.841,1666.12,8.67,0.0,1674.79,3211.27,52.154,2019-02-01,0.0633923856179044
ScheduledDomestic,Air India Express,2019,3,277,401.04,188.33,13074.0,19537.0,35030.0,55.772,64.213,0.103,64.316,1590.79,12.13,0.2,1603.12,3383.82,47.376,2019-03-01,0.05655912847202274
ScheduledDomestic,Air India Express,2019,4,276,417.13,196.12,17066.0,23536.19,36477.58,64.522,41.3,0.008,41.308,1950.67,13.82,0.02,1964.51,3614.58,54.35,2019-04-01,0.07780495384040803
ScheduledDomestic,Air India Express,2019,5,291,442.96,203.858,15861.0,23121.102,37917.588,60.977,49.994,0.006,50.0,1865.167,12.064,0.012,1877.243,3722.075,50.435,2019-05-01,0.06526221040279881
ScheduledDomestic,Air India Express,2019,6,287,431.93,203.858,14298.0,21996.223,37917.588,58.011,82.442,0.115,82.557,1858.445,25.026,0.226,1883.697,3720.299,50.633,2019-06-01,0.05962784517778881
ScheduledDomestic,Air India Express,2019,7,293,456.62,206.207,12757.0,19534.966,38354.502,50.933,84.13,0.0,84.13,1667.926,19.82,0.0,1687.746,2237.624,75.426,2019-07-01,0.05376375807699635
ScheduledDomestic,Air India Express,2019,8,298,456.68,201.921,14903.0,22263.227,37557.306,59.278,49.119,0.004,49.123,1881.3,12.482,0.008,1893.791,2405.22,78.737,2019-08-01,0.06338070817638779
ScheduledDomestic,Air India Express,2019,9,286,436.99,196.775,13572.0,19985.596,36600.15,54.605,60.568,0.0,60.568,1698.671,13.705,0.0,1712.375,2244.218,76.302,2019-09-01,0.05906997947174586
ScheduledDomestic,Air India Express,2019,10,220,196.08,352.08,14043.0,21771.7,36470.88,59.696,89.61,0.0,89.61,1823.701,35.089,0.0,1858.79,3594.534,51.712,2019-10-01,0.05717717473178478
ScheduledDomestic,Air India Express,2019,11,286,433.19,198.016,16085.0,24318.41,36830.976,66.027,82.28,0.0,82.28,1942.549,26.681,0.0,1969.23,3535.497,55.699,2019-11-01,0.062296017818558834
ScheduledDomestic,Air India Express,2019,12,294,451.9,203.375,17955.0,27961.69,37827.75,73.918,76.325,0.0,76.325,2261.532,26.326,0.0,2287.858,3644.978,62.767,2019-12-01,0.06916192464828531
ScheduledDomestic,Air India Express,2020,1,293,448.96,203.85,15335.0,24825.521,37916.1,65.475,68.884,,68.884,2086.43,19.497,,2105.928,3749.451,56.166,2020-01-01,0.060148619452883294
ScheduledDomestic,Air India Express,2020,2,275,420.01,190.986,15345.0,24892.086,35523.396,70.072,90.626,0.003,90.629,2006.681,35.805,0.0,2042.486,3389.356,60.262,2020-02-01,0.06222039847816488
ScheduledDomestic,Air India Express,2020,3,200,313.25,146.686,10072.0,15576.903,27283.596,57.093,68.282,0.004,68.286,1249.28,15.459,0.008,1264.747,1270.559,99.543,2020-03-01,0.06510130518033683
ScheduledDomestic,Air India Express,2020,5,29,46.21,23.05,332.0,624.0,4288.0,14.552,0.003,,0.003,33.52,,,33.52,33.8,99.172,2020-05-01,0.05962279602179465
ScheduledDomestic,Air India Express,2020,6,67,162.9,89.306,3244.0,5217.326,16610.916,31.409,6.379,,6.379,404.013,10.514,,414.527,492.076,84.24,2020-06-01,0.08381495497529862
ScheduledDomestic,Air India Express,2020,7,53,135.77,77.218,1732.0,2729.504,14362.548,19.004,3.757,,3.757,194.602,6.826,,201.428,249.292,80.8,2020-07-01,0.04206463527508256
ScheduledDomestic,Air India Express,2020,8,29,65.63,35.542,1361.0,1990.216,14362.548,13.857,3.641,,3.641,148.228,4.822,,153.051,185.64,82.445,2020-08-01,0.02407871066908032
ScheduledDomestic,Air India Express,2020,9,26,70.02,40.096,999.0,1579.158,7457.856,21.174,3.439,,3.439,128.138,6.129,,134.267,162.99,82.378,2020-09-01,0.012678672188932776
ScheduledDomestic,Air India Express,2020,10,38,102.7,60.658,1786.0,3096.958,11282.388,27.449,18.422,,18.422,261.181,34.813,,295.995,347.191,85.254,2020-10-01,0.016949165410188784
ScheduledDomestic,Air India Express,2020,11,66,182.08,106.868,3990.0,6851.065,19877.448,34.467,65.084,0.062,65.146,513.604,125.203,0.12,638.927,735.83,86.831,2020-11-01,0.031454032414838795
ScheduledDomestic,Air India Express,2020,12,55,151.54,89.246,3834.0,6301.654,16599.756,37.962,25.053,0.043,25.096,494.252,43.405,0.083,537.74,642.909,83.642,2020-12-01,0.026238478064249098
ScheduledDomestic,Air India Express,2021,1,44,131.21,78.368,3075.0,5566.496,14576.448,38.188,9.963,,9.963,1230.635,9.53,,1240.166,1433.966,86.485,2021-01-01,0.01995710811833092
ScheduledDomestic,Air India Express,2021,2,28,84.95,50.048,1712.0,3138.0,9309.0,33.709,6.267,,6.267,234.627,12.924,,247.551,297.749,83.141,2021-02-01,0.010981056010697807
ScheduledDomestic,Air India Express,2021,3,16,50.04,29.683,689.0,1306.0,5521.0,23.655,7.257,,7.257,125.995,15.005,,141.0,175.772,80.217,2021-03-01,0.004423863953021004
ScheduledDomestic,Air India Express,2021,10,4,12.28,3.884,271.0,518.514,722.424,71.774,1.96,,1.96,75.592,3.335,0.0,78.927,104.969,75.191,2021-10-01,0.0015425521257392866
ScheduledDomestic,Air India Express,2021,11,76,202.91,118.582,7517.0,11480.755,22056.252,52.052,17.082,0.507,17.589,896.474,33.402,0.984,930.859,1111.574,83.742,2021-11-01,0.03589357281099821
ScheduledDomestic,Air India Express,2021,12,70,183.71,106.12,7314.0,10888.549,19738.32,55.165,16.541,1.826,18.367,723.395,32.19,3.542,759.128,873.405,86.916,2021-12-01,0.03278033438092362
ScheduledDomestic,Air India Express,2022,1,36,95.46,56.502,2514.0,3934.142,10509.372,37.435,6.779,0.911,7.69,270.376,13.226,1.767,285.37,334.319,85.358,2022-01-01,0.019608213236277098
ScheduledDomestic,Air India Express,2022,3,4,5.93,2.848,277.0,190.816,529.728,36.022,,,,14.381,0.0,0.0,14.381,16.009,89.833,2022-03-01,0.0013041870902992774
ScheduledDomestic,Air India Express,2022,4,26,40.3,18.512,2372.0,1681.032,3443.232,48.821,,,,98.553,0.0,0.0,98.553,110.894,88.871,2022-04-01,0.01124267804003531
ScheduledDomestic,Air India Express,2022,5,26,41.59,18.512,3227.0,2287.656,3443.232,66.439,,,,146.82,0.0,0.0,146.82,167.149,87.838,2022-05-01,0.014066614114110188
ScheduledDomestic,Air India Express,2022,6,22,34.417,15.664,1912.0,1346.392,2913.504,46.212,0.0,,0.0,43.398,0.0,0.0,43.398,49.867,87.027,2022-06-01,0.009092612442612395
ScheduledDomestic,Air India Express,2022,10,8,12.2,5.696,972.0,684.944,1059.456,64.651,0.0,,0.0,45308.12,10455.72,,55763.84,103453.6,53.902,2022-10-01,0.004262792565935358
ScheduledDomestic,Air India Express,2023,9,173,316.47,147.22,23727.0,20893.17,27382.66,76.301,3.597,,3.597,280.79,4.25,0.0,285.04,375.38,75.934,2023-09-01,0.09687218823849886
ScheduledDomestic,Air India Express,2023,10,731,1223.0,571.028,106111.0,87592.316,106211.14,82.47,40.21,,40.21,7157.987,26.171,0.0,7184.158,9899.61,72.57,2023-10-01,0.4198510976959092
ScheduledDomestic,Air India Express,2023,11,1036,1854.817,4.061,145064.0,137357.158,170747.759,80.444,265.631,,265.631,10301.787,182.084,,10483.871,18776.9,55.834,2023-11-01,0.569530868067372
ScheduledDomestic,Air India Express,2023,12,1398,2481.0,1194.0,204851.0,184082.959,220696.393,83.41,258.004,,258.004,13806.222,325.327,0.0,14131.549,24399.9,57.916,2023-12-01,0.7423562144388286
ScheduledDomestic,Air India Express,2024,1,1824,3216.683,1581.041,262203.0,234850.598,282903.558,83.014,436.789,,436.789,17551.055,185.275,,17736.329,31620.82,56.091,2024-01-01,0.9983663076015928
ScheduledDomestic,Air India Express,2024,2,2032,3566.0,1748.057,284271.0,252814.09,310031.77,81.545,471.757,,471.757,18961.057,544.247,,19505.304,34961.14,55.791,2024-02-01,1.1238401284826982
ScheduledDomestic,Air India Express,2024,3,2499,4609.633,2358.713,338108.0,328731.971,412689.656,79.656,435.427,0.0,435.427,17010.275,231.059,0.0,17241.334,40932.38,42.122,2024-03-01,1.2646673251808045
ScheduledDomestic,Air India Express,2024,4,2976,5348.733,2768.68,422278.0,399775.241,486169.165,82.23,738.995,0.0,738.995,15596.51,972.927,0.0,16569.437,55373.6,29.923,2024-04-01,1.599532062307652
ScheduledDomestic,Air India Express,2024,5,2233,4168.567,1647.297,328320.0,328669.004,388785.568,84.537,820.997,0.0,820.997,32866.9,734.0,0.0,33600.9,44186.14,76.044,2024-05-01,1.189970410939203
ScheduledDomestic,Air India Express,2024,6,2844,5302.067,2802.503,423233.0,426312.631,492057.232,86.639,645.95,,645.95,42631.263,517.522,0.0,43148.786,56050.06,76.983,2024-06-01,1.6024477980479526
ScheduledDomestic,Air India Express,2024,7,2283,4014.783,2140.715,317746.0,308142.391,376319.538,81.883,995.4,,995.4,30814.239,1285.453,,32099.693,42814.3,74.974,2024-07-01,1.223407634544769
ScheduledDomestic,Air India Express,2024,8,3094,5252.283,2970.717,408361.0,400051.181,521013.768,76.783,1039.861,,1039.861,40005.118,1333.078,0.0,41338.196,59414.34,69.576,2024-08-01,1.5549857627533767
ScheduledDomestic,Air India Express,2024,9,3859,6731.533,3498.427,517124.0,497116.012,645594.897,77.001,2848.764,,2848.764,49711.601,3460.492,,53172.094,73451.78,72.39,2024-09-01,1.984764958852677
ScheduledDomestic,Air India Express,2024,10,8193,15390.083,8278.033,1177057.0,1202927.878,1475040.954,81.552,2518.538,,2518.538,120292.788,2412.101,,122704.889,165560.66,74.115,2024-10-01,4.309293278640786
ScheduledDomestic,Air India Express,2024,11,7951,14771.7,7888.964,1221495.0,1233703.562,1404026.356,87.869,3534.785,0.0,3534.785,123370.356,4185.903,0.0,127556.259,157779.28,80.845,2024-11-01,4.285867365563562
ScheduledDomestic,Air India Express,2024,12,8714,16177.25,8636.586,1342308.0,1342337.928,1544459.389,86.913,4304.087,174.441,4478.528,134233.793,4163.681,135.587,138533.06,172731.729,80.201,2024-12-01,4.4964369056819775
ScheduledDomestic,Air India Express,2025,1,8829,16751.283,8965.413,1335289.0,1368801.54,1603964.651,85.34,4902.984,0.0,4902.984,136880.154,6103.858,0.0,142984.012,179308.258,79.74,2025-01-01,4.541061937765615
ScheduledDomestic,Air India Express,2025,2,9362,17713.133,9478.901,1423613.0,1464138.102,1690841.602,86.59,2393.51,0.0,2393.51,146413.81,3038.462,0.0,149452.272,189578.015,78.83,2025-02-01,5.041659893635972
ScheduledDomestic,Air India Express,2025,3,11068,20987.867,11211.273,1575238.0,1617039.843,2001710.966,80.78,4967.242,0.0,4967.242,161703.984,5853.432,0.0,167557.416,224225.456,74.73,2025-03-01,5.416285406323698
ScheduledDomestic,Air India Express,2025,4,11433,21807.35,11611.745,1709127.0,1760620.766,2074569.931,84.87,5361.749,0.0,5361.749,176062.077,7050.817,0.0,183112.894,232234.905,78.85,2025-04-01,5.969836715966146
ScheduledDomestic,Air India Express,2025,5,11050,20902.017,11059.201,1628871.0,1651625.156,1991092.649,82.95,5566.883,0.0,5566.883,165162.516,6275.645,0.0,171438.161,221184.019,77.51,2025-05-01,5.794704366273104
ScheduledDomestic,Air India Express,2025,6,11095,20931.45,11022.056,1594172.0,1627031.958,1988323.394,81.83,6522.86,0.0,6522.86,162703.196,7784.806,0.0,170488.002,220441.123,77.34,2025-06-01,5.859068801127172
ScheduledDomestic,Air India Express,2025,7,10223,19302.217,10162.062,1437558.0,1454446.808,1828371.52,79.55,5532.332,0.0,5532.332,145444.681,7104.417,0.0,152549.097,203241.233,75.06,2025-07-01,5.70219126666599
ScheduledDomestic,Air India Express,2025,8,10677,19833.833,10299.554,1552028.0,1519984.471,1862546.829,81.61,6841.392,0.0,6841.392,151998.447,8072.436,0.0,160070.884,205991.08,77.71,2025-08-01,5.993016871196559
ScheduledDomestic,Air India Express,2025,9,10342,19224.0,9944.0,1459007.0,1425534.0,1788183.0,79.72,6933.194,0.0,6933.194,142553.0,7711.0,0.0,150264.0,198896.0,75.55,2025-09-01,5.769772091536699
ScheduledDomestic,Air India Express,2025,10,10964,20603.0,10750.559,1547851.0,1558409.991,1946678.689,80.05,6777.164,0.0,6777.164,155840.999,8097.0,0.0,163937.999,215011.178,76.25,2025-10-01,5.516968306599599
ScheduledDomestic,Air India Express,2025,11,11291,21526.617,11286.488,1717758.0,1751973.044,2054097.284,85.29,9240.503,0.0,9240.503,175197.304,11095.912,0.0,186293.216,225729.759,82.53,2025-11-01,5.636929544730513
ScheduledDomestic,Air India Express,2025,12,11528,21683.333,11309.89,1839572.0,1836271.023,2065492.87,88.9,7450.777,0.0,7450.777,183627.102,8573.693,0.0,192200.796,226197.801,84.97,2025-12-01,6.429155229835313
ScheduledDomestic,Air India Express,2026,1,11270,21145.333,10986.944,1736876.0,1728181.198,2002604.183,86.3,9184.003,0.0,9184.003,172818.12,10516.845,0.0,183334.965,219738.88,83.43,2026-01-01,5.695725664299542
ScheduledDomestic,Air India Express,2026,2,10196,19249.867,10042.878,1605622.0,1616320.335,1831390.373,88.26,6903.52,321.643,7225.163,161632.033,7953.361,309.311,169894.706,251071.95,67.67,2026-02-01,5.707988080507694
ScheduledDomestic,Air India Express,2026,3,10947,20419.383,10572.955,1604684.0,1604017.52,1924721.268,83.34,7110.139,322.479,7432.618,160401.752,8332.791,300.039,169034.582,264323.872,63.95,2026-03-01,5.583517689492499
ScheduledDomestic,Air India Express,2026,4,10265,19013.45,9800.268,1460627.0,1451110.768,1792098.588,80.97,6905.595,0.0,6905.595,145111.077,7475.195,0.0,152586.272,245006.707,62.28,2026-04-01,5.286451155049767
ScheduledDomestic,Air Odisha,2018,2,8,22.24,2.3,42.0,12.5,42.75,29.24,0.0,0.0,0.0,10.63,0.0,0.0,10.63,42.75,24.865,2018-02-01,0.00019589173977703974
ScheduledDomestic,Air Odisha,2018,3,16,12.5,4.72,75.0,22.26,84.96,26.201,0.0,0.0,0.0,18.8,0.0,0.0,18.8,118.0,15.932,2018-03-01,0.00032482063621015565
ScheduledDomestic,Air Odisha,2018,4,134,74.0,31.284,666.0,138.419,531.828,26.027,0.0,0.0,0.0,292.7,0.0,0.0,292.7,1038.1,28.196,2018-04-01,0.00290183484847455
ScheduledDomestic,Air Odisha,2018,5,156,99.21,34.917,867.0,190.32,593.589,32.063,0.0,0.0,0.0,172.5,0.0,0.0,172.5,4600.0,3.75,2018-05-01,0.0036679365821803093
ScheduledDomestic,Air Odisha,2018,6,72,92.39,21.912,468.0,124.751,372.504,33.49,0.0,0.0,0.0,249.502,0.0,0.0,249.502,3632.0,6.87,2018-06-01,0.0020729359869394405
ScheduledDomestic,Air Odisha,2018,7,24,30.0,7.264,186.0,7.264,108.46,6.697,0.0,0.0,0.0,544.34,0.0,0.0,544.34,7642.0,7.123,2018-07-01,0.0007977338867833766
ScheduledDomestic,Air Odisha,2018,8,146,92.39,29.263,553.0,124.06,497.471,24.938,0.0,0.0,0.0,1054.51,0.0,0.0,1054.51,8232.0,12.81,2018-08-01,0.002442748685067941
ScheduledDomestic,Air Odisha,2018,9,64,,,295.0,,,0.0,,,,,,,,,0.0,2018-09-01,0.0012979920459047427
ScheduledDomestic,Air Odisha,2018,10,0,0.0,0.0,0.0,0.0,0.0,0.0,0.0,0.0,0.0,0.0,0.0,0.0,0.0,0.0,0.0,2018-10-01,0.0
ScheduledDomestic,Air Odisha,2018,11,0,0.0,0.0,0.0,0.0,0.0,0.0,0.0,0.0,0.0,0.0,0.0,0.0,0.0,0.0,0.0,2018-11-01,0.0
ScheduledDomestic,Air Odisha,2018,12,0,0.0,0.0,0.0,0.0,0.0,0.0,0.0,0.0,0.0,0.0,0.0,0.0,0.0,0.0,0.0,2018-12-01,0.0
ScheduledDomestic,Air Pegasus,2015,5,124,151.0,55.8,6348.0,2871.0,3683.0,77.953,0.0,0.0,0.0,199.376,0.0,0.0,199.376,295.084,67.566,2015-05-01,0.044722233924900184
ScheduledDomestic,Air Pegasus,2015,6,196,243.05,87.2,9353.0,4210.4,5757.1,73.134,60.45,0.0,60.45,301.901,27.288,0.0,329.19,476.206,69.128,2015-06-01,0.07119214144713155
ScheduledDomestic,Air Pegasus,2015,7,234,272.0,101.18,10749.0,4775.705,6677.88,71.515,70.38,0.0,70.38,347.03,31.39,0.0,378.42,558.96,67.701,2015-07-01,0.07964827605830174
ScheduledDomestic,Air Pegasus,2015,8,292,335.43,127.02,14480.0,6305.01,8180.0,77.078,103.94,0.0,103.94,1021.64,103.94,0.0,1125.58,1631.15,69.005,2015-08-01,0.10749228661185055
ScheduledDomestic,Air Pegasus,2015,9,318,365.24,133.174,15271.0,6401.0,8741.0,73.23,92.19,0.0,92.19,1112.05,92.19,0.0,1204.24,1795.37,67.075,2015-09-01,0.11503884924690269
ScheduledDomestic,Air Pegasus,2015,10,383,428.14,158.85,19484.0,8089.0,10466.0,77.288,128.511,0.0,128.511,1411.36,52.758,0.0,1464.118,2279.51,64.23,2015-10-01,0.13900285781999513
ScheduledDomestic,Air Pegasus,2015,11,440,480.0,176.22,22296.0,9081.074,11630.52,78.08,147.172,0.0,147.172,1617.38,59.417,0.0,1676.797,2634.17,63.656,2015-11-01,0.15293131383884348
ScheduledDomestic,Air Pegasus,2015,12,384,424.02,156.878,20554.0,8516.0,10308.0,82.615,150.38,0.0,150.38,638.0,62.0,0.0,700.0,942.0,74.31,2015-12-01,0.13390451332608544
ScheduledDomestic,Air Pegasus,2016,1,428,464.24,172.326,23487.0,9528.31,11373.52,83.776,150.16,0.0,150.16,679.09,61.29,0.0,740.38,1015.98,72.873,2016-01-01,0.15409639754154345
ScheduledDomestic,Air Pegasus,2016,2,340,371.14,138.0,19135.0,7789.24,9118.96,85.418,113.67,0.0,113.67,555.85,46.43,0.0,602.28,824.95,73.008,2016-02-01,0.12853422086767013
ScheduledDomestic,Air Pegasus,2016,3,284,325.1,118.11,14420.0,5968.4,7795.4,76.563,84.56,0.0,84.56,455.01,35.1,0.0,490.11,688.32,71.204,2016-03-01,0.09201825254147777
ScheduledDomestic,Air Pegasus,2016,4,398,442.75,161.66,20385.0,8338.09,10676.29,78.099,122.7,0.0,122.7,568.12,49.87,0.0,617.99,893.77,69.144,2016-04-01,0.1290689811496605
ScheduledDomestic,Air Pegasus,2016,5,398,445.85,153.29,21015.0,8661.54,10822.74,80.031,143.14,0.0,143.14,643.0,58.31,0.0,701.31,933.36,75.138,2016-05-01,0.12184895924232039
ScheduledDomestic,Air Pegasus,2016,6,278,306.683,110.9,14296.0,5457.34,7256.17,75.21,89.88,0.0,89.88,404.0,35.39,0.0,439.39,660.2,66.554,2016-06-01,0.09009564280178291
ScheduledDomestic,Air Pegasus,2016,7,256,274.383,100.58,14231.0,5530.0,6587.2,83.951,92.28,0.0,92.28,397.0,35.44,0.0,432.44,602.45,71.78,2016-07-01,0.08395641369539072
ScheduledDomestic,Air Pegasus,2016,8,0,0.0,0.0,0.0,0.0,0.0,0.0,0.0,0.0,0.0,0.0,0.0,0.0,0.0,0.0,0.0,2016-08-01,0.0
ScheduledDomestic,Air Pegasus,2016,9,0,0.0,0.0,0.0,0.0,0.0,0.0,0.0,0.0,0.0,0.0,0.0,0.0,0.0,0.0,0.0,2016-09-01,0.0
ScheduledDomestic,Air Pegasus,2016,10,0,0.0,0.0,0.0,0.0,0.0,0.0,0.0,0.0,0.0,0.0,0.0,0.0,0.0,0.0,0.0,2016-10-01,0.0
ScheduledDomestic,Air Pegasus,2016,11,0,0.0,0.0,0.0,0.0,0.0,0.0,0.0,0.0,0.0,0.0,0.0,0.0,0.0,0.0,0.0,2016-11-01,0.0
ScheduledDomestic,Air Pegasus,2016,12,0,0.0,0.0,0.0,0.0,0.0,0.0,0.0,0.0,0.0,0.0,0.0,0.0,0.0,0.0,0.0,2016-12-01,0.0
ScheduledDomestic,Air Taxi,2021,1,24,23.67,5.51,27.0,6.199,16.531,37.499,0.0,0.0,0.0,0.465,0.0,0.0,0.465,6.778,6.86,2021-01-01,0.00017523314445363732
ScheduledDomestic,Air Taxi,2021,2,125,135.0,29.792,77.0,18.89,89.377,21.135,0.0,0.0,0.0,1.786,0.0,0.0,1.786,36.644,4.874,2021-02-01,0.0004938909537521794
ScheduledDomestic,Air Taxi,2021,3,114,139.73,29.687,79.0,19.75,89.06,22.176,,,,1.483,,,1.483,36.515,4.061,2021-03-01,0.0005072354895336131
ScheduledDomestic,Air Taxi,2021,4,34,38.27,9.129,31.0,8.13,27.39,29.682,,,,0.61,,,0.61,11.229,5.432,2021-04-01,0.0002744609321684857
ScheduledDomestic,Air Taxi,2021,5,72,80.44,19.347,82.0,21.81,58.04,37.578,,,,1.64,,,1.64,23.797,6.892,2021-05-01,0.002012396361587378
ScheduledDomestic,Air Taxi,2021,6,59,74.45,17.123,56.0,16.58,51.37,32.276,,,,1.24,,,1.24,21.061,5.888,2021-06-01,0.0009245064538805002
ScheduledDomestic,Air Taxi,2021,7,48,62.05,13.926,52.0,15.687,41.779,37.548,,,,1.177,,,1.177,17.129,6.871,2021-07-01,0.0005308653268170295
ScheduledDomestic,Air Taxi,2021,8,1,0.917,0.23,,,0.689,0.0,,,,,,,,0.282,0.0,2021-08-01,
ScheduledDomestic,AirAsia India,2015,1,598,784.4,501.0,81434.0,68778.0,90176.0,76.271,529.3,0.0,529.3,5803.1,619.4,0.0,6422.5,13461.9,47.709,2015-01-01,0.6549994602934427
ScheduledDomestic,AirAsia India,2015,2,526,725.5,462.0,72278.0,64777.0,83205.0,77.852,555.4,0.0,555.4,5427.8,686.5,0.0,6114.3,12421.3,49.224,2015-02-01,0.6034536739640272
ScheduledDomestic,AirAsia India,2015,3,546,750.5,485.0,68790.0,62519.0,87226.0,71.675,535.1,0.0,535.1,5222.5,653.9,0.0,5876.4,13021.5,45.128,2015-03-01,0.5502446384943118
ScheduledDomestic,AirAsia India,2015,4,536,749.5,492.0,72313.0,65906.0,88569.0,74.412,450.8,0.0,450.8,5513.7,668.7,0.0,6182.4,13222.1,46.758,2015-04-01,0.5529804570697427
ScheduledDomestic,AirAsia India,2015,5,646,997.1,656.0,93778.0,96130.0,118160.0,81.356,660.4,0.0,660.4,8081.9,1001.9,0.0,9083.8,22372.2,40.603,2015-05-01,0.6606744885017785
ScheduledDomestic,AirAsia India,2015,6,846,1413.3,953.0,125721.0,144151.0,171612.0,83.998,1067.5,0.0,1067.5,12146.3,1476.9,0.0,13623.2,25619.1,53.176,2015-06-01,0.956949344047346
ScheduledDomestic,AirAsia India,2015,7,989,1589.4,1074.0,142636.0,155029.0,193235.0,80.228,1150.5,0.0,1150.5,12963.7,1549.2,0.0,14512.9,28847.1,50.31,2015-07-01,1.056908689538741
ScheduledDomestic,AirAsia India,2015,8,1026,1631.3,1112.0,134408.0,144349.0,200152.0,72.12,1438.0,0.0,1438.0,12074.1,1716.1,0.0,13790.2,29879.8,46.152,2015-08-01,0.9977778493733155
ScheduledDomestic,AirAsia India,2015,9,1017,1599.8,1097.0,124861.0,133601.0,197384.0,67.686,1067.6,0.0,1067.6,11108.7,1484.3,0.0,12593.0,29466.4,42.737,2015-09-01,0.9405975873104261
ScheduledDomestic,AirAsia India,2015,10,1048,1600.0,1125.0,150139.0,163238.0,202527.0,80.601,1067.7,0.0,1067.7,13663.3,1551.9,0.0,15215.2,30234.2,50.324,2015-10-01,1.071122463058728
ScheduledDomestic,AirAsia India,2015,11,1098,1446.0,1213.0,161812.0,181137.0,218283.0,82.983,955.0,0.0,955.0,15270.0,1360.0,0.0,16630.0,32586.0,51.034,2015-11-01,1.1098906420385244
ScheduledDomestic,AirAsia India,2015,12,1230,1726.0,1390.0,181483.0,206958.0,250168.0,82.728,1106.0,0.0,1106.0,17610.0,1591.0,0.0,19201.0,37346.0,51.414,2015-12-01,1.1823193924276523
ScheduledDomestic,AirAsia India,2016,1,1196,1667.0,1343.0,174996.0,198046.0,241751.0,81.921,1002.0,0.0,1002.0,16665.0,1443.0,0.0,18108.0,36090.0,50.175,2016-01-01,1.1481352741593194
ScheduledDomestic,AirAsia India,2016,2,1084,1526.0,1211.0,166829.0,189144.0,217977.0,86.772,1094.0,0.0,1094.0,15884.0,1452.0,0.0,17336.0,32541.0,53.274,2016-02-01,1.120628980043509
ScheduledDomestic,AirAsia India,2016,3,1216,2043.0,1378.0,176832.0,205005.0,247991.0,82.666,1021.0,0.0,1021.0,17175.0,1488.0,0.0,18663.0,37021.0,50.412,2016-03-01,1.1284168955211231
ScheduledDomestic,AirAsia India,2016,4,1110,1813.0,1226.0,167422.0,187232.0,220757.0,84.814,1001.0,0.0,1001.0,15704.0,1413.0,0.0,17117.0,32956.0,51.939,2016-04-01,1.0600435105243298
ScheduledDomestic,AirAsia India,2016,5,1218,2050.0,1382.0,190379.0,215828.0,248765.0,86.76,982.0,0.0,982.0,18004.0,1413.0,0.0,19417.0,37137.0,52.285,2016-05-01,1.1038535813273238
ScheduledDomestic,AirAsia India,2016,6,1080,1863.0,1265.0,173192.0,205349.0,227723.0,90.175,912.0,0.0,912.0,17150.0,911.6,0.0,18061.6,33996.0,53.129,2016-06-01,1.091483251827531
ScheduledDomestic,AirAsia India,2016,7,1232,2084.0,1409.0,190509.0,217444.0,253660.0,85.723,1278.0,0.0,1278.0,18139.0,1278.1,0.0,19417.1,37868.0,51.276,2016-07-01,1.1239162684769302
ScheduledDomestic,AirAsia India,2016,8,1236,2094.0,1415.0,187620.0,212354.0,254783.0,83.347,1200.0,0.0,1200.0,17623.0,1078.9,0.0,18701.9,38035.0,49.17,2016-08-01,1.123537909613465
ScheduledDomestic,AirAsia India,2016,9,1260,2119.0,1433.0,187920.0,213672.0,257982.0,82.824,1114.0,0.0,1114.0,17562.0,1114.1,0.0,18676.1,38513.0,48.493,2016-09-01,1.146043035160078
ScheduledDomestic,AirAsia India,2016,10,1666,2547.0,1622.0,235607.0,239585.0,306077.0,78.276,1139.0,0.0,1139.0,19631.0,1139.0,0.0,20770.0,45693.0,45.456,2016-10-01,1.3634366100093414
ScheduledDomestic,AirAsia India,2016,11,1634,2434.0,1596.0,251322.0,249659.0,287257.0,86.911,758.0,0.0,758.0,20589.0,756.0,0.0,21345.0,42883.0,49.775,2016-11-01,1.4053688555024797
ScheduledDomestic,AirAsia India,2016,12,1816,2705.0,1785.0,277261.0,277173.0,321267.0,86.275,0.0,0.0,0.0,22875.0,0.0,0.0,22875.0,47960.0,47.696,2016-12-01,1.456777637981712
ScheduledDomestic,AirAsia India,2018,1,3264,4686.0,3007.0,489432.0,457114.0,541171.0,84.468,1449.0,0.0,1449.0,37889.0,1743.0,0.0,39632.0,80789.0,49.056,2018-01-01,2.1376101142266952
ScheduledDomestic,AirAsia India,2018,2,2933,5233.0,2715.0,455887.0,430094.0,488681.0,88.011,1435.5,0.0,1435.5,35549.0,1617.4,0.0,37166.4,72952.7,50.946,2018-02-01,2.126297561231793
ScheduledDomestic,AirAsia India,2018,3,3625,6370.8,3269.2,523568.0,482817.9,588452.8,82.049,1803.8,0.0,1803.8,39830.0,2038.2,0.0,41868.2,87847.2,47.66,2018-03-01,2.2675425447903836
ScheduledDomestic,AirAsia India,2018,4,3731,6722.2,3495.0,579203.0,550403.7,629101.8,87.49,1941.6,0.0,1941.6,45550.0,2208.3,0.0,47758.3,93915.5,50.852,2018-04-01,2.523650825436944
ScheduledDomestic,AirAsia India,2018,5,4078,7299.7,3786.8,647586.0,611718.1,681756.7,89.727,2143.7,0.0,2143.7,50794.5,2373.0,0.0,53167.5,102028.0,52.111,2018-05-01,2.739682098624934
ScheduledDomestic,AirAsia India,2018,6,3849,12364.7,3711.6,600731.0,594715.2,803248.7,74.039,2110.8,0.0,2110.8,49454.8,2362.5,0.0,51817.3,98606.3,52.55,2018-06-01,2.660848094807942
ScheduledDomestic,AirAsia India,2018,7,3885,12459.8,3824.6,557633.0,556996.3,692899.9,80.386,2702.5,0.0,2702.5,45940.5,3186.5,0.0,49127.0,102515.9,47.921,2018-07-01,2.391627637035885
ScheduledDomestic,AirAsia India,2018,8,3916,7443.65,3788.57,537079.0,550158.29,718207.74,76.602,2900.131,0.0,2900.131,45262.01,3485.57,0.0,48747.58,107620.42,45.296,2018-08-01,2.3724213761801174
ScheduledDomestic,AirAsia India,2018,9,3861,12077.0,3709.87,498138.0,490208.02,688614.3,71.188,2657.31,0.0,2657.31,39366.09,3109.66,0.0,42475.75,100673.19,42.192,2018-09-01,2.1917937686877855
ScheduledDomestic,AirAsia India,2018,10,4315,7995.08,4001.71,643358.0,635667.4,759506.76,83.695,2697.4,0.0,2697.4,48136.65,3200.7,0.0,51337.35,113382.97,45.278,2018-10-01,2.7248504114479313
ScheduledDomestic,AirAsia India,2018,11,3969,7323.78,3733.44,617740.0,613381.53,695250.0,88.225,2286.873,0.0,2286.873,51228.03,2649.51,0.0,53877.54,103790.4,51.91,2018-11-01,2.6611752732902163
ScheduledDomestic,AirAsia India,2018,12,4213,7726.65,3840.43,673179.0,654723.77,730517.4,89.625,2347.426,0.0,2347.426,54753.95,2735.73,0.0,57489.68,109055.29,52.716,2018-12-01,2.6608265262482202
ScheduledDomestic,AirAsia India,2019,1,4190,7626.43,4437.72,666971.0,714801.97,798789.06,89.486,2020.24,0.0,2020.24,59710.68,2482.07,0.0,62192.75,117041.41,53.137,2019-01-01,2.674500714768337
ScheduledDomestic,AirAsia India,2019,2,3528,6521.83,3793.35,583216.0,634592.868,682803.72,92.939,1927.017,0.0,1927.017,52665.26,2408.769,0.0,55074.029,101932.353,54.03,2019-02-01,2.57568995196682
ScheduledDomestic,AirAsia India,2019,3,4358,8007.73,4669.07,686701.0,743864.485,840432.24,88.51,2477.951,0.0,2477.951,61531.05,3032.409,0.0,64563.459,125463.927,51.46,2019-03-01,2.970721285059392
ScheduledDomestic,AirAsia India,2019,4,4461,8049.0,4714.55,677989.0,742315.96,848618.46,87.473,2241.93,0.0,2241.93,60043.83,2859.25,0.0,62903.08,121233.82,51.886,2019-04-01,3.0909939557778268
ScheduledDomestic,AirAsia India,2019,5,4860,8891.267,4976.595,768200.0,806091.743,910562.94,88.527,3123.937,0.0,3123.937,67130.024,3988.065,0.0,71118.089,130957.012,54.306,2019-05-01,3.1608618644114523
ScheduledDomestic,AirAsia India,2019,6,4770,8756.15,4939.471,771955.0,818615.894,902447.1,90.711,2857.618,0.0,2857.618,68022.96,3562.478,0.0,71585.438,130070.555,55.036,2019-06-01,3.2193322999174683
ScheduledDomestic,AirAsia India,2019,7,4835,8888.833,4963.145,770996.0,811080.599,905749.74,89.548,2837.844,0.0,2837.844,66892.419,3481.297,0.0,70373.716,130595.593,53.887,2019-07-01,3.249325266311192
ScheduledDomestic,AirAsia India,2019,8,4897,9030.317,5053.698,762998.0,798989.626,909665.64,87.833,3110.933,0.0,3110.933,65784.314,3938.533,0.0,69722.847,134284.055,51.922,2019-08-01,3.2449408560133888
ScheduledDomestic,AirAsia India,2019,9,4827,8916.817,4971.956,725467.0,766363.992,904466.88,84.731,3415.454,0.0,3415.454,62989.126,4394.72,0.0,67383.846,130963.891,51.452,2019-09-01,3.1574801648562523
ScheduledDomestic,AirAsia India,2019,10,5415,10227.383,5098.778,803242.0,860720.367,1036485.18,83.042,3857.531,0.0,3857.531,71578.021,4517.317,0.0,76095.338,132798.959,57.301,2019-10-01,3.270462734879176
ScheduledDomestic,AirAsia India,2019,11,5682,10306.117,5837.076,877973.0,916091.382,1050673.68,87.191,3246.219,19.119,3265.338,76175.915,4298.327,0.019,80474.261,156849.82,51.307,2019-11-01,3.4003246286735194
ScheduledDomestic,AirAsia India,2019,12,6120,11361.767,6159.874,911052.0,958409.291,1136366.46,84.34,3432.716,58.581,3491.297,80127.315,4420.384,58.279,84605.978,169642.467,49.873,2019-12-01,3.5093349916273815
ScheduledDomestic,AirAsia India,2020,1,6303,11761.433,6402.556,882765.0,936059.89,1180322.82,79.305,3780.765,72.351,3853.115,78253.298,4810.4,75.348,83139.045,176204.492,47.183,2020-01-01,3.4624777340283353
ScheduledDomestic,AirAsia India,2020,2,6096,11285.683,6108.725,896653.0,942780.972,1127590.56,83.61,3484.688,77.835,3562.523,78331.736,4419.291,87.869,82838.896,168332.357,49.212,2020-02-01,3.6357189284224156
ScheduledDomestic,AirAsia India,2020,3,4911,9127.2,4852.591,591780.0,631541.269,913760.28,69.115,2388.399,69.41,2457.809,51920.455,2924.262,79.897,54924.614,134750.326,40.76,2020-03-01,3.8250248589773355
ScheduledDomestic,AirAsia India,2020,5,267,514.517,305.909,21941.0,25328.698,55063.62,45.999,153.861,11.037,164.898,2159.226,217.144,14.203,2390.573,8220.173,29.082,2020-05-01,3.9403125527536034
ScheduledDomestic,AirAsia India,2020,6,1373,2681.0,1199.0,139934.0,161108.0,284946.0,56.54,1522.075,159.513,1681.588,13803.0,2087.0,166.1,16056.1,42538.0,37.745,2020-06-01,3.615462980737804
ScheduledDomestic,AirAsia India,2020,7,1301,2490.3,1481.598,129780.0,149745.203,266687.64,56.15,1590.003,118.572,1708.574,12607.341,1945.603,109.824,14662.768,39812.464,36.83,2020-07-01,3.1519332367206783
ScheduledDomestic,AirAsia India,2020,8,1719,3206.517,1735.753,192401.0,201318.137,312435.54,64.435,1963.693,127.881,2091.574,16699.597,2252.993,117.457,19070.047,34715.06,54.933,2020-08-01,3.4039441671136825
ScheduledDomestic,AirAsia India,2020,9,2239,4373.433,2397.049,234679.0,251896.237,431468.82,58.381,2803.765,179.717,2983.482,20700.744,3318.027,174.177,24192.949,47940.98,50.464,2020-09-01,2.978396507133689
ScheduledDomestic,AirAsia India,2020,10,3311,6580.317,3613.297,373616.0,409868.282,650856.81,62.974,4151.289,214.792,4366.081,33841.805,5147.207,241.211,39230.223,72300.0,54.26,2020-10-01,3.5456211555952364
ScheduledDomestic,AirAsia India,2020,11,3541,6999.817,3835.221,421272.0,458360.802,691665.432,66.269,3926.245,235.243,4161.488,38723.7,4943.735,255.283,43922.717,76704.42,57.262,2020-11-01,3.3209782314446037
ScheduledDomestic,AirAsia India,2020,12,4324,8427.6,4595.643,502311.0,540718.942,830448.324,65.112,4080.351,227.666,4308.017,39881.865,5171.642,261.711,45315.218,91912.86,49.302,2020-12-01,3.437630713336209
ScheduledDomestic,AirAsia India,2021,1,4495,8590.4,4621.139,531578.0,558871.307,836264.022,66.83,3175.726,230.188,3405.915,37494.473,4067.437,269.242,41831.153,92422.78,45.261,2021-01-01,3.4500031282361343
ScheduledDomestic,AirAsia India,2021,2,4340,8239.033,4417.0,520603.0,542276.763,798746.808,67.891,3410.638,211.892,3622.53,39555.584,4264.011,251.989,44071.584,88341.12,49.888,2021-02-01,3.339235223327868
ScheduledDomestic,AirAsia India,2021,3,4727,9023.3,4855.674,541512.0,572123.104,878405.634,65.132,3662.262,211.754,3874.016,38524.442,4577.132,280.848,43382.422,97113.48,44.672,2021-03-01,3.4768873975737447
ScheduledDomestic,AirAsia India,2021,4,3195,6341.383,3481.586,354878.0,403399.335,630122.874,64.019,2487.122,169.238,2656.36,27963.799,3332.79,208.044,31504.632,69631.72,45.245,2021-04-01,3.141940215680254
ScheduledDomestic,AirAsia India,2021,5,809,1562.15,867.183,63532.0,70007.636,157745.28,44.38,1344.148,57.508,1401.656,4039.995,1744.006,115.0,5899.001,17343.66,34.012,2021-05-01,1.5591654346874306
ScheduledDomestic,AirAsia India,2021,6,1081,1998.433,1082.085,106632.0,107461.227,197372.13,54.446,999.862,97.45,1097.312,5674.441,2390.072,191.922,8256.435,21641.7,38.151,2021-06-01,1.760392360539027
ScheduledDomestic,AirAsia India,2021,7,1721,3141.533,1700.45,164608.0,165951.701,309698.724,53.585,1453.455,135.31,1588.765,8240.751,3073.853,270.488,11585.091,34009.0,34.065,2021-07-01,1.6804746099364922
ScheduledDomestic,AirAsia India,2021,8,3292,6357.567,3492.792,348656.0,382173.526,633516.762,60.326,2804.679,134.492,2939.171,20551.43,6955.751,297.653,27804.834,69855.84,39.803,2021-08-01,2.663913633990907
ScheduledDomestic,AirAsia India,2021,9,3475,6675.317,3639.185,412671.0,448865.64,659935.56,68.017,3091.195,189.823,3281.018,24701.413,7028.24,418.264,32147.918,72783.7,44.169,2021-09-01,2.9938936818092254
ScheduledDomestic,AirAsia India,2021,10,4387,8476.8,4621.564,571707.0,617485.833,837436.752,73.735,3535.084,221.031,3756.115,41769.475,8406.168,484.09,50659.733,92431.28,54.808,2021-10-01,3.254198701660629
ScheduledDomestic,AirAsia India,2021,11,4746,9139.367,4952.035,622726.0,669896.994,897643.026,74.628,2550.651,231.097,2781.748,45403.552,6130.016,500.821,52034.388,99040.7,52.538,2021-11-01,2.973508184422199
ScheduledDomestic,AirAsia India,2021,12,5347,10199.2,5518.95,701054.0,741750.45,999864.354,74.185,2860.893,257.232,3118.125,52163.888,6794.48,519.401,59477.769,110379.0,53.885,2021-12-01,3.142026871627567
ScheduledDomestic,AirAsia India,2022,1,2851,5296.583,2851.298,295094.0,313575.255,518466.894,60.481,2071.97,214.007,2285.977,16785.019,4770.631,416.514,21972.165,57025.96,38.53,2022-01-01,2.301617373407301
ScheduledDomestic,AirAsia India,2022,2,3030,5768.567,3119.247,445563.0,471344.23,566535.828,83.198,2389.591,210.956,2600.546,35350.817,5975.507,438.427,41764.751,62384.94,66.947,2022-02-01,2.894870066974768
ScheduledDomestic,AirAsia India,2022,3,4863,9305.25,5047.264,698450.0,743853.248,915358.998,81.264,3344.488,292.365,3636.853,55788.994,7753.565,565.55,64108.109,100945.28,63.508,2022-03-01,3.2884818527780877
ScheduledDomestic,AirAsia India,2022,4,4290,8069.95,4363.575,591907.0,630660.732,791899.578,79.639,2857.075,287.671,3144.746,47299.555,7035.615,601.8,54936.97,87271.5,62.949,2022-04-01,2.8054889673875127
ScheduledDomestic,AirAsia India,2022,5,4949,9372.25,5078.682,686362.0,731036.837,920890.236,79.384,3184.449,304.793,3489.242,54827.763,7821.043,648.303,63297.109,101573.64,62.316,2022-05-01,2.991877718186829
ScheduledDomestic,AirAsia India,2022,6,4486,8544.133,4620.472,589510.0,635489.169,838217.202,75.814,2966.91,262.633,3229.543,47661.688,7326.754,564.198,55552.64,92409.44,60.116,2022-06-01,2.8034445402952057
ScheduledDomestic,AirAsia India,2022,7,3453,6377.467,3407.696,442126.0,465704.79,619676.784,75.153,3024.249,244.607,3268.856,34927.859,7256.78,504.173,42688.812,68153.92,62.636,2022-07-01,2.2778413536866915
ScheduledDomestic,AirAsia India,2022,8,4471,8361.833,4509.271,587836.0,613154.77,818504.838,74.912,3218.577,279.679,3498.257,45986.608,7931.169,557.349,54475.127,90185.42,60.403,2022-08-01,2.9055514382093093
ScheduledDomestic,AirAsia India,2022,9,4437,8173.517,4360.716,613867.0,609330.094,791117.106,77.021,3229.232,246.317,3475.549,45699.757,7703.4,479.65,53882.806,87214.32,61.782,2022-09-01,2.9664487674634357
ScheduledDomestic,AirAsia India,2022,10,5758,10785.25,5815.738,866548.0,887486.466,1054373.076,84.172,3637.97,221.399,3859.369,66561.485,8696.068,418.076,75675.629,116314.76,65.061,2022-10-01,3.800323428421968
ScheduledDomestic,AirAsia India,2022,11,5688,10568.13,5701.204,884584.0,902602.89,1033639.11,87.323,3405.167,234.81,3639.977,67695.217,4389.533,235.986,72320.736,114024.08,63.426,2022-11-01,3.787206357758159
ScheduledDomestic,AirAsia India,2022,12,6071,11250.317,6058.46,971221.0,986569.553,1098144.714,89.84,3399.283,255.77,3655.053,73992.716,4274.207,219.346,78486.269,121169.2,64.774,2022-12-01,3.8130599819998565
ScheduledDomestic,AirAsia India,2023,1,5991,11073.75,5956.379,930093.0,938779.722,1078818.282,87.019,2830.801,209.871,3040.672,70408.479,3859.129,189.616,74457.224,119127.58,62.502,2023-01-01,3.705246295363217
ScheduledDomestic,AirAsia India,2023,2,5276,9622.2,5124.088,846141.0,830874.074,928502.478,89.485,2655.784,234.388,2890.172,62315.556,3547.732,195.299,66058.587,102481.76,64.459,2023-02-01,3.505613681779116
ScheduledDomestic,AirAsia India,2023,3,6193,11267.683,6004.177,976060.0,963603.608,1087937.46,88.572,3094.468,275.204,3369.673,72270.271,3967.725,223.301,76461.297,120083.54,63.673,2023-03-01,3.7851744606089555
ScheduledDomestic,AirAsia India,2023,4,6108,11068.283,5888.604,981066.0,953984.08,1067076.378,89.402,3080.57,290.226,3370.796,71548.806,3939.595,231.73,75720.131,117772.08,64.294,2023-04-01,3.8060008953780957
ScheduledDomestic,AirAsia India,2023,5,6253,11323.0,6006.141,1040605.0,1010177.678,1088317.278,92.82,3503.971,317.695,3821.666,75763.326,4447.539,273.014,80483.879,120122.82,67.001,2023-05-01,3.9374552280269786
ScheduledDomestic,AirAsia India,2023,6,6135,11312.833,6018.088,1003619.0,1001160.575,1090574.982,91.801,3599.01,335.392,3934.402,75087.043,4551.365,282.543,79920.951,120361.76,66.401,2023-06-01,4.018783814746704
ScheduledDomestic,AirAsia India,2023,7,6106,11398.117,6112.899,901471.0,911407.705,1107885.57,82.266,4192.557,322.336,4514.893,68355.578,5416.693,278.602,74050.873,122257.98,60.569,2023-07-01,3.725077541130063
ScheduledDomestic,AirAsia India,2023,8,5941,11110.0,5964.0,878453.0,890073.0,1080183.0,82.4,4292.308,336.427,4628.735,66755.0,5436.0,309.0,72500.0,119289.0,60.777,2023-08-01,3.535684308843998
ScheduledDomestic,AirAsia India,2023,9,5520,10287.0,80.0,815677.0,823615.0,998256.0,82.505,3888.865,292.828,4181.692,61771.0,4968.475,266.533,67006.008,110334.0,60.73,2023-09-01,3.33023205149467
ScheduledDomestic,AirAsia India,2023,10,5622,10531.833,85.434,832328.0,849790.014,1019251.062,83.374,4185.511,269.114,4454.625,63734.251,5542.001,241.785,69518.038,112765.76,61.648,2023-10-01,3.293285563636576
ScheduledDomestic,AirAsia India,2023,11,5465,10221.583,78.529,835856.0,846100.908,991720.722,85.316,3536.812,258.261,3795.073,63457.568,4299.211,234.254,67991.033,109742.12,61.955,2023-11-01,3.281625994452939
ScheduledDomestic,AirAsia India,2023,12,5352,10062.0,5415.975,852107.0,870455.939,976670.832,89.125,3611.325,272.653,3883.979,65284.195,4438.23,232.941,69955.366,108319.5,64.582,2023-12-01,3.087936728728817
ScheduledDomestic,Akasa Air,2022,8,246,348.43,141.0,23744.0,14059.87,26592.111,52.872,73.042,,73.042,1020.299,62.224,0.0,1082.523,2885.174,37.52,2022-08-01,0.1173616677931291
ScheduledDomestic,Akasa Air,2022,9,623,933.0,400.0,92589.0,61372.0,75537.0,81.248,597.179,,597.179,4708.0,484.0,,5192.0,8207.0,63.263,2022-09-01,0.4474267633390816
ScheduledDomestic,Akasa Air,2022,10,1155,1811.88,798.0,160617.0,116847.0,150836.0,77.466,1169.98,,1169.98,9180.4,1069.8,0.0,10250.2,16365.2,62.634,2022-10-01,0.7044001579864603
ScheduledDomestic,Akasa Air,2022,11,1483,2416.0,1090.0,206775.0,163281.0,206035.0,79.249,1385.722,0.0,1385.722,13387.0,1364.0,,14751.0,22355.0,65.985,2022-11-01,0.8852744280084689
ScheduledDomestic,Akasa Air,2022,12,1977,3298.35,1508.0,292393.0,235890.0,281430.0,83.818,1812.33,,1812.33,19434.0,1801.0,0.0,21235.0,30916.0,68.686,2022-12-01,1.1479488677828054
ScheduledDomestic,Akasa Air,2023,1,2448,4124.0,1856.0,356550.0,281527.161,339793.247,82.852,1778.48,,1778.48,23053.356,1821.0,0.0,24874.356,38062.766,65.351,2023-01-01,1.420401579854654
ScheduledDomestic,Akasa Air,2023,2,2469,4089.0,1832.203,361135.0,278748.0,332978.0,83.714,1900.752,,1900.752,22759.0,1978.0,0.0,24737.0,37571.0,65.841,2023-02-01,1.496204293337991
ScheduledDomestic,Akasa Air,2023,3,3199,5419.284,2500.174,419911.0,331953.0,451005.0,73.603,2239.0,,2239.0,26911.0,2182.0,,29093.0,51269.0,56.746,2023-03-01,1.6284207865589893
ScheduledDomestic,Akasa Air,2023,4,3322,5869.483,2820.0,513025.0,429326.0,505632.0,84.909,2605.0,,2605.0,34624.0,2561.0,,37185.0,57825.0,64.306,2023-04-01,1.9902571380022827
ScheduledDomestic,Akasa Air,2023,5,3820,6932.067,3362.354,629045.0,551087.0,604670.0,91.138,3884.552,,3884.552,45090.09,3844.83,,48934.92,68948.431,70.973,2023-05-01,2.380188951537068
ScheduledDomestic,Akasa Air,2023,6,3787,7245.083,3593.997,618053.0,588786.425,646246.46,91.109,3723.619,,3723.619,48794.428,3885.778,,52680.206,73698.502,71.481,2023-06-01,2.4748648571376632
ScheduledDomestic,Akasa Air,2023,7,4017,7878.583,3861.915,624086.0,601639.694,694445.685,86.636,4263.387,0.0,4263.387,49396.629,4611.39,0.0,54008.019,79192.429,68.198,2023-07-01,2.5788613747238642
ScheduledDomestic,Akasa Air,2023,8,3369,6822.75,3460.018,526972.0,544498.0,623918.0,87.271,3751.87,,3751.87,44600.17,4243.98,0.0,48844.15,70951.1,68.842,2023-08-01,2.1210089004194184
ScheduledDomestic,Akasa Air,2023,9,3224,6568.617,3270.0,517170.0,527077.0,598468.0,88.071,3240.44,43.42,3283.86,43081.0,3687.0,48.42,46816.42,67049.0,69.824,2023-09-01,2.1114927968687343
ScheduledDomestic,Akasa Air,2023,10,3330,6680.45,3381.0,524439.0,540645.0,624195.0,86.615,3772.901,148.137,3921.038,44257.12,4297.23,168.44,48722.79,69336.8,70.27,2023-10-01,2.0750562130650447
ScheduledDomestic,Akasa Air,2023,11,3270,6634.317,3299.0,536309.0,544841.0,609381.0,89.409,3274.651,216.512,3491.163,44968.13,3675.96,250.33,48894.42,67640.17,72.286,2023-11-01,2.1055846407264664
ScheduledDomestic,Akasa Air,2023,12,3518,7132.45,3576.0,602655.0,618954.0,659206.0,93.894,3638.46,251.22,3889.68,51369.45,4116.35,279.73,55765.53,73332.94,76.044,2023-12-01,2.183951674205311
ScheduledDomestic,Akasa Air,2024,1,3542,7145.683,3581.472,595767.0,610078.526,660333.044,92.39,3616.469,239.456,3855.925,50592.486,3994.11,259.064,54845.659,73441.665,74.679,2024-01-01,2.2684473479741962
ScheduledDomestic,Akasa Air,2024,2,3378,6817.033,3350.315,567507.0,570497.194,619665.66,92.065,3561.758,183.496,3745.254,46719.657,3810.764,205.671,50736.092,68692.496,73.86,2024-02-01,2.2435884764707996
ScheduledDomestic,Akasa Air,2024,3,3664,7285.817,3640.349,590036.0,597601.783,675453.281,88.474,3706.486,168.31,3874.796,49269.564,3936.999,193.95,53400.513,74648.997,71.535,2024-03-01,2.206984897962726
ScheduledDomestic,Akasa Air,2024,4,3605,7333.117,3695.376,579539.0,602156.91,685224.005,87.877,3352.621,162.363,3514.983,49462.445,3639.972,189.734,53292.151,75777.38,70.327,2024-04-01,2.1952155022466586
ScheduledDomestic,Akasa Air,2024,5,3937,8266.567,4222.121,663762.0,707955.322,783212.207,90.391,4590.343,179.479,4769.823,58010.936,5088.38,215.821,63315.137,86578.813,73.13,2024-05-01,2.4057539592648247
ScheduledDomestic,Akasa Air,2024,6,3845,8148.166,4148.704,634429.0,691510.167,771646.477,89.615,4548.556,201.266,4749.822,56855.446,5028.203,231.247,62114.895,85073.324,73.013,2024-06-01,2.4020795969779405
ScheduledDomestic,Akasa Air,2024,7,3808,8223.317,4106.42,604187.0,659296.319,762840.907,86.426,4608.938,231.844,4840.782,54304.148,5126.612,268.238,59698.998,84206.249,70.896,2024-07-01,2.326282592047423
ScheduledDomestic,Akasa Air,2024,8,3718,8112.66,4098.912,591857.0,649724.386,759700.176,85.524,4312.221,200.013,4512.234,53314.027,4908.925,238.409,58461.361,84052.289,69.554,2024-08-01,2.2537147489254
ScheduledDomestic,Akasa Air,2024,9,3563,7791.35,3953.16,572972.0,634605.844,739072.556,85.865,4851.443,192.074,5043.517,52042.228,5537.132,240.5,57819.861,81063.499,71.327,2024-09-01,2.1991142317968926
ScheduledDomestic,Akasa Air,2024,10,3841,8532.817,4425.466,615370.0,714114.747,833484.79,85.678,4820.569,186.715,5007.284,58986.1,5620.286,230.457,64836.843,90748.606,71.447,2024-10-01,2.252915368480185
ScheduledDomestic,Akasa Air,2024,11,3881,8730.9,4601.871,672121.0,803209.656,867593.849,92.579,4011.95,190.399,4202.349,67043.116,4790.268,243.867,72077.25,94365.967,76.381,2024-11-01,2.358275277107108
ScheduledDomestic,Akasa Air,2024,12,3920,8844.51,4618.402,686835.0,811906.922,870198.059,93.301,4606.482,269.431,4875.912,67907.505,5336.548,341.777,73585.83,94704.951,77.7,2024-12-01,2.300746357850867
ScheduledDomestic,Akasa Air,2025,1,3902,8808.4,4614.186,685848.0,815423.199,869504.253,93.78,4214.366,299.369,4513.735,68264.062,4912.453,372.792,73549.307,94618.498,77.73,2025-01-01,2.3324375830945003
ScheduledDomestic,Akasa Air,2025,2,3681,8332.617,4375.184,657633.0,785475.804,825474.44,95.15,3886.281,246.534,4132.815,65548.788,4507.291,311.522,70367.602,89717.523,78.43,2025-02-01,2.328976990819489
ScheduledDomestic,Akasa Air,2025,3,4135,9346.617,4910.706,719271.0,857586.721,927060.682,92.51,4614.379,241.607,4855.985,71112.328,5296.56,299.652,76708.54,100698.937,76.18,2025-03-01,2.473135501106406
ScheduledDomestic,Akasa Air,2025,4,4066,9258.383,4844.768,712182.0,849462.025,913082.388,93.03,4516.866,210.172,4727.039,70047.589,5313.352,261.622,75622.564,99346.813,76.12,2025-04-01,2.4875917658841047
ScheduledDomestic,Akasa Air,2025,5,4343,9917.967,5195.475,746531.0,895399.367,978991.734,91.46,4783.151,248.002,5031.153,71473.995,5798.462,304.667,77577.124,106538.41,72.82,2025-05-01,2.655782100152944
ScheduledDomestic,Akasa Air,2025,6,4210,9565.7,5022.916,722093.0,867159.534,949065.332,91.37,4834.193,238.761,5072.953,71786.096,5860.899,286.582,77933.578,102999.915,75.66,2025-06-01,2.6539122301811364
ScheduledDomestic,Akasa Air,2025,7,4105,9377.1,5006.974,697509.0,854276.763,947357.474,90.17,5269.393,230.203,5499.596,70856.271,6691.428,279.973,77827.673,102673.009,75.8,2025-07-01,2.766726440408615
ScheduledDomestic,Akasa Air,2025,8,4121,9397.35,5021.297,702582.0,863571.812,949268.47,90.97,5167.44,200.606,5368.046,71492.191,6603.536,248.713,78344.44,102966.716,76.09,2025-08-01,2.712957356052224
ScheduledDomestic,Akasa Air,2025,9,3857,8756.583,4608.827,664811.0,800331.39,871930.266,91.79,4878.734,214.633,5093.367,66284.402,5995.481,262.715,72542.598,94508.606,76.76,2025-09-01,2.6290538386358695
ScheduledDomestic,Akasa Air,2025,10,4230,9572.617,5049.876,724662.0,871232.444,955334.635,91.2,5046.6,243.242,5289.842,70155.778,6243.548,298.909,76698.235,103552.757,74.07,2025-10-01,2.5828954382541203
ScheduledDomestic,Akasa Air,2025,11,4083,9130.783,4767.611,721879.0,847569.562,903456.896,93.81,5083.578,248.433,5332.011,70922.891,6501.197,312.522,77736.611,97764.631,79.51,2025-11-01,2.3688907650673254
ScheduledDomestic,Akasa Air,2025,12,4117,9187.183,4743.922,739061.0,857367.266,899677.12,95.3,4954.233,256.186,5210.419,71973.985,6292.407,326.21,78592.602,97278.865,80.79,2025-12-01,2.582958369293138
ScheduledDomestic,Akasa Air,2026,1,4144,9326.35,4769.433,727727.0,844006.522,905466.169,93.21,4134.44,227.255,4361.694,70536.784,5243.345,290.651,76070.78,97801.993,77.78,2026-01-01,2.386430206015693
ScheduledDomestic,Akasa Air,2026,2,3903,8797.8,4538.958,687287.0,804063.527,861652.531,93.32,4206.806,223.953,4430.759,67241.219,5341.264,292.425,72874.909,93075.873,78.3,2026-02-01,2.4433060856714044
ScheduledDomestic,Akasa Air,2026,3,4560,10341.1,5340.787,778132.0,919960.102,1016099.059,90.54,4340.35,247.17,4587.52,76264.432,5483.16,325.362,82072.954,109518.178,74.94,2026-03-01,2.7075198523573345
ScheduledDomestic,Akasa Air,2026,4,4593,10543.833,5510.473,791273.0,953359.505,1039190.441,91.74,4262.188,274.103,4536.29,78822.105,5411.131,364.122,84597.358,112997.759,74.87,2026-04-01,2.8638564567200895
ScheduledDomestic,Alliance Air,2015,1,581,895.0,286.0,19612.0,12072.0,17948.0,67.261,13.0,4.0,17.0,1089.0,8.0,2.0,1099.0,1887.0,58.241,2015-01-01,0.15774552908214012
ScheduledDomestic,Alliance Air,2015,2,669,1003.0,374.0,22047.0,12788.0,19506.0,65.559,13.0,4.0,17.0,1154.0,8.0,2.0,1164.0,1896.0,61.392,2015-02-01,0.18407182199126856
ScheduledDomestic,Alliance Air,2015,3,774,1218.0,479.0,25651.0,16810.0,26000.0,64.654,15.0,4.0,19.0,1518.0,10.0,2.0,1530.0,2628.0,58.219,2015-03-01,0.20517989856109306
ScheduledDomestic,Alliance Air,2015,4,900,1392.0,605.0,33047.0,20020.0,28906.0,69.259,15.0,4.0,19.0,1810.0,10.0,2.0,1822.0,2903.0,62.763,2015-04-01,0.252711755352202
ScheduledDomestic,Alliance Air,2015,5,1029,1561.0,734.0,38835.0,22802.0,31643.0,72.06,15.0,4.0,19.0,2063.0,10.0,2.0,2075.0,3165.0,65.561,2015-05-01,0.27359608608593233
ScheduledDomestic,Alliance Air,2015,6,938,1410.0,643.0,31659.0,18470.0,28295.0,65.277,9.0,4.0,13.0,1675.0,4.0,2.0,1681.0,2822.0,59.568,2015-06-01,0.24097851021861844
ScheduledDomestic,Alliance Air,2015,7,946,1353.0,651.0,30552.0,17401.0,28650.0,60.736,9.0,4.0,13.0,1578.0,4.0,2.0,1584.0,2865.0,55.288,2015-07-01,0.22638516421371616
ScheduledDomestic,Alliance Air,2015,8,854,1287.0,559.0,29539.0,17581.0,28248.0,62.238,9.0,4.0,13.0,1670.0,4.0,2.0,1676.0,2839.0,59.035,2015-08-01,0.2192827799880838
ScheduledDomestic,Alliance Air,2015,9,898,1173.0,603.0,29211.0,16390.0,26296.0,62.329,9.0,4.0,13.0,1486.0,4.0,2.0,1492.0,2577.0,57.897,2015-09-01,0.22005106576853348
ScheduledDomestic,Alliance Air,2015,10,851,1374.0,556.0,36433.0,19744.0,28940.0,68.224,15.0,4.0,19.0,1785.0,10.0,2.0,1797.0,2864.0,62.744,2015-10-01,0.25992050497617963
ScheduledDomestic,Alliance Air,2015,11,934,1299.0,639.0,34705.0,20142.0,28495.0,70.686,15.0,4.0,19.0,1820.0,10.0,2.0,1832.0,2831.0,64.712,2015-11-01,0.23804634224870216
ScheduledDomestic,Alliance Air,2015,12,827,1166.0,552.0,33139.0,17631.0,24421.0,72.196,12.0,4.0,16.0,1522.0,3.0,2.0,1527.0,2322.0,65.762,2015-12-01,0.21589285137263528
ScheduledDomestic,Alliance Air,2016,1,884,1210.0,592.0,29601.0,17226.0,26729.0,64.447,10.0,3.0,13.0,1393.0,6.0,2.0,1401.0,2352.0,59.566,2016-01-01,0.19420988051378324
ScheduledDomestic,Alliance Air,2016,2,775,1423.0,514.0,35835.0,19904.0,30141.0,66.036,0.0,3.0,3.0,1382.0,3.0,2.0,1387.0,2145.0,64.662,2016-02-01,0.24071198352719936
ScheduledDomestic,Alliance Air,2016,3,960,1485.0,670.0,37784.0,20673.0,31837.0,64.934,9.0,3.0,12.0,1881.0,5.0,2.0,1888.0,3094.0,61.021,2016-03-01,0.24111079431533952
ScheduledDomestic,Alliance Air,2016,4,918,1695.0,630.0,44691.0,25333.0,36415.0,69.567,7.0,3.0,10.0,2257.0,4.0,1.0,2262.0,3584.0,63.114,2016-04-01,0.28296403417019755
ScheduledDomestic,Alliance Air,2016,5,1005,1809.0,715.0,50046.0,28705.0,40494.0,70.887,0.0,0.0,0.0,2612.0,5.0,2.0,2619.0,4007.0,65.361,2016-05-01,0.29017620814852085
ScheduledDomestic,Alliance Air,2016,6,955,1745.0,675.0,44202.0,25925.0,39578.0,65.504,3.0,3.0,6.0,2359.0,5.0,2.0,2366.0,3880.0,60.979,2016-06-01,0.2785679632851432
ScheduledDomestic,Alliance Air,2016,7,1045,1917.0,765.0,47610.0,27778.0,42606.0,65.197,3.0,3.0,6.0,2527.0,5.0,2.0,2534.0,4163.0,60.87,2016-07-01,0.280877299981558
ScheduledDomestic,Alliance Air,2016,8,1160,2079.0,880.0,54618.0,28830.0,43073.0,66.933,7.0,3.0,10.0,2570.0,5.0,2.0,2577.0,4129.0,62.412,2016-08-01,0.32707277234446347
ScheduledDomestic,Alliance Air,2016,9,1169,2058.0,905.0,52990.0,27763.0,42171.0,65.834,5.0,3.0,8.0,2518.0,5.0,3.0,2526.0,4058.0,62.247,2016-09-01,0.32316315683872154
ScheduledDomestic,Alliance Air,2016,10,1174,2090.0,894.0,57813.0,30088.0,43453.0,69.243,7.0,3.0,10.0,2670.0,5.0,2.0,2677.0,4193.0,63.845,2016-10-01,0.33455865375167143
ScheduledDomestic,Alliance Air,2016,11,1117,2050.0,837.0,58611.0,30073.0,40900.0,73.528,7.0,3.0,10.0,2736.0,5.0,2.0,2743.0,3914.0,70.082,2016-11-01,0.32774716893012085
ScheduledDomestic,Alliance Air,2016,12,955,1714.0,675.0,53803.0,24858.0,33353.0,74.53,7.0,3.0,10.0,2262.0,5.0,2.0,2269.0,3136.0,72.353,2016-12-01,0.2826903432373469
ScheduledDomestic,Alliance Air,2017,1,1027,1858.0,747.0,53021.0,24534.0,35955.0,68.235,6.0,3.0,9.0,2232.0,4.0,2.0,2238.0,3332.0,67.167,2017-01-01,0.281865287838731
ScheduledDomestic,Alliance Air,2017,2,1005,1847.0,725.0,51519.0,24357.0,34926.0,69.739,6.0,3.0,9.0,2216.0,4.0,2.0,2222.0,3231.0,68.771,2017-02-01,0.3031299718516705
ScheduledDomestic,Alliance Air,2017,3,1156,2049.0,876.0,56487.0,25526.0,37669.0,67.764,6.0,3.0,9.0,2322.0,4.0,2.0,2328.0,3488.0,66.743,2017-03-01,0.3185494622098728
ScheduledDomestic,Alliance Air,2017,4,1209,2185.0,926.0,63087.0,29013.0,40168.0,72.229,6.0,6.0,12.0,2640.0,4.0,2.0,2646.0,3712.0,71.282,2017-04-01,0.3523793298944599
ScheduledDomestic,Alliance Air,2017,5,1309,2304.0,1029.0,71136.0,31326.0,41937.0,74.698,6.0,3.0,9.0,2850.0,4.0,2.0,2856.0,3876.0,73.684,2017-05-01,0.35660726804874376
ScheduledDomestic,Alliance Air,2017,6,1264,2275.0,984.0,72723.0,31357.0,41320.0,75.888,6.0,3.0,9.0,2853.0,4.0,2.0,2859.0,3829.0,74.667,2017-06-01,0.3884105881742187
ScheduledDomestic,Alliance Air,2017,7,1441,2633.0,1171.0,83846.0,36923.0,48294.0,76.455,6.0,3.0,9.0,3361.0,4.0,2.0,3367.0,4473.0,75.274,2017-07-01,0.4478017918160145
ScheduledDomestic,Alliance Air,2017,8,1441,2724.0,1171.0,88714.0,39270.0,50689.0,77.472,6.0,3.0,9.0,3576.0,4.0,2.0,3582.0,4722.0,75.858,2017-08-01,0.46911552153474184
ScheduledDomestic,Alliance Air,2017,9,1730,3076.0,1450.0,105919.0,46396.0,58892.0,78.781,6.0,3.0,9.0,4224.0,4.0,2.0,4230.0,5472.0,77.303,2017-09-01,0.5662115014507703
ScheduledDomestic,Alliance Air,2017,10,1989,3563.0,1709.0,120496.0,53781.0,70539.0,76.243,6.0,3.0,9.0,4894.0,4.0,2.0,4900.0,6554.0,74.764,2017-10-01,0.5910957326278801
ScheduledDomestic,Alliance Air,2017,11,2033,3621.0,1753.0,124946.0,55943.0,71586.0,78.148,6.0,3.0,9.0,5092.0,4.0,2.0,5098.0,6653.0,76.627,2017-11-01,0.6103882863055504
ScheduledDomestic,Alliance Air,2017,12,2095,3952.0,1784.0,141201.0,63542.0,77274.0,82.229,7.0,2.0,9.0,5168.0,5.0,2.0,5175.0,6653.0,77.784,2017-12-01,0.6441921832485671
ScheduledDomestic,Alliance Air,2018,1,2013,3859.0,1743.0,134627.0,60834.0,74507.0,81.649,7.0,3.0,10.0,5537.0,5.0,2.0,5544.0,6931.0,79.988,2018-01-01,0.5879877834877926
ScheduledDomestic,Alliance Air,2018,2,2000,3763.0,1820.0,132115.0,59386.0,72379.0,82.049,7.0,3.0,10.0,5405.0,5.0,2.0,5412.0,6725.0,80.476,2018-02-01,0.6161961238248478
ScheduledDomestic,Alliance Air,2018,3,2304,4247.0,2024.0,142441.0,62562.0,82128.0,76.176,7.0,3.0,10.0,5693.0,5.0,2.0,5700.0,7622.0,74.784,2018-03-01,0.6169036832321437
ScheduledDomestic,Alliance Air,2018,4,2255,4251.0,1975.0,139655.0,61099.0,80027.0,76.348,7.0,3.0,10.0,5561.0,5.0,2.0,5568.0,7434.0,74.899,2018-04-01,0.6084921107563263
ScheduledDomestic,Alliance Air,2018,5,2320,4385.0,2318.0,137718.0,60114.0,82413.0,72.942,5.0,3.0,8.0,5803.0,2.0,1.0,5806.0,7665.0,75.747,2018-05-01,0.5826307845729041
ScheduledDomestic,Alliance Air,2018,6,2152,4133.0,1872.0,131358.0,56370.0,77700.0,72.548,7.0,3.0,10.0,5129.0,5.0,2.0,5136.0,7222.0,71.116,2018-06-01,0.5818306097700663
ScheduledDomestic,Alliance Air,2018,7,2259,4254.0,1979.0,134169.0,57904.0,80342.0,72.072,7.0,3.0,10.0,5269.0,5.0,2.0,5276.0,7472.0,70.61,2018-07-01,0.5754363325582734
ScheduledDomestic,Alliance Air,2018,8,2358,4416.0,2078.0,132970.0,56929.0,83152.0,68.464,7.0,3.0,10.0,5182.0,5.0,2.0,5189.0,7738.0,67.059,2018-08-01,0.5873640011817073
ScheduledDomestic,Alliance Air,2018,9,2396,4430.0,2116.0,129952.0,54847.0,84326.0,65.042,7.0,0.0,7.0,4995.0,7.0,0.0,5002.0,7822.0,63.948,2018-09-01,0.5717852960997055
ScheduledDomestic,Alliance Air,2018,10,2369,4086.0,2104.0,123014.0,51236.0,78182.0,65.534,6.0,0.0,6.0,4665.0,7.0,0.0,4672.0,7259.0,64.361,2018-10-01,0.5210081300206973
ScheduledDomestic,Alliance Air,2018,11,2439,4163.0,2187.0,129339.0,54169.0,79653.0,68.006,6.5,0.0,6.5,4674.0,3.0,0.0,4677.0,7259.0,64.43,2018-11-01,0.5571822266197483
ScheduledDomestic,Alliance Air,2018,12,3201,4613.0,1844.0,143712.0,61431.0,88725.0,69.238,4.8,0.0,4.8,5590.0,2.2,0.0,5592.2,8241.0,67.858,2018-12-01,0.5680401523817354
ScheduledDomestic,Alliance Air,2019,1,2606,4638.0,1901.0,138705.0,58712.999,89372.474,65.695,6.5,0.0,6.5,5343.0,3.0,0.0,5346.0,8306.0,64.363,2019-01-01,0.5561960289756859
ScheduledDomestic,Alliance Air,2019,2,2214,4015.0,1659.0,127312.0,53354.0,77272.0,69.047,8.0,0.0,8.0,4855.0,3.8,0.0,4858.8,7178.0,67.69,2019-02-01,0.5622552179034865
ScheduledDomestic,Alliance Air,2019,3,2414,4314.0,1788.0,129478.0,53681.29,83357.69,64.399,11.5,0.0,11.5,4855.0,3.8,0.0,4858.8,7743.0,62.751,2019-03-01,0.5601317757610954
ScheduledDomestic,Alliance Air,2019,4,2385,4257.0,1792.0,134597.0,56195.0,82941.0,67.753,11.6,0.0,11.6,5114.0,5.6,0.0,5119.6,7713.0,66.376,2019-04-01,0.6136360818034337
ScheduledDomestic,Alliance Air,2019,5,2617,4703.0,1958.0,152294.0,64350.0,91234.0,70.533,15.1,0.0,15.1,5856.0,7.2,0.0,5863.2,8466.0,69.256,2019-05-01,0.6266340754734154
ScheduledDomestic,Alliance Air,2019,6,2494,4511.0,1886.0,147259.0,61093.0,86163.0,70.904,13.6,0.0,13.6,5560.0,6.6,0.0,5566.6,7988.0,69.687,2019-06-01,0.6141234335596589
ScheduledDomestic,Alliance Air,2019,7,2469,4463.0,1810.0,135724.0,56763.0,85207.0,66.618,11.7,0.0,11.7,5165.0,5.6,0.0,5170.6,7916.0,65.318,2019-07-01,0.5720022184872817
ScheduledDomestic,Alliance Air,2019,8,2603,4532.0,1790.0,134431.0,56175.0,88069.0,63.785,21.6,0.0,21.6,5112.0,10.3,0.0,5122.3,8187.0,62.566,2019-08-01,0.571719249873179
ScheduledDomestic,Alliance Air,2019,9,2667,4610.0,1787.0,135642.0,55415.0,88338.0,62.731,25.0,0.0,25.0,5043.0,12.2,0.0,5055.2,8209.0,61.581,2019-09-01,0.5903603120768164
ScheduledDomestic,Alliance Air,2019,10,2700,4667.0,1805.0,145086.0,58309.0,88373.0,65.981,25.8,0.0,25.8,5306.0,12.6,0.0,5318.6,8200.0,64.861,2019-10-01,0.5907290161030924
ScheduledDomestic,Alliance Air,2019,11,2507,4410.0,1658.0,134676.0,54529.0,82734.0,65.909,22.8,0.0,22.8,4962.0,11.0,0.0,4973.0,7676.0,64.786,2019-11-01,0.5215902080032471
ScheduledDomestic,Alliance Air,2019,12,2690,4690.0,1751.0,145520.0,58192.0,88009.0,66.121,24.3,0.0,24.3,5295.6,11.7,0.0,5307.3,8157.0,65.064,2019-12-01,0.5605370801903916
ScheduledDomestic,Alliance Air,2020,1,2684,4627.0,1747.0,142268.0,57617.0,89407.0,64.443,17.8,,17.8,5243.0,8.5,,5251.5,8291.0,63.34,2020-01-01,0.5580191582864559
ScheduledDomestic,Alliance Air,2020,2,2735,4683.0,1695.0,145354.0,58381.0,89662.0,65.112,20.2,,20.2,5312.7,9.9,,5322.6,8303.0,64.105,2020-02-01,0.5893765917494413
ScheduledDomestic,Alliance Air,2020,3,1987,3345.0,1196.0,82612.0,33510.0,65187.0,51.406,15.5,,15.5,3049.4,7.7,,3057.1,5954.0,51.345,2020-03-01,0.5339703160800224
ScheduledDomestic,Alliance Air,2020,5,212,281.0,86.0,3772.0,1548.0,6676.0,23.188,85.0,,85.0,140.6,0.0,0.0,140.6,502.9,27.958,2020-05-01,0.6774011644403898
ScheduledDomestic,Alliance Air,2020,6,1422,2200.0,752.0,36092.0,14295.0,42942.0,33.289,8.0,,8.0,1301.0,4.0,,1305.0,3968.0,32.888,2020-06-01,0.9325059663897897
ScheduledDomestic,Alliance Air,2020,7,1540,2504.0,917.0,41967.0,16366.0,48616.0,33.664,23.6,,23.6,1486.0,9.0,,1495.0,4497.0,33.244,2020-07-01,1.0192416562294397
ScheduledDomestic,Alliance Air,2020,8,1229,2371.0,1011.0,45544.0,18673.0,44933.0,41.557,32.5,,32.5,1699.0,14.0,,1713.0,4168.0,41.099,2020-08-01,0.8057610570996281
ScheduledDomestic,Alliance Air,2020,9,1260,2548.0,1146.0,49709.0,20300.0,48594.0,41.775,36.2,,36.2,1847.0,18.0,,1865.0,4509.0,41.362,2020-09-01,0.6308749908304898
ScheduledDomestic,Alliance Air,2020,10,1386,2874.0,1339.0,63236.0,25317.0,54388.0,46.549,37.1,,37.1,2304.0,19.0,,2323.0,5044.0,46.055,2020-10-01,0.600110539685721
ScheduledDomestic,Alliance Air,2020,11,1600,3096.0,1359.0,82656.0,33735.0,59069.0,57.111,46.968,,46.968,3070.0,14.0,,3084.0,5472.0,56.36,2020-11-01,0.6515951136042395
ScheduledDomestic,Alliance Air,2020,12,1787,3482.0,1474.0,99226.0,40329.0,64982.0,62.062,25.0,,25.0,3670.0,16.0,,3686.0,6032.0,61.107,2020-12-01,0.679066047053516
ScheduledDomestic,Alliance Air,2021,1,1652,3167.0,1351.0,92039.0,36600.0,59562.0,61.449,19.0,,19.0,3331.0,12.0,,3343.0,5536.0,60.387,2021-01-01,0.5973438289766048
ScheduledDomestic,Alliance Air,2021,2,1660,3086.0,1240.0,95469.0,37382.0,57272.0,65.271,18.0,,18.0,3402.0,10.0,0.0,3412.0,5335.0,63.955,2021-02-01,0.6123542268021664
ScheduledDomestic,Alliance Air,2021,3,1809,3472.0,1515.0,95563.0,38098.0,65795.0,57.904,24.0,,24.0,3467.0,14.0,,3481.0,6117.0,56.907,2021-03-01,0.6135815833708944
ScheduledDomestic,Alliance Air,2021,4,1530,2956.0,1407.0,63147.0,25269.0,57532.0,43.922,39.0,,39.0,2299.0,22.0,,2321.0,5354.0,43.351,2021-04-01,0.5590769188272054
ScheduledDomestic,Alliance Air,2021,5,1042,2024.0,1019.0,29756.0,12178.0,39320.0,30.972,44.0,,44.0,1108.0,22.0,0.0,1130.0,3660.0,30.874,2021-05-01,0.7302544650657808
ScheduledDomestic,Alliance Air,2021,6,1217,2420.0,1231.0,52874.0,22051.0,46841.0,47.076,47.0,,47.0,2007.0,26.0,,2033.0,4336.0,46.887,2021-06-01,0.8728991829013852
ScheduledDomestic,Alliance Air,2021,7,2185,2845.0,1577.0,70363.0,29715.0,54547.0,54.476,59.0,,59.0,2704.0,30.0,0.0,2734.0,5064.0,53.989,2021-07-01,0.7183322498235893
ScheduledDomestic,Alliance Air,2021,8,2336,3081.0,1712.0,80491.0,33347.0,58161.0,57.336,54.5,,54.5,3035.0,26.0,,3061.0,5401.0,56.675,2021-08-01,0.6149932091045676
ScheduledDomestic,Alliance Air,2021,9,2499,3277.0,1811.0,91031.0,38186.0,63455.0,60.178,50.63,,50.63,3475.0,25.0,0.0,3500.0,5883.0,59.493,2021-09-01,0.6604223115963457
ScheduledDomestic,Alliance Air,2021,10,2572,3515.0,1824.0,107718.0,48771.0,70954.0,68.736,32.33,,32.33,4438.0,16.0,0.0,4454.0,6576.0,67.731,2021-10-01,0.6131388556471752
ScheduledDomestic,Alliance Air,2021,11,2907,3811.0,2218.0,120306.0,54410.0,79476.0,68.461,34.56,,34.56,4951.0,18.0,,4969.0,7124.0,69.75,2021-11-01,0.5744595145137621
ScheduledDomestic,Alliance Air,2021,12,3085,3958.0,2263.0,125358.0,56284.0,84022.0,66.987,29.42,,29.42,5122.0,16.0,,5138.0,7793.0,65.931,2021-12-01,0.561837183117832
ScheduledDomestic,Alliance Air,2022,1,2745,3369.0,1975.0,79509.0,33309.0,68614.0,48.545,33.45,,33.45,3031.0,16.0,,3047.0,6364.0,47.879,2022-01-01,0.6201389921253603
ScheduledDomestic,Alliance Air,2022,2,2620,3302.0,1819.0,111715.0,46365.0,64487.0,71.898,37.77,,37.77,4219.0,18.0,,4237.0,5973.0,70.936,2022-02-01,0.725824203383329
ScheduledDomestic,Alliance Air,2022,3,3209,4130.0,2120.0,145441.0,58434.0,78966.0,73.999,47.78,,47.78,5318.0,22.0,,5340.0,7319.0,72.961,2022-03-01,0.6847735545134195
ScheduledDomestic,Alliance Air,2022,4,2907,3837.183,2217.695,120306.0,48693.097,72765.28,66.918,34.56,,34.56,4951.404,17.869,,4969.273,7364.19,67.479,2022-04-01,0.5702199090575413
ScheduledDomestic,Alliance Air,2022,5,3085,4174.749,2263.447,125358.0,50627.439,77281.834,65.51,29.42,,29.42,5121.962,15.538,,5137.5,7792.556,65.928,2022-05-01,0.5464402268722109
ScheduledDomestic,Alliance Air,2022,6,2907,3837.183,2217.695,120306.0,48693.097,72765.28,66.918,34.56,,34.56,4951.404,17.869,,4969.273,7364.19,67.479,2022-06-01,0.5721212513184764
ScheduledDomestic,Alliance Air,2022,7,2620,3302.0,1819.0,111715.0,46365.0,64487.0,71.898,37.77,,37.77,4219.0,18.0,,4237.0,5973.0,70.936,2022-07-01,0.5755577523762655
ScheduledDomestic,Alliance Air,2022,8,3085,3958.0,2263.0,125358.0,56284.0,84022.0,66.987,29.42,,29.42,5122.0,16.0,,5138.0,7793.0,65.931,2022-08-01,0.6196185963279598
ScheduledDomestic,Alliance Air,2022,9,2907,3811.0,2218.0,120306.0,54410.0,79476.0,68.461,34.56,,34.56,4951.0,18.0,,4969.0,7124.0,69.75,2022-09-01,0.5813662982673056
ScheduledDomestic,Alliance Air,2022,10,3619,4733.0,2714.0,139768.0,53463.0,86225.0,62.004,30.731,,30.731,2795.0,20.0,0.0,2815.0,7124.0,39.514,2022-10-01,0.6129650116827706
ScheduledDomestic,Alliance Air,2022,11,3548,4642.0,1266.0,144477.0,56621.0,84152.0,67.284,17.0,1.475,18.475,5075.0,20.0,,5095.0,6346.0,80.287,2022-11-01,0.6185554033871578
ScheduledDomestic,Alliance Air,2022,12,4025,5128.0,1457.0,169217.0,66326.0,94764.0,69.991,39.0,3.92,42.92,5990.0,17.0,3.92,6010.92,8410.0,71.473,2022-12-01,0.6643540151768441
ScheduledDomestic,Alliance Air,2023,1,3729,4863.0,1352.39,151400.0,57292.112,86793.046,66.01,33.342,18.718,52.06,5213.582,14.701,6.578,5234.861,8930.286,58.619,2023-01-01,0.6031378465572701
ScheduledDomestic,Alliance Air,2023,2,3310,4398.0,1199.0,133815.0,51951.0,80008.0,64.932,41.34,18.185,59.525,4675.598,41.339,18.185,4735.122,7750.06,61.098,2023-02-01,0.5544036925610182
ScheduledDomestic,Alliance Air,2023,3,3548,4768.717,1304.642,133282.0,52237.822,79702.601,65.541,38.153,17.232,55.385,4701.404,38.153,17.232,4756.789,8390.486,56.693,2023-03-01,0.5168694777563703
ScheduledDomestic,Alliance Air,2023,4,3392,4508.0,1266.382,141648.0,56181.265,81080.621,69.291,19.82,17.646,37.466,5112.495,19.821,17.646,5149.962,8310.224,61.971,2023-04-01,0.54951696912187
ScheduledDomestic,Alliance Air,2023,5,3708,5025.0,1406.74,184966.0,74060.872,92250.479,80.282,10.578,13.693,24.271,6739.539,4.651,6.208,6750.399,9201.733,73.36,2023-05-01,0.6998768444388007
ScheduledDomestic,Alliance Air,2023,6,3165,4303.0,1225.92,144033.0,58587.737,79738.924,73.474,11.874,9.467,21.341,5331.484,5.139,4.483,5341.105,7986.161,66.88,2023-06-01,0.5767502301066559
ScheduledDomestic,Alliance Air,2023,7,2956,4032.0,1144.864,123706.0,50629.716,74161.581,68.269,12.537,3.958,16.495,4607.304,5.602,0.902,4613.808,7441.39,62.002,2023-07-01,0.5111805507920228
ScheduledDomestic,Alliance Air,2023,8,2906,3910.0,1110.781,124526.0,50562.014,72269.417,69.963,30.451,5.992,36.443,4601.143,12.898,2.565,4616.606,7228.323,63.868,2023-08-01,0.5012045314241146
ScheduledDomestic,Alliance Air,2023,9,2880,3845.0,1072.314,119632.0,48241.523,70317.919,68.605,24.978,3.734,28.712,4389.979,11.11,1.589,4402.678,7014.359,62.767,2023-09-01,0.48843147567531064
ScheduledDomestic,Alliance Air,2023,10,2973,4017.0,1128.028,129759.0,53137.492,74085.689,71.724,24.303,7.401,31.704,4835.512,11.151,3.578,4850.24,7360.558,65.895,2023-10-01,0.5134195190500843
ScheduledDomestic,Alliance Air,2023,11,2759,3706.0,1031.894,123592.0,50002.641,68511.677,72.984,14.195,4.477,18.672,4550.24,6.74,1.873,4558.853,6808.367,66.96,2023-11-01,0.4852303744980328
ScheduledDomestic,Alliance Air,2023,12,2804,3779.0,1056.725,130927.0,53599.753,69571.362,77.043,10.563,4.301,14.864,4877.578,5.068,1.843,4884.488,6891.3,70.879,2023-12-01,0.47446423052771286
ScheduledDomestic,Alliance Air,2024,1,2712,3648.0,1016.259,132650.0,53130.559,66318.095,80.115,10.971,2.516,13.487,4834.881,5.47,1.087,4841.438,6722.751,72.016,2024-01-01,0.5050792351855291
ScheduledDomestic,Alliance Air,2024,2,2664,3563.0,994.004,129279.0,51364.544,64966.573,79.063,13.259,0.252,13.511,4674.173,6.354,0.103,4680.63,6567.235,71.272,2024-02-01,0.5110930343584633
ScheduledDomestic,Alliance Air,2024,3,2968,3953.0,1100.836,140154.0,55778.509,71425.846,78.093,13.108,0.23,13.338,5075.844,6.322,0.094,5082.26,7222.909,70.363,2024-03-01,0.5242354049398136
ScheduledDomestic,Alliance Air,2024,4,2708,3671.0,1007.477,127836.0,50827.804,64295.949,79.053,6.854,0.262,7.116,4625.33,3.141,0.107,4628.578,6582.048,70.321,2024-04-01,0.4842255119072294
ScheduledDomestic,Alliance Air,2024,5,2837,3893.0,1055.707,135176.0,53532.269,67436.582,79.382,6.629,0.092,6.721,4874.689,3.215,0.037,4877.941,6923.654,70.453,2024-05-01,0.489934942340149
ScheduledDomestic,Alliance Air,2024,6,2869,3893.0,1052.39,133913.0,51895.878,66001.499,78.628,1.498,0.0,1.498,4722.525,0.779,0.0,4723.304,6882.96,68.623,2024-06-01,0.5070223540697335
ScheduledDomestic,Alliance Air,2024,7,2640,3627.0,985.052,120815.0,47143.066,62341.487,75.621,4.646,,4.646,4290.019,2.367,,4292.386,6425.604,66.801,2024-07-01,0.46517027237959346
ScheduledDomestic,Alliance Air,2024,8,2581,3483.0,949.557,115010.0,44304.528,60430.431,73.315,1.158,,1.158,4031.712,0.703,0.0,4032.415,6219.184,64.838,2024-08-01,0.4379431742361926
ScheduledDomestic,Alliance Air,2024,9,2302,3068.0,825.609,101886.0,38623.908,52826.797,73.114,1.821,,1.821,3514.776,0.935,,3515.711,5411.545,64.967,2024-09-01,0.39104694927650596
ScheduledDomestic,Alliance Air,2024,10,2264,2989.0,819.134,98107.0,37809.35,51188.048,73.864,1.274,,1.274,3440.651,0.858,,3441.508,5239.647,65.682,2024-10-01,0.3591770285445918
ScheduledDomestic,Alliance Air,2024,11,2121,2830.0,795.767,96860.0,38932.533,52284.783,74.462,0.725,0.0,0.725,3542.86,0.001,,3542.861,5023.175,70.53,2024-11-01,0.3398533051944434
ScheduledDomestic,Alliance Air,2024,12,2069,2802.0,795.961,99952.0,40571.823,52226.36,77.685,0.862,,0.862,3692.036,0.001,,3692.037,5003.502,73.789,2024-12-01,0.33481724134604357
ScheduledDomestic,Alliance Air,2025,1,1953,2704.0,782.94,90895.0,38440.168,49509.391,77.64,0.048,0.0,0.048,3498.055,0.0,0.0,3498.055,4759.342,73.5,2025-01-01,0.30911647203954024
ScheduledDomestic,Alliance Air,2025,2,1710,2497.0,728.02,85992.0,38733.658,46649.685,83.03,0.0,0.0,0.0,3524.763,0.0,0.0,3524.763,4474.414,78.78,2025-02-01,0.3045367087639299
ScheduledDomestic,Alliance Air,2025,3,1697,2346.0,663.597,77945.0,32129.95,42326.896,75.91,0.069,0.0,0.069,2923.825,0.0,0.0,2923.826,4069.809,71.84,2025-03-01,0.26800544806302323
ScheduledDomestic,Alliance Air,2025,4,1637,2229.0,605.112,75957.0,30123.064,39734.389,75.81,0.144,0.0,0.144,2741.199,0.0,0.0,2741.199,3806.714,72.01,2025-04-01,0.26531140601876896
ScheduledDomestic,Alliance Air,2025,5,1420,1952.0,543.512,62159.0,25337.841,34260.793,73.96,0.0,0.0,0.0,2305.744,0.0,0.0,2305.744,3286.336,70.16,2025-05-01,0.22113048160546156
ScheduledDomestic,Alliance Air,2025,6,1630,2241.0,624.611,66355.0,27047.685,39831.44,67.91,0.0,0.0,0.0,2461.339,0.0,0.0,2461.339,3816.155,64.5,2025-06-01,0.24387488319879755
ScheduledDomestic,Alliance Air,2025,7,1254,1781.0,505.759,46012.0,19844.949,31630.296,62.74,0.0,0.0,0.0,1805.89,0.0,0.0,1805.89,3035.191,59.5,2025-07-01,0.18251035753815534
ScheduledDomestic,Alliance Air,2025,8,966,1361.0,394.321,37473.0,16441.751,23927.297,68.72,0.0,0.0,0.0,1496.199,0.0,0.0,1496.199,2297.997,65.11,2025-08-01,0.14469862735359715
ScheduledDomestic,Alliance Air,2025,9,1094,1498.0,424.73,43562.0,17909.504,26784.424,66.87,0.0,0.0,0.0,1629.765,0.0,0.0,1629.765,2568.884,63.44,2025-09-01,0.1722697779047816
ScheduledDomestic,Alliance Air,2025,10,701,946.0,267.526,29206.0,11936.501,17489.725,68.25,0.0,0.0,0.0,1086.222,0.0,0.0,1086.222,1677.548,64.75,2025-10-01,0.10409824741693348
ScheduledDomestic,Alliance Air,2025,11,1415,1938.0,559.768,57557.0,23728.087,37243.837,63.71,0.0,0.0,0.0,2159.256,0.0,0.0,2159.256,3560.666,60.64,2025-11-01,0.18887686962078137
ScheduledDomestic,Alliance Air,2025,12,1276,1773.0,523.982,57030.0,24556.386,34576.143,71.02,0.0,0.0,0.0,2234.631,0.0,0.0,2234.631,3306.356,67.59,2025-12-01,0.1993152335203558
ScheduledDomestic,Alliance Air,2026,1,1378,1908.0,566.423,57459.0,24249.432,37442.125,64.77,0.0,0.0,0.0,2206.698,0.0,0.0,2206.698,3585.44,61.55,2026-01-01,0.18842490825193473
ScheduledDomestic,Alliance Air,2026,2,1309,1786.0,523.143,53796.0,22518.46,34209.064,65.83,0.0,0.0,0.0,2049.18,0.0,0.0,2049.18,3270.337,62.66,2026-02-01,0.19124484267093494
ScheduledDomestic,Alliance Air,2026,3,1214,1689.0,497.74,45672.0,19769.918,32604.696,60.64,0.0,0.0,0.0,1799.062,0.0,0.0,1799.062,3122.19,57.62,2026-03-01,0.158916285022161
ScheduledDomestic,Alliance Air,2026,4,1156,1575.0,454.528,42677.0,18243.581,29836.52,61.15,0.0,0.0,0.0,1660.166,0.0,0.0,1660.166,2871.311,57.82,2026-04-01,0.15446097870576053
ScheduledDomestic,Blue Dart Aviation,2016,1,455,855.3,424.0,0.0,0.0,0.0,0.0,9249.0,0.0,9249.0,0.0,8905299.0,0.0,8905299.0,13117297.0,67.89,2016-01-01,0.0
ScheduledDomestic,Blue Dart Aviation,2016,2,479,832.55,496.0,0.0,0.0,0.0,0.0,10033.0,0.0,10033.0,0.0,10564640.0,0.0,10564640.0,15423717.0,68.496,2016-02-01,0.0
ScheduledDomestic,Blue Dart Aviation,2016,3,507,909.0,508.0,0.0,0.0,0.0,0.0,10483.0,0.0,10483.0,0.0,10769536.0,0.0,10769536.0,16139392.0,66.728,2016-03-01,0.0
ScheduledDomestic,Blue Dart Aviation,2016,4,482,859.1,484.0,0.0,0.0,0.0,0.0,9529.0,0.0,9529.0,0.0,9772089.0,0.0,9772089.0,15386735.0,63.51,2016-04-01,0.0
ScheduledDomestic,Blue Dart Aviation,2016,5,503,900.5,507.0,0.0,0.0,0.0,0.0,10305.0,0.0,10305.0,0.0,10698545.0,0.0,10698545.0,16095961.0,66.467,2016-05-01,0.0
ScheduledDomestic,Blue Dart Aviation,2016,6,515,911.5,511.0,0.0,0.0,0.0,0.0,10584.0,0.0,10584.0,0.0,10728894.0,0.0,10728894.0,16100122.0,66.639,2016-06-01,0.0
ScheduledDomestic,Blue Dart Aviation,2016,7,506,943.083,508.0,0.0,0.0,0.0,0.0,10287.0,0.0,10287.0,0.0,10580200.0,0.0,10580200.0,15996494.0,66.141,2016-07-01,0.0
ScheduledDomestic,Blue Dart Aviation,2016,8,541,945.416,550.0,0.0,0.0,0.0,0.0,10965.0,0.0,10965.0,0.0,11487311.0,0.0,11487311.0,17279414.0,66.48,2016-08-01,0.0
ScheduledDomestic,Blue Dart Aviation,2016,9,520,932.33,524.0,0.0,0.0,0.0,0.0,11150.0,0.0,11150.0,0.0,11498589.0,0.0,11498589.0,16571460.0,69.388,2016-09-01,0.0
ScheduledDomestic,Blue Dart Aviation,2016,10,608,1157.33,647.0,0.0,0.0,0.0,0.0,12183.0,0.0,12183.0,0.0,13092242.0,0.0,13092242.0,20484242.0,63.914,2016-10-01,0.0
ScheduledDomestic,Blue Dart Aviation,2016,11,496,882.583,490.0,0.0,0.0,0.0,0.0,10232.0,0.0,10232.0,0.0,10394129.0,0.0,10394129.0,15506752.0,67.03,2016-11-01,0.0
ScheduledDomestic,Blue Dart Aviation,2016,12,562,1021.33,540.0,0.0,0.0,0.0,0.0,11602.0,0.0,11602.0,0.0,11458006.0,0.0,11458006.0,16838718.0,68.046,2016-12-01,0.0
ScheduledDomestic,Blue Dart Aviation,2017,1,524,977.933,520.0,0.0,0.0,0.0,0.0,10543.0,0.0,10543.0,0.0,10789130.0,0.0,10789130.0,16140461.0,66.845,2017-01-01,0.0
ScheduledDomestic,Blue Dart Aviation,2017,2,495,897.833,479.0,0.0,0.0,0.0,0.0,9719.0,0.0,9719.0,0.0,9763326.0,0.0,9763326.0,14933600.0,65.378,2017-02-01,0.0
ScheduledDomestic,Blue Dart Aviation,2017,3,505,905.75,502.0,0.0,0.0,0.0,0.0,10668.0,0.0,10668.0,0.0,10891791.0,0.0,10891791.0,15901820.0,68.494,2017-03-01,0.0
ScheduledDomestic,Blue Dart Aviation,2017,4,474,884.5,469.0,0.0,0.0,0.0,0.0,9652.0,0.0,9652.0,0.0,9821402.0,0.0,9821402.0,14858072.0,66.101,2017-04-01,0.0
ScheduledDomestic,Blue Dart Aviation,2017,5,506,879.0,503.0,0.0,0.0,0.0,0.0,10696.0,0.0,10696.0,0.0,10925674.0,0.0,10925674.0,15811789.0,69.098,2017-05-01,0.0
ScheduledDomestic,Blue Dart Aviation,2017,6,502,899.083,504.0,0.0,0.0,0.0,0.0,10749.0,0.0,10749.0,0.0,11104536.0,0.0,11104536.0,15702688.0,70.717,2017-06-01,0.0
ScheduledDomestic,Blue Dart Aviation,2017,7,498,892.583,493.0,0.0,0.0,0.0,0.0,10516.0,0.0,10516.0,0.0,10833083.0,0.0,10833083.0,15408579.0,70.306,2017-07-01,0.0
ScheduledDomestic,Blue Dart Aviation,2017,8,500,895.417,502.0,0.0,0.0,0.0,0.0,10595.0,0.0,10595.0,0.0,11058872.0,0.0,11058872.0,15802952.0,69.98,2017-08-01,0.0
ScheduledDomestic,Blue Dart Aviation,2017,9,541,1035.917,556.0,0.0,0.0,0.0,0.0,11580.0,0.0,11580.0,0.0,12298956.0,0.0,12298956.0,17449991.0,70.481,2017-09-01,0.0
ScheduledDomestic,Blue Dart Aviation,2017,10,500,879.416,510.0,0.0,0.0,0.0,0.0,10573.0,0.0,10573.0,0.0,11119178.0,0.0,11119178.0,16128123.0,68.943,2017-10-01,0.0
ScheduledDomestic,Blue Dart Aviation,2017,11,508,914.416,513.0,0.0,0.0,0.0,0.0,10518.0,0.0,10518.0,0.0,11060038.0,0.0,11060038.0,16142172.0,68.516,2017-11-01,0.0
ScheduledDomestic,Blue Dart Aviation,2017,12,506,949.517,505.0,0.0,0.0,0.0,0.0,10719.0,0.0,10719.0,0.0,11111283.0,0.0,11111283.0,15765617.0,70.478,2017-12-01,0.0
ScheduledDomestic,Blue Dart Aviation,2018,1,506,893.833,500.0,0.0,0.0,0.0,0.0,10032.0,0.0,10032.0,0.0,10298.708,0.0,10298.708,15371.57,66.998,2018-01-01,0.0
ScheduledDomestic,Blue Dart Aviation,2018,2,478,875.5,470.0,0.0,0.0,0.0,0.0,9546.0,0.0,9546.0,0.0,9724.138,0.0,9724.138,14594.979,66.627,2018-02-01,0.0
ScheduledDomestic,Blue Dart Aviation,2018,3,501,921.667,502.0,0.0,0.0,0.0,0.0,10403.0,0.0,10403.0,0.0,10686.491,0.0,10686.491,15679.086,68.158,2018-03-01,0.0
ScheduledDomestic,Blue Dart Aviation,2018,4,472,854.0,474.0,0.0,0.0,0.0,0.0,9626.0,0.0,9626.0,0.0,10007.677,0.0,10007.677,14680.802,68.168,2018-04-01,0.0
ScheduledDomestic,Blue Dart Aviation,2018,5,497,906.283,496.0,0.0,0.0,0.0,0.0,10556.0,0.0,10556.0,0.0,11095.642,0.0,11095.642,15026.978,73.838,2018-05-01,0.0
ScheduledDomestic,Blue Dart Aviation,2018,6,509,951.0,509.0,0.0,0.0,0.0,0.0,10787.0,0.0,10787.0,0.0,11241.961,0.0,11241.961,15763.713,71.315,2018-06-01,0.0
ScheduledDomestic,Blue Dart Aviation,2018,7,497,913.417,497.0,0.0,0.0,0.0,0.0,10463.0,0.0,10463.0,0.0,10791.806,0.0,10791.806,15309.45,70.491,2018-07-01,0.0
ScheduledDomestic,Blue Dart Aviation,2018,8,496,895.917,500.0,0.0,0.0,0.0,0.0,10639.0,0.0,10639.0,0.0,11134.0,0.0,11134.0,15412.0,72.242,2018-08-01,0.0
ScheduledDomestic,Blue Dart Aviation,2018,9,466,857.083,471.0,0.0,0.0,0.0,0.0,10260.0,0.0,10260.0,0.0,10756.0,0.0,10756.0,14602.0,73.661,2018-09-01,0.0
ScheduledDomestic,Blue Dart Aviation,2018,10,539,947.666,552.0,0.0,0.0,0.0,0.0,11238.0,0.0,11238.0,0.0,11777.0,0.0,11777.0,17177.0,68.563,2018-10-01,0.0
ScheduledDomestic,Blue Dart Aviation,2018,11,479,869.167,479.0,0.0,0.0,0.0,0.0,9619.0,0.0,9619.0,0.0,9953.771,0.0,9953.771,14619.861,68.084,2018-11-01,0.0
ScheduledDomestic,Blue Dart Aviation,2018,12,488,885.167,487.0,0.0,0.0,0.0,0.0,10099.0,0.0,10099.0,0.0,10381.619,0.0,10381.619,14763.327,70.32,2018-12-01,0.0
ScheduledDomestic,Blue Dart Aviation,2019,1,467,840.416,460.0,0.0,0.0,0.0,,9314.0,0.0,9314.0,0.0,9509.15,0.0,9509.15,13929.529,68.266,2019-01-01,0.0
ScheduledDomestic,Blue Dart Aviation,2019,2,432,771.833,424.0,0.0,0.0,0.0,,8593.0,0.0,8593.0,0.0,8733.779,0.0,8733.779,12947.94,67.453,2019-02-01,0.0
ScheduledDomestic,Blue Dart Aviation,2019,3,464,860.083,461.0,0.0,0.0,0.0,,9558.0,0.0,9558.0,0.0,9814.0,0.0,9814.0,14262.0,68.812,2019-03-01,0.0
ScheduledDomestic,Blue Dart Aviation,2019,4,468,782.666,460.967,0.0,0.0,0.0,,9513.0,0.0,9513.0,0.0,9665.506,0.0,9665.506,14304.35,67.57,2019-04-01,0.0
ScheduledDomestic,Blue Dart Aviation,2019,5,485,863.666,484.0,0.0,0.0,0.0,,10311.0,0.0,10311.0,0.0,10613.0,0.0,10613.0,14936.0,71.057,2019-05-01,0.0
ScheduledDomestic,Blue Dart Aviation,2019,6,467,642.0,466.0,0.0,0.0,0.0,,10110.677,0.0,10110.677,0.0,10448.0,0.0,10448.0,14295.0,73.088,2019-06-01,0.0
ScheduledDomestic,Blue Dart Aviation,2019,7,517,619.083,508.0,0.0,0.0,0.0,,11224.204,0.0,11224.204,0.0,11423.0,0.0,11423.0,15579.0,73.323,2019-07-01,0.0
ScheduledDomestic,Blue Dart Aviation,2019,8,488,612.333,478.0,0.0,0.0,0.0,,10921.057,0.0,10921.057,0.0,11165.0,0.0,11165.0,14785.0,75.516,2019-08-01,0.0
ScheduledDomestic,Blue Dart Aviation,2019,9,445,595.03,442.0,0.0,0.0,0.0,,10502.616,0.0,10502.616,0.0,10812.0,0.0,10812.0,13702.0,78.908,2019-09-01,0.0
ScheduledDomestic,Blue Dart Aviation,2019,10,454,634.35,460.0,0.0,0.0,0.0,,10430.393,0.0,10430.393,0.0,10866.0,0.0,10866.0,14281.0,76.087,2019-10-01,0.0
ScheduledDomestic,Blue Dart Aviation,2019,11,454,621.25,444.0,0.0,0.0,0.0,,10375.355,0.0,10375.355,0.0,10605.0,0.0,10605.0,13751.0,77.122,2019-11-01,0.0
ScheduledDomestic,Blue Dart Aviation,2019,12,487,673.05,488.0,0.0,0.0,0.0,,11367.316,0.0,11367.316,0.0,11827.0,0.0,11827.0,14882.0,79.472,2019-12-01,0.0
ScheduledDomestic,Blue Dart Aviation,2020,1,477,656.15,467.0,,,,,10361.982,,10361.982,,10612.0,,10612.0,14193.0,74.769,2020-01-01,
ScheduledDomestic,Blue Dart Aviation,2020,2,452,627.1,451.0,,,,,9862.707,,9862.707,,10204.0,,10204.0,13722.0,74.362,2020-02-01,
ScheduledDomestic,Blue Dart Aviation,2020,3,354,496.15,355.0,,,,,7531.995,,7531.995,,7702.0,,7702.0,10879.0,70.797,2020-03-01,
ScheduledDomestic,Blue Dart Aviation,2020,4,188,261.25,202.0,,,,,3341.01,,3341.01,,3874.0,,3874.0,6264.0,61.845,2020-04-01,
ScheduledDomestic,Blue Dart Aviation,2020,5,285,418.1,313.0,,,,,6219.871,,6219.871,,7309.0,,7309.0,9723.0,75.172,2020-05-01,
ScheduledDomestic,Blue Dart Aviation,2020,6,460,580.0,449.0,,,,,10359.631,,10359.631,,10646.0,,10646.0,14085.0,75.584,2020-06-01,
ScheduledDomestic,Blue Dart Aviation,2020,7,478,612.66,478.0,,,,,10936.156,,10936.156,,11085.0,,11085.0,14479.0,76.559,2020-07-01,
ScheduledDomestic,Blue Dart Aviation,2020,8,456,609.0,458.0,,,,,10510.731,,10510.731,,10884.0,,10884.0,14059.0,77.417,2020-08-01,
ScheduledDomestic,Blue Dart Aviation,2020,9,491,664.58,493.0,,,,,11250.71,,11250.71,,11681.0,,11681.0,15201.0,76.844,2020-09-01,
ScheduledDomestic,Blue Dart Aviation,2020,10,471,629.33,466.0,,,,,10503.642,,10503.642,,10785.0,,10785.0,14526.0,74.246,2020-10-01,
ScheduledDomestic,Blue Dart Aviation,2020,11,447,600.05,451.0,,,,,9964.699,,9964.699,,10327.0,,10327.0,14043.0,73.538,2020-11-01,
ScheduledDomestic,Blue Dart Aviation,2020,12,517,696.17,519.0,,,,,11435.733,,11435.733,,11750.0,,11750.0,15866.0,74.058,2020-12-01,
ScheduledDomestic,Blue Dart Aviation,2021,1,440,598.67,436.0,,,,,9680.888,,9680.888,,9875.0,,9875.0,13228.0,74.652,2021-01-01,
ScheduledDomestic,Blue Dart Aviation,2021,2,424,544.75,414.0,,,,,9378.509,,9378.509,,9492.0,,9492.0,12711.0,74.675,2021-02-01,
ScheduledDomestic,Blue Dart Aviation,2021,3,460,573.16,449.0,,,,,10341.183,,10341.183,,10475.0,,10475.0,14024.0,74.693,2021-03-01,
ScheduledDomestic,Blue Dart Aviation,2021,4,473,628.92,468.0,,,,,10379.044,,10379.044,,10630.0,,10630.0,14622.0,72.699,2021-04-01,
ScheduledDomestic,Blue Dart Aviation,2021,5,455,607.3,452.0,,,,,9878.067,,9878.067,,10202.0,,10202.0,14051.0,72.607,2021-05-01,
ScheduledDomestic,Blue Dart Aviation,2021,6,492,664.25,494.0,,,,,11015.053,,11015.053,,11491.0,,11491.0,15188.0,75.658,2021-06-01,
ScheduledDomestic,Blue Dart Aviation,2021,7,498,662.1,495.0,,,,,11119.852,,11119.852,,11459.0,,11459.0,15203.0,75.373,2021-07-01,
ScheduledDomestic,Blue Dart Aviation,2021,8,491,669.4,494.0,,,,,10799.295,,10799.295,,11242.0,,11242.0,15215.0,73.888,2021-08-01,
ScheduledDomestic,Blue Dart Aviation,2021,9,476,659.15,480.0,,,,,10794.293,,10794.293,,11226.0,,11226.0,14808.0,75.81,2021-09-01,
ScheduledDomestic,Blue Dart Aviation,2021,10,473,617.0,477.0,,,,,10793.12,,10793.12,,11105.0,,11105.0,14844.0,74.811,2021-10-01,
ScheduledDomestic,Blue Dart Aviation,2021,11,452,633.4,453.0,,,,,9717.118,,9717.118,,9955.0,,9955.0,14004.0,71.087,2021-11-01,
ScheduledDomestic,Blue Dart Aviation,2021,12,516,691.05,520.0,,,,,11248.731,,11248.731,,11612.0,,11612.0,16051.0,72.344,2021-12-01,
ScheduledDomestic,Blue Dart Aviation,2022,1,444,574.2,436.0,,,,,9243.14,,9243.14,,9379.0,,9379.0,13265.0,70.705,2022-01-01,
ScheduledDomestic,Blue Dart Aviation,2022,2,424,543.5,414.0,,,,,8890.015,,8890.015,,9009.0,,9009.0,12664.0,71.139,2022-02-01,
ScheduledDomestic,Blue Dart Aviation,2022,3,469,643.15,464.0,,,,,10301.896,,10301.896,,10510.0,,10510.0,14452.0,72.723,2022-03-01,
ScheduledDomestic,Blue Dart Aviation,2022,4,478,705.0,495.0,,,,,10181.221,,10181.221,,10782.0,,10782.0,15378.0,70.113,2022-04-01,
ScheduledDomestic,Blue Dart Aviation,2022,5,531,729.17,555.0,,,,,11611.054,,11611.054,,12438.0,,12438.0,17154.0,72.508,2022-05-01,
ScheduledDomestic,Blue Dart Aviation,2022,6,523,709.5,543.0,,,,,11563.853,,11563.853,,12317.0,,12317.0,16661.0,73.927,2022-06-01,
ScheduledDomestic,Blue Dart Aviation,2022,7,477,644.15,475.0,,,,,10296.189,,10296.189,,10625.0,,10625.0,14662.0,72.466,2022-07-01,
ScheduledDomestic,Blue Dart Aviation,2022,8,442,580.55,440.0,,,,,9335.645,,9335.645,,9676.0,,9676.0,13526.0,71.536,2022-08-01,
ScheduledDomestic,Blue Dart Aviation,2022,9,473,631.05,478.0,,,,,10605.633,,10605.633,,11061.0,,11061.0,14669.0,75.404,2022-09-01,
ScheduledDomestic,Blue Dart Aviation,2022,10,449,601.0,457.0,,,,,9904.089,,9904.089,,10373.0,,10373.0,14012.0,74.029,2022-10-01,
ScheduledDomestic,Blue Dart Aviation,2022,11,486,652.17,493.0,,,,,10573.577,,10573.577,,11133.0,,11133.0,15168.0,73.398,2022-11-01,
ScheduledDomestic,Blue Dart Aviation,2022,12,515,700.267,527.0,,,,,11266.71,,11266.71,,11909.0,,11909.0,16043.0,74.232,2022-12-01,
ScheduledDomestic,Blue Dart Aviation,2023,1,468,638.583,477.0,,,,,10072.754,,10072.754,,10576.0,,10576.0,14311.0,73.901,2023-01-01,
ScheduledDomestic,Blue Dart Aviation,2023,2,456,622.083,466.0,,,,,9592.372,,9592.372,,10156.0,,10156.0,14176.0,71.642,2023-02-01,
ScheduledDomestic,Blue Dart Aviation,2023,3,508,692.833,518.0,,,,,10993.882,,10993.882,,11483.0,,11483.0,15754.0,72.889,2023-03-01,
ScheduledDomestic,Blue Dart Aviation,2023,4,485,665.083,495.0,,,,,10215.73,,10215.73,,10652.0,,10652.0,15015.0,70.942,2023-04-01,
ScheduledDomestic,Blue Dart Aviation,2023,5,465,642.583,473.0,,,,,9949.756,,9949.756,,10454.0,,10454.0,14310.0,73.054,2023-05-01,
ScheduledDomestic,Blue Dart Aviation,2023,6,477,642.5,480.0,,,,,10131.312,,10131.312,,10434.0,,10434.0,14529.0,71.815,2023-06-01,
ScheduledDomestic,Blue Dart Aviation,2023,7,501,686.75,502.0,,,,,10248.566,,10248.566,,10601.0,,10601.0,14800.0,71.628,2023-07-01,
ScheduledDomestic,Blue Dart Aviation,2023,8,522,718.917,535.0,,,,,10978.446,,10978.446,,11461.0,,11461.0,15406.0,74.393,2023-08-01,
ScheduledDomestic,Blue Dart Aviation,2023,9,479,650.667,488.0,,,,,10114.357,,10114.357,,10592.0,,10592.0,14684.0,72.133,2023-09-01,
ScheduledDomestic,Blue Dart Aviation,2023,10,492,670.083,509.0,,,,,10596.756,,10596.756,,11288.0,,11288.0,15109.0,74.71,2023-10-01,
ScheduledDomestic,Blue Dart Aviation,2023,11,567,790.25,592.0,,,,,11625.249,,11625.249,,12465.0,,12465.0,17309.0,72.015,2023-11-01,
ScheduledDomestic,Blue Dart Aviation,2023,12,529,726.5,545.0,,,,,11240.311,,11240.311,,11854.0,,11854.0,16536.0,71.686,2023-12-01,
ScheduledDomestic,Blue Dart Aviation,2024,1,497,700.8,508.0,,,,,10043.582,,10043.582,,10731.0,,10731.0,14835.0,72.336,2024-01-01,
ScheduledDomestic,Blue Dart Aviation,2024,2,581,832.917,600.0,,,,,10783.799,,10783.799,,11386.0,,11386.0,16375.0,69.533,2024-02-01,
ScheduledDomestic,Blue Dart Aviation,2024,3,618,832.0,635.0,,,,,11853.013,,11853.013,,12515.0,,12515.0,17539.0,71.355,2024-03-01,
ScheduledDomestic,Blue Dart Aviation,2024,4,601,848.917,618.0,0.0,0.0,0.0,,10758.32,0.0,10758.32,,11231.0,,11231.0,17119.0,65.605,2024-04-01,0.0
ScheduledDomestic,Blue Dart Aviation,2024,5,644,896.917,675.0,0.0,0.0,0.0,,12043.582,0.0,12043.582,0.0,12858.0,0.0,12858.0,18682.0,68.826,2024-05-01,0.0
ScheduledDomestic,Blue Dart Aviation,2024,6,640,891.75,682.0,0.0,,,,12112.131,,12112.131,,13032.0,,13032.0,18851.0,69.132,2024-06-01,0.0
ScheduledDomestic,Blue Dart Aviation,2024,7,610,872.333,627.0,,,,,11709.692,,11709.692,,12348.0,,12348.0,17311.0,71.33,2024-07-01,
ScheduledDomestic,Blue Dart Aviation,2024,8,627,892.5,665.0,,,,,12134.717,,12134.717,,12973.0,,12973.0,18669.0,69.49,2024-08-01,
ScheduledDomestic,Blue Dart Aviation,2024,9,526,736.917,512.0,,,,,10595.122,,10595.122,,10521.0,,10521.0,14677.0,71.684,2024-09-01,
ScheduledDomestic,Blue Dart Aviation,2024,10,589,821.667,585.0,,,,,11821.222,,11821.222,,11878.0,,11878.0,16584.0,71.623,2024-10-01,
ScheduledDomestic,Blue Dart Aviation,2024,11,581,836.417,568.0,0.0,,,,10773.718,,10773.718,,10755.0,,10755.0,15743.0,68.316,2024-11-01,0.0
ScheduledDomestic,Blue Dart Aviation,2024,12,653,954.666,651.0,,,,,12104.428,,12104.428,,12171.0,,12171.0,18868.0,64.506,2024-12-01,
ScheduledDomestic,Blue Dart Aviation,2025,1,647,920.417,640.0,0.0,0.0,0.0,0.0,11566.215,0.0,11566.215,0.0,11684.0,0.0,11684.0,18437.0,63.37,2025-01-01,0.0
ScheduledDomestic,Blue Dart Aviation,2025,2,591,854.417,589.0,0.0,0.0,0.0,0.0,10506.37,0.0,10506.37,0.0,10606.0,0.0,10606.0,17013.0,62.34,2025-02-01,0.0
ScheduledDomestic,Blue Dart Aviation,2025,3,596,842.167,592.0,0.0,0.0,0.0,0.0,11344.712,0.0,11344.712,0.0,11356.0,0.0,11356.0,17464.0,65.03,2025-03-01,0.0
ScheduledDomestic,Blue Dart Aviation,2025,4,616,884.75,614.0,0.0,0.0,0.0,0.0,11009.465,0.0,11009.465,0.0,11035.0,0.0,11035.0,18114.0,60.92,2025-04-01,0.0
ScheduledDomestic,Blue Dart Aviation,2025,5,650,933.333,652.0,0.0,0.0,0.0,0.0,11617.453,0.0,11617.453,0.0,11764.0,0.0,11764.0,19170.0,61.37,2025-05-01,0.0
ScheduledDomestic,Blue Dart Aviation,2025,6,611,879.167,611.0,0.0,0.0,0.0,0.0,11213.487,0.0,11213.487,0.0,11274.0,0.0,11274.0,17958.0,62.78,2025-06-01,0.0
ScheduledDomestic,Blue Dart Aviation,2025,7,594,829.333,575.0,0.0,0.0,0.0,0.0,11158.146,0.0,11158.146,0.0,10973.0,0.0,10973.0,17119.0,64.1,2025-07-01,0.0
ScheduledDomestic,Blue Dart Aviation,2025,8,582,805.083,573.0,0.0,0.0,0.0,0.0,11165.684,0.0,11165.684,0.0,11159.0,0.0,11159.0,17094.0,65.28,2025-08-01,0.0
ScheduledDomestic,Blue Dart Aviation,2025,9,605,877.917,596.0,0.0,0.0,0.0,0.0,11758.193,0.0,11758.193,0.0,11871.0,0.0,11871.0,18028.0,65.85,2025-09-01,0.0
ScheduledDomestic,Blue Dart Aviation,2025,10,569,809.083,562.0,0.0,0.0,0.0,0.0,11016.602,0.0,11016.602,0.0,11050.0,0.0,11050.0,16795.0,65.79,2025-10-01,0.0
ScheduledDomestic,Blue Dart Aviation,2025,11,580,791.417,561.0,0.0,0.0,0.0,0.0,11123.66,0.0,11123.66,0.0,11028.0,0.0,11028.0,16705.0,66.02,2025-11-01,0.0
ScheduledDomestic,Blue Dart Aviation,2025,12,576,816.917,549.0,0.0,0.0,0.0,0.0,10658.19,0.0,10658.19,0.0,10440.0,0.0,10440.0,16399.0,63.66,2025-12-01,0.0
ScheduledDomestic,Blue Dart Aviation,2026,1,566,786.25,546.0,,,,,10231.954,0.0,10231.954,0.0,10164.0,0.0,10164.0,16152.0,62.93,2026-01-01,
ScheduledDomestic,Blue Dart Aviation,2026,2,572,806.083,564.0,,,,,10291.478,0.0,10291.478,0.0,10365.0,0.0,10365.0,16669.0,62.18,2026-02-01,
ScheduledDomestic,Blue Dart Aviation,2026,3,610,848.65,602.0,,,,,11210.423,0.0,11210.423,0.0,11345.0,0.0,11345.0,18019.0,62.96,2026-03-01,
ScheduledDomestic,Blue Dart Aviation,2026,4,556,754.633,529.837,,,,,10101.138,0.0,10101.138,0.0,9966.44,0.0,9966.44,16086.136,61.96,2026-04-01,
ScheduledDomestic,Fly91,2024,3,38,63.0,19.938,1351.0,693.496,1395.66,49.689,,,,69.35,,,69.35,116.396,59.581,2024-03-01,0.005053313013354511
ScheduledDomestic,Fly91,2024,4,130,218.0,69.77,4454.0,2365.946,4495.208,52.633,,,,192.75,,,192.75,404.569,47.643,2024-04-01,0.016871150771572953
ScheduledDomestic,Fly91,2024,5,225,386.0,121.12,9474.0,5088.936,7292.292,69.785,,,,416.575,,,416.575,619.845,67.206,2024-05-01,0.034337779219170354
ScheduledDomestic,Fly91,2024,6,263,443.0,137.528,9736.0,4997.806,9626.96,51.915,,,,410.499,,,410.499,727.224,56.447,2024-06-01,0.03686251252098695
ScheduledDomestic,Fly91,2024,7,276,469.75,145.003,10200.0,5274.014,8961.77,58.85,,,,434.379,,,434.379,761.75,57.024,2024-07-01,0.03927274575401939
ScheduledDomestic,Fly91,2024,8,388,652.833,200.391,14846.0,7512.835,12759.128,58.882,,,,618.181,,,618.181,1084.526,57.0,2024-08-01,0.05653164389801336
ScheduledDomestic,Fly91,2024,9,374,614.917,187.342,15537.0,7671.88,12248.972,62.633,,,,631.394,,,631.394,1041.163,60.643,2024-09-01,0.059632299343472826
ScheduledDomestic,Fly91,2024,10,381,629.583,190.18,17042.0,8449.77,12410.42,68.086,,,,695.63,,,695.63,1054.89,65.943,2024-10-01,0.06239203033888442
ScheduledDomestic,Fly91,2024,11,389,627.167,180.81,20308.0,9339.36,12656.42,73.791,,,,770.96,,,770.96,1026.64,75.095,2024-11-01,0.07125481026108565
ScheduledDomestic,Fly91,2024,12,431,688.15,198.119,24230.0,11086.546,13398.442,82.745,,,,920.082,,,920.082,1138.868,80.789,2024-12-01,0.08116517686304062
ScheduledDomestic,Fly91,2025,1,373,596.817,172.413,20612.0,9559.912,11659.648,81.99,0.0,0.0,0.0,791.886,0.0,0.0,791.886,991.07,79.9,2025-01-01,0.070097461044931
ScheduledDomestic,Fly91,2025,2,210,341.333,99.61,11757.0,5478.35,6604.64,82.95,0.0,0.0,0.0,454.92,0.0,0.0,454.92,561.39,81.03,2025-02-01,0.04163687418524425
ScheduledDomestic,Fly91,2025,3,242,392.583,113.79,12327.0,5619.356,7354.046,76.41,0.0,0.0,0.0,464.92,0.0,0.0,464.92,625.094,74.38,2025-03-01,0.042385055593981494
ScheduledDomestic,Fly91,2025,4,392,606.167,175.16,20369.0,9258.037,11205.178,82.62,0.0,0.0,0.0,758.139,0.0,0.0,758.139,952.44,79.6,2025-04-01,0.07114720209060792
ScheduledDomestic,Fly91,2025,5,434,669.667,193.69,24385.0,10879.2,12422.55,87.58,0.0,0.0,0.0,894.22,0.0,0.0,894.22,1055.92,84.69,2025-05-01,0.08674957438100968
ScheduledDomestic,Fly91,2025,6,484,739.75,214.606,22196.0,9971.341,14001.57,71.22,0.0,0.0,0.0,820.272,0.0,0.0,820.272,1190.133,68.92,2025-06-01,0.08157707644458609
ScheduledDomestic,Fly91,2025,7,544,821.333,238.01,24901.0,11057.658,15801.675,69.98,0.0,0.0,0.0,907.13,0.0,0.0,907.13,1343.142,67.54,2025-07-01,0.09877185110531178
ScheduledDomestic,Fly91,2025,8,563,845.5,244.0,28438.0,12510.133,16193.363,77.25,0.0,0.0,0.0,1027.838,0.0,0.0,1027.838,1376.436,74.67,2025-08-01,0.10981078549039563
ScheduledDomestic,Fly91,2025,9,530,671.767,233.65,27367.0,12273.88,15744.78,77.96,0.0,0.0,0.0,1006.67,0.0,0.0,1006.67,1309.52,76.87,2025-09-01,0.10822521950140392
ScheduledDomestic,Fly91,2025,10,576,737.0,255.13,32953.0,14797.58,17183.69,86.11,0.0,0.0,0.0,1120.5,0.0,0.0,1120.5,1467.43,76.36,2025-10-01,0.11745358991748986
ScheduledDomestic,Fly91,2025,11,583,735.25,263.96,33600.0,15146.54,17927.26,84.49,0.0,0.0,0.0,1251.94,0.0,0.0,1251.94,1523.82,82.16,2025-11-01,0.11026048646139051
ScheduledDomestic,Fly91,2025,12,631,813.183,287.983,37111.0,16863.72,19590.611,86.08,0.0,0.0,0.0,1402.106,0.0,0.0,1402.106,1662.541,84.34,2025-12-01,0.1296999409288782
ScheduledDomestic,Fly91,2026,1,588,781.7,268.0,33186.0,15073.09,18195.99,82.84,0.0,0.0,0.0,1247.16,0.0,0.0,1247.16,1546.66,80.64,2026-01-01,0.10882662429295159
ScheduledDomestic,Fly91,2026,2,467,599.717,215.42,24785.0,11479.48,14375.66,79.85,0.0,0.0,0.0,946.53,0.0,0.0,946.53,1221.93,77.46,2026-02-01,0.08811070387387766
ScheduledDomestic,Fly91,2026,3,679,862.167,309.52,33059.0,15013.8,20598.66,72.89,0.0,0.0,0.0,1235.26,0.0,0.0,1235.26,1750.89,70.55,2026-03-01,0.11502919658757271
ScheduledDomestic,Fly91,2026,4,845,1006.317,356.05,38616.0,16566.87,25229.07,65.67,0.0,0.0,0.0,1356.96,0.0,0.0,1356.96,2144.47,63.28,2026-04-01,0.13976299069057452
ScheduledDomestic,Flybig,2021,1,56,67.0,1.928,1717.0,777.2,1809.5,42.951,0.0,0.0,0.0,58.29,0.0,0.0,58.29,552.09,10.558,2021-01-01,0.011143529963959085
ScheduledDomestic,Flybig,2021,2,80,103.0,38.56,2921.0,1412.57,2776.32,50.879,0.0,0.0,0.0,105.94,0.0,0.0,105.94,848.21,12.49,2021-02-01,0.018735785401430078
ScheduledDomestic,Flybig,2021,3,90,119.0,43.69,2600.0,1278.0,3145.68,40.627,,,,95.85,,,95.85,961.18,9.972,2021-03-01,0.016693826237815113
ScheduledDomestic,Flybig,2021,4,68,88.0,131.1,1765.0,803.45,2315.32,34.701,,,,60.26,,,60.26,707.43,8.518,2021-04-01,0.01562656597668959
ScheduledDomestic,Flybig,2021,5,54,59.5,62.86,1323.0,286.96,1113.69,25.767,,,,21.52,,,21.52,340.3,6.324,2021-05-01,0.03246829739487928
ScheduledDomestic,Flybig,2021,6,96,103.4,334.33,3253.0,897.64,2213.28,40.557,,,,67.32,,,67.32,658.06,10.23,2021-06-01,0.05370391954416549
ScheduledDomestic,Flybig,2021,7,144,144.0,508.76,4982.0,1620.46,3583.4,45.221,,,,121.53,,,121.53,1094.9,11.1,2021-07-01,0.050860981888508475
ScheduledDomestic,Flybig,2021,8,164,161.5,758.99,5663.0,2036.66,4330.08,47.035,,,,152.75,,,152.75,1323.08,11.545,2021-08-01,0.04326827276539198
ScheduledDomestic,Flybig,2021,9,174,203.4,805.27,5571.0,2093.76,4775.47,43.844,,,,157.03,,,157.03,1459.17,10.762,2021-09-01,0.040417140291804356
ScheduledDomestic,Flybig,2021,10,177,218.08,819.16,8398.0,3139.44,4844.88,64.799,,,,235.46,,,235.46,1480.38,15.905,2021-10-01,0.047802039675123725
ScheduledDomestic,Flybig,2021,11,236,280.0,1277.2,10081.0,3763.2,6253.9,60.174,,,,282.2,,,282.2,1910.9,14.768,2021-11-01,0.04813663795499174
ScheduledDomestic,Flybig,2021,12,243,291.5,1315.22,10244.0,3984.02,6513.12,61.169,,,,298.8,,,298.8,1990.12,15.014,2021-12-01,0.04591218832351403
ScheduledDomestic,Flybig,2022,1,230,278.25,1244.76,6962.0,2680.46,6227.71,43.041,,,,201.03,,,201.03,1902.912,10.564,2022-01-01,0.05430086736315082
ScheduledDomestic,Flybig,2022,2,258,308.0,1396.3,9930.0,3788.01,6926.0,54.693,,,,284.1,,,284.1,2116.18,13.425,2022-02-01,0.06451626316606057
ScheduledDomestic,Flybig,2022,3,366,492.0,3209.82,13096.0,5402.71,10618.7,50.879,,,,405.2,,,405.2,3269.11,12.395,2022-03-01,0.06165932900562938
ScheduledDomestic,Flybig,2022,4,398,554.0,182.06,16164.0,7278.98,12999.64,55.994,,,,545.92,,,545.92,4100.83,13.312,2022-04-01,0.07661325794229795
ScheduledDomestic,Flybig,2022,5,519,738.0,234.0,23803.0,10646.63,17043.95,62.466,,,,798.5,,,798.5,5576.532,14.319,2022-05-01,0.10375817036199714
ScheduledDomestic,Flybig,2022,6,590,817.0,276.0,23027.0,10662.795,19690.86,54.151,,,,799.71,0.0,0.0,799.71,6091.03,13.129,2022-06-01,0.10950605999792658
ScheduledDomestic,Flybig,2022,7,632,909.48,285.0,21775.0,9498.0,20299.0,46.79,,,,712.42,,,712.42,6288.44,11.329,2022-07-01,0.11218520393853271
ScheduledDomestic,Flybig,2022,8,447,616.03,190.0,16357.0,6748.87,13509.292,49.957,,,,508.87,,,508.87,4192.72,12.137,2022-08-01,0.08084925876399145
ScheduledDomestic,Flybig,2022,9,430,563.17,173.0,16702.0,6778.77,12388.426,54.719,,,,498.713,,,498.713,3777.686,13.202,2022-09-01,0.0807106870285816
ScheduledDomestic,Flybig,2022,10,579,771.15,239.0,26948.0,11413.9,16937.676,67.388,,,,792.21,0.0,0.0,792.21,4821.17,16.432,2022-10-01,0.11818285397821608
ScheduledDomestic,Flybig,2022,11,540,735.4,230.0,25675.0,11060.54,16225.59,68.167,,,,797.92,,,797.92,4790.46,16.656,2022-11-01,0.10992344789804104
ScheduledDomestic,Flybig,2022,12,581,830.2,250.0,28680.0,12465.956,17619.302,70.752,,,,868.393,,,868.393,5020.114,17.298,2022-12-01,0.11259904829462694
ScheduledDomestic,Flybig,2023,1,565,796.0,236.0,21729.0,9355.4,16625.554,56.271,,,,701.66,,,701.66,5206.0,13.478,2023-01-01,0.08656263056699419
ScheduledDomestic,Flybig,2023,2,486,617.833,205.0,18249.0,8159.599,14479.924,56.351,,,,611.97,,,611.97,4531.472,13.505,2023-02-01,0.07560671812237807
ScheduledDomestic,Flybig,2023,3,405,548.15,170.0,16483.0,7238.0,11974.0,60.448,,,,542.89,,,542.89,3741.0,14.512,2023-03-01,0.06392130671702294
ScheduledDomestic,Flybig,2023,4,452,606.767,180.0,19895.0,7961.0,12662.0,62.873,,,,597.1,,,597.1,3957.712,15.087,2023-04-01,0.07718174701146224
ScheduledDomestic,Flybig,2023,5,459,621.733,194.0,16260.0,7146.601,13693.366,52.19,,,,535.995,,,535.995,4281.838,12.518,2023-05-01,0.0615248072109193
ScheduledDomestic,Flybig,2023,6,543,726.0,205.0,22277.0,9058.0,15522.0,58.356,,,,592.0,,,592.0,4354.0,13.597,2023-06-01,0.08920361914343224
ScheduledDomestic,Flybig,2023,7,580,749.0,228.0,24935.0,9494.36,16065.448,59.098,,,,712.0,0.0,0.0,712.0,5026.6,14.165,2023-07-01,0.10303693461917038
ScheduledDomestic,Flybig,2023,8,569,736.792,225.0,23400.0,9210.82,15814.054,58.245,,,,690.81,0.0,0.0,690.81,4958.58,13.932,2023-08-01,0.09418262881104573
ScheduledDomestic,Flybig,2023,9,547,714.84,203.773,24624.0,9622.26,13344.33,72.107,,,,721.67,0.0,0.0,721.67,4187.23,17.235,2023-09-01,0.10053444443818417
ScheduledDomestic,Flybig,2023,10,429,551.96,153.839,18700.0,7041.92,9723.69,72.42,,,,528.14,0.0,0.0,528.14,3056.6,17.279,2023-10-01,0.07399059029613804
ScheduledDomestic,Flybig,2023,11,133,190.95,44.47,3831.0,1453.07,2139.0,67.932,,,,108.98,,,108.98,673.04,16.192,2023-11-01,0.015040759634134601
ScheduledDomestic,Flybig,2023,12,46,75.83,13.7,206.0,61.66,247.0,24.964,,,,4.62,,,4.62,82.33,5.612,2023-12-01,0.0007465200568920761
ScheduledDomestic,Flybig,2024,1,31,44.25,8.73,84.0,25.47,165.93,15.35,,,,1.91,,,1.91,52.4,3.645,2024-01-01,0.00031983909352117945
ScheduledDomestic,Flybig,2024,2,83,107.58,16.52,362.0,116.0,469.0,24.733,,,,6.26,,,6.26,148.06,4.228,2024-02-01,0.001431134820332488
ScheduledDomestic,Flybig,2024,3,137,165.333,32.723,968.0,242.848,621.737,39.06,,,,18.214,,,18.214,196.338,9.277,2024-03-01,0.003620730567673699
ScheduledDomestic,Flybig,2024,4,198,237.917,47.0,1125.0,299.254,900.999,33.214,0.0,0.0,0.0,22.444,0.0,0.0,22.444,284.526,7.888,2024-04-01,0.0042613481405522164
ScheduledDomestic,Flybig,2024,5,229,264.0,51.0,1605.0,370.0,973.0,38.027,0.0,0.0,0.0,28.0,0.0,0.0,28.0,307.0,9.121,2024-05-01,0.0058171981894414625
ScheduledDomestic,Flybig,2024,6,244,297.0,57.0,1908.0,468.0,1077.0,43.454,0.0,0.0,0.0,35.0,0.0,0.0,35.0,340.0,10.294,2024-06-01,0.007224083185090704
ScheduledDomestic,Flybig,2024,7,280,343.0,64.659,1011.0,240.0,1229.0,19.528,,,,18.002,,,18.002,387.95,4.64,2024-07-01,0.003892622152677805
ScheduledDomestic,Flybig,2024,8,300,362.33,71.956,2013.0,487.483,1367.164,35.657,0.0,0.0,0.0,36.561,0.0,0.0,36.561,431.736,8.468,2024-08-01,0.007665243107012049
ScheduledDomestic,Flybig,2024,9,283,341.58,67.956,1792.0,425.0,1291.0,32.92,,,,31.91,,,31.91,407.74,7.826,2024-09-01,0.006877845171107891
ScheduledDomestic,Flybig,2024,10,308,368.667,72.026,2037.0,453.938,1368.494,33.171,,,,34.05,,,34.05,432.156,7.879,2024-10-01,0.007457608602294776
ScheduledDomestic,Flybig,2024,11,200,245.083,44.205,1446.0,298.904,839.895,35.588,0.0,0.0,0.0,22.418,,,22.418,265.23,8.452,2024-11-01,0.00507358950352225
ScheduledDomestic,Flybig,2024,12,294,348.75,67.876,1137.0,269.312,1289.644,20.883,,,,20.198,,,20.198,407.256,4.96,2024-12-01,0.0038087002102054138
ScheduledDomestic,Flybig,2025,1,269,346.583,63.812,1050.0,275.0,1212.0,22.69,0.0,0.0,0.0,20.621,0.0,0.0,20.621,382.87,5.39,2025-01-01,0.003570848733610399
ScheduledDomestic,Flybig,2025,2,157,196.583,34.883,707.0,179.966,662.777,27.15,0.0,0.0,0.0,13.497,0.0,0.0,13.497,209.298,6.45,2025-02-01,0.0025038079483684344
ScheduledDomestic,Flybig,2025,3,229,283.0,55.113,1161.0,276.705,1047.147,26.42,0.0,0.0,0.0,20.753,0.0,0.0,20.753,330.678,6.28,2025-03-01,0.003991972868062993
ScheduledDomestic,Flybig,2025,4,237,302.417,60.008,1415.0,344.864,1140.152,30.25,0.0,0.0,0.0,25.865,0.0,0.0,25.865,360.048,7.18,2025-04-01,0.0049424758681432665
ScheduledDomestic,Flybig,2025,5,313,406.0,81.989,1864.0,444.819,1557.791,28.55,0.0,0.0,0.0,33.361,0.0,0.0,33.361,491.934,6.78,2025-05-01,0.006631175175156942
ScheduledDomestic,Flybig,2025,6,269,348.917,73.864,1186.0,305.555,1403.416,21.77,0.0,0.0,0.0,22.917,0.0,0.0,22.917,443.184,5.17,2025-06-01,0.004358912086109169
ScheduledDomestic,Flybig,2025,7,257,337.833,69.19,928.0,255.95,1314.61,19.47,0.0,0.0,0.0,19.196,0.0,0.0,19.196,415.14,4.62,2025-07-01,0.003680987824815443
ScheduledDomestic,Flybig,2025,8,198,257.167,54.714,990.0,278.25,1039.566,26.77,0.0,0.0,0.0,20.869,0.0,0.0,20.869,328.284,6.36,2025-08-01,0.0038227961753812393
ScheduledDomestic,Flybig,2025,9,163,229.583,49.373,610.0,188.295,938.087,20.07,0.0,0.0,0.0,14.122,0.0,0.0,14.122,296.238,4.77,2025-09-01,0.002412298896329754
ScheduledDomestic,Flybig,2025,10,78,122.5,26.968,275.0,109.921,512.392,21.45,0.0,0.0,0.0,8.244,0.0,0.0,8.244,161.808,5.09,2025-10-01,0.0009801759241134256
ScheduledDomestic,Go First,2015,1,3947,7459.0,3830.0,552971.0,533961.0,674072.0,79.214,5067.0,0.0,5067.0,48056.0,5353.0,0.0,53409.0,72578.0,73.588,2015-01-01,4.4477209342280295
ScheduledDomestic,Go First,2015,2,3545,6721.32,3433.0,534795.0,518968.0,604177.0,85.897,5485.0,0.0,5485.0,46707.0,5812.0,0.0,52519.0,65053.0,80.733,2015-02-01,4.465037875530479
ScheduledDomestic,Go First,2015,3,3907,7456.48,3781.0,550969.0,532427.0,665383.0,80.018,4572.0,0.0,4572.0,47918.0,5072.0,0.0,52990.0,71642.0,73.965,2015-03-01,4.407148396955553
ScheduledDomestic,Go First,2015,4,3808,7210.04,3659.0,574464.0,550878.0,643994.0,85.541,4331.0,0.0,4331.0,49579.0,4866.0,0.0,54445.0,69339.0,78.52,2015-04-01,4.392949611966212
ScheduledDomestic,Go First,2015,5,3892,7420.5,3792.0,612994.0,596484.0,667461.0,89.366,5008.0,0.0,5008.0,53684.0,5633.0,0.0,59317.0,71866.0,82.538,2015-05-01,4.318598151001932
ScheduledDomestic,Go First,2015,6,3827,7347.13,3710.0,572147.0,545826.0,653047.0,83.581,4060.0,0.0,4060.0,49124.0,4486.0,0.0,53610.0,70314.0,76.244,2015-06-01,4.355005896776647
ScheduledDomestic,Go First,2015,7,3909,7447.0,3699.0,566402.0,528659.0,651061.0,81.2,4802.0,0.0,4802.0,47579.0,5345.0,0.0,52924.0,70100.0,75.498,2015-07-01,4.19694323713594
ScheduledDomestic,Go First,2015,8,4072,7506.22,3798.0,549462.0,505306.0,668519.0,75.586,4850.0,0.0,4850.0,45478.0,5356.0,0.0,50834.0,71990.0,70.613,2015-08-01,4.0789314078950705
ScheduledDomestic,Go First,2015,9,4085,7316.59,3812.0,579120.0,535519.0,670843.0,79.828,5012.0,0.0,5012.0,48197.0,5457.0,0.0,53654.0,72230.0,74.282,2015-09-01,4.3626022117651955
ScheduledDomestic,Go First,2015,10,4132,7482.47,3941.0,594406.0,563459.0,693677.0,81.228,3932.0,0.0,3932.0,50711.0,4239.0,0.0,54950.0,74689.0,73.572,2015-10-01,4.240614489086021
ScheduledDomestic,Go First,2015,11,4088,7373.0,3872.0,602623.0,568787.0,681553.0,83.455,3961.0,0.0,3961.0,51191.0,4241.0,0.0,55432.0,73383.0,75.538,2015-11-01,4.133473588962387
ScheduledDomestic,Go First,2015,12,4200,7560.3,3963.0,639264.0,603414.0,697574.0,86.502,5318.0,0.0,5318.0,54307.0,5761.0,0.0,60068.0,75108.0,79.976,2015-12-01,4.164655775366677
ScheduledDomestic,Go First,2016,1,4116,7517.09,3915.0,618650.0,584844.0,689089.0,84.872,5457.0,0.0,5457.0,52636.0,5896.0,0.0,58532.0,74195.0,78.889,2016-01-01,4.058914988677816
ScheduledDomestic,Go First,2016,2,3923,7099.13,3690.0,595139.0,560809.0,649429.0,86.354,5219.0,0.0,5219.0,50473.0,5523.0,0.0,55996.0,69924.0,80.081,2016-02-01,3.9976863168520693
ScheduledDomestic,Go First,2016,3,4308,7780.77,4086.0,655518.0,620742.0,719059.0,86.327,4921.0,0.0,4921.0,55867.0,5249.0,0.0,61116.0,77421.0,78.94,2016-03-01,4.183052764874094
ScheduledDomestic,Go First,2016,4,4349,7780.067,4152.0,676012.0,641370.0,730791.0,87.764,4894.0,0.0,4894.0,57723.0,5078.0,0.0,62801.0,78685.0,79.813,2016-04-01,4.2802148680374925
ScheduledDomestic,Go First,2016,5,4490,8085.966,4299.0,700766.0,670288.0,756663.0,88.585,4772.0,0.0,4772.0,60326.0,5051.0,0.0,65377.0,81470.0,80.247,2016-05-01,4.063174293238348
ScheduledDomestic,Go First,2016,6,4431,7960.98,4116.0,663991.0,612664.0,724376.0,84.578,4937.0,0.0,4937.0,55140.0,5162.0,0.0,60302.0,77994.0,77.316,2016-06-01,4.184575822579647
ScheduledDomestic,Go First,2016,7,4507,8085.966,4183.0,716125.0,664584.0,736130.0,90.281,4426.0,0.0,4426.0,59813.0,4674.0,0.0,64487.0,79259.0,81.362,2016-07-01,4.2248110995440715
ScheduledDomestic,Go First,2016,8,4449,7968.6,4111.0,674131.0,622573.0,723532.0,86.046,3819.0,0.0,3819.0,56032.0,4101.0,0.0,60133.0,77903.0,77.19,2016-08-01,4.036945605722391
ScheduledDomestic,Go First,2016,9,4380,7709.38,4022.0,686692.0,632943.0,707832.0,89.42,4053.0,0.0,4053.0,56965.0,4398.0,0.0,61363.0,76213.0,80.515,2016-09-01,4.187838356216179
ScheduledDomestic,Go First,2016,10,4651,8451.983,4387.0,688261.0,651560.0,772080.0,84.39,5056.0,0.0,5056.0,58640.0,5382.0,0.0,64022.0,83130.0,77.014,2016-10-01,3.9829047721062585
ScheduledDomestic,Go First,2016,11,4674,8476.133,4374.0,719566.0,671781.0,769863.0,87.26,3554.0,0.0,3554.0,60460.0,3722.0,0.0,64182.0,82891.0,77.429,2016-11-01,4.023745019849027
ScheduledDomestic,Go First,2016,12,4886,8568.383,4585.0,780622.0,736296.0,811638.0,90.717,4275.0,0.0,4275.0,66267.0,4452.0,0.0,70719.0,86879.0,81.399,2016-12-01,4.101524099374091
ScheduledDomestic,Go First,2017,1,4945,8960.15,4577.0,788337.0,735410.0,809836.0,90.81,4346.0,0.0,4346.0,66187.0,4489.0,0.0,70676.0,86726.0,81.493,2017-01-01,4.1908835257524695
ScheduledDomestic,Go First,2017,2,4673,8315.533,4258.0,749352.0,685872.0,754470.0,90.908,4189.0,0.0,4189.0,61728.0,4343.0,0.0,66071.0,80689.0,81.884,2017-02-01,4.4090733645255735
ScheduledDomestic,Go First,2017,3,5392,9549.416,4937.0,802114.0,741179.0,874330.0,84.771,5729.0,0.0,5729.0,66706.0,5963.0,0.0,72669.0,93550.0,77.679,2017-03-01,4.523394468302617
ScheduledDomestic,Go First,2017,4,5005,8905.883,4556.0,739401.0,683452.0,807242.0,84.665,5008.0,0.0,5008.0,61511.0,5145.0,0.0,66656.0,86329.0,77.212,2017-04-01,4.130005054976358
ScheduledDomestic,Go First,2017,5,5334,9593.33,4960.0,863570.0,817288.0,879250.0,92.953,5105.0,0.0,5105.0,73556.0,5427.0,0.0,78983.0,93990.0,84.033,2017-05-01,4.329106759852306
ScheduledDomestic,Go First,2017,6,5155,9400.417,4843.0,805483.0,767968.0,858717.0,89.432,4831.0,0.0,4831.0,69117.0,5165.0,0.0,74282.0,91773.0,80.941,2017-06-01,4.302051975225639
ScheduledDomestic,Go First,2017,7,5113,9369.883,4816.0,741855.0,703764.0,853098.0,82.495,0.0,0.0,0.0,63339.0,0.0,0.0,63339.0,91263.0,69.403,2017-07-01,3.962073304244322
ScheduledDomestic,Go First,2017,8,5187,9511.1,4951.0,775836.0,747563.0,875273.0,85.409,0.0,0.0,0.0,67281.0,0.0,0.0,67281.0,93824.0,71.71,2017-08-01,4.102584820495389
ScheduledDomestic,Go First,2017,9,5165,9426.25,4945.0,808539.0,774630.0,874904.0,88.539,0.0,0.0,0.0,69717.0,0.0,0.0,69717.0,93701.0,74.404,2017-09-01,4.322209246419475
ScheduledDomestic,Go First,2017,10,5930,10981.716,5708.0,924189.0,888031.0,1013393.0,87.629,0.0,0.0,0.0,79923.0,0.0,0.0,79923.0,108166.0,73.889,2017-10-01,4.533629116664685
ScheduledDomestic,Go First,2017,11,5819,10876.65,5499.0,933709.0,879987.0,977879.0,89.989,0.0,0.0,0.0,79199.0,0.0,0.0,79199.0,104208.0,76.001,2017-11-01,4.56137080353168
ScheduledDomestic,Go First,2017,12,6601,12454.216,6277.0,1080481.0,1029625.0,1119124.0,92.003,0.0,0.0,0.0,92666.0,0.0,0.0,92666.0,118943.0,77.908,2017-12-01,4.929408533569839
ScheduledDomestic,Go First,2018,1,6829,12871.866,6416.0,1095127.0,1031414.0,1145620.0,90.031,1410.0,0.0,1410.0,92827.0,1468.0,0.0,94295.0,121575.0,77.561,2018-01-01,4.783002647074032
ScheduledDomestic,Go First,2018,2,6357,12030.166,5972.0,1020977.0,963904.0,1066358.0,90.392,3811.2,0.0,3811.2,86751.4,4206.3,0.0,90957.7,113169.4,80.373,2018-02-01,4.761927638151017
ScheduledDomestic,Go First,2018,3,6641,12030.166,6353.3,1039974.0,997302.6,1133354.9,87.996,4090.2,0.0,4090.2,89757.2,4553.7,0.0,94310.9,120396.0,78.334,2018-03-01,4.504066884293605
ScheduledDomestic,Go First,2018,4,6349,12114.25,6103.4,1009963.0,974781.9,1088873.7,89.522,5458.6,0.0,5458.6,87730.4,6106.6,0.0,93837.0,115658.8,81.133,2018-04-01,4.4005192628677205
ScheduledDomestic,Go First,2018,5,6542,12657.33,6330.4,1034197.0,1005378.7,1127621.3,89.159,5998.3,0.0,5998.3,90484.1,6775.1,0.0,97259.2,119962.0,81.075,2018-05-01,4.375281441154706
ScheduledDomestic,Go First,2018,6,6663,12868.483,6496.63,1054793.0,1027052.997,1159408.61,88.584,6602.78,0.0,6602.78,92434.77,7314.27,0.0,99749.04,123111.08,81.024,2018-06-01,4.6720477958799425
ScheduledDomestic,Go First,2018,7,6537,12562.266,6425.2,1026758.0,1002176.5,1149476.3,87.185,6516.0,0.0,6516.0,90195.9,7308.2,0.0,97504.1,121757.2,80.081,2018-07-01,4.403654032935086
ScheduledDomestic,Go First,2018,8,6687,12742.066,6544.11,1014015.0,992139.22,1172612.38,84.609,6118.46,0.0,6118.46,89292.53,6790.956,0.0,96083.486,124010.97,77.48,2018-08-01,4.479175059474084
ScheduledDomestic,Go First,2018,9,6086,11526.633,5915.001,989309.0,960011.867,1059735.798,90.59,6207.856,0.0,6207.856,86401.068,6997.821,0.0,93398.889,112089.269,83.325,2018-09-01,4.352932925227035
ScheduledDomestic,Go First,2018,10,6902,13074.833,6759.89,1047651.0,1019261.21,1211954.956,84.101,7469.795,0.0,7469.795,91733.509,8201.182,0.0,99934.691,128099.916,78.013,2018-10-01,4.4371753493449
ScheduledDomestic,Go First,2018,11,6502,12871.866,6410.801,1019398.0,1007827.395,1150762.452,87.579,6082.65,0.0,6082.65,90704.466,6706.253,0.0,97410.719,121484.679,80.184,2018-11-01,4.391486306927671
ScheduledDomestic,Go First,2018,12,6853,13106.933,6685.662,1111770.0,1090067.199,1231631.976,88.506,5668.55,0.0,5668.55,98106.05,6487.1,0.0,104593.15,126693.29,82.556,2018-12-01,4.394413829140516
ScheduledDomestic,Go First,2019,1,6813,10786.133,6639.29,1087717.0,1060701.668,1213805.9,87.386,5229.419,0.0,5229.419,95463.15,5885.581,0.0,101348.731,125814.546,80.554,2019-01-01,4.361658743731993
ScheduledDomestic,Go First,2019,2,6037,9467.95,5856.552,1026676.0,999484.096,1079898.144,92.554,4851.401,0.0,4851.401,89953.569,5317.421,0.0,95270.99,110981.66,85.844,2019-02-01,4.5341675419149805
ScheduledDomestic,Go First,2019,3,6862,10448.85,6605.523,1148587.0,1114700.284,1219774.416,91.386,6721.94,0.0,6721.94,100323.026,7380.656,0.0,107703.682,125174.661,86.043,2019-03-01,4.968875607640752
ScheduledDomestic,Go First,2019,4,7143,10757.03,6820.397,1190386.0,1142651.091,1257984.438,90.832,6772.52,0.0,6772.52,102838.598,7424.245,0.0,110262.843,129246.523,85.312,2019-04-01,5.42704369988679
ScheduledDomestic,Go First,2019,5,8119,12223.9,7755.092,1355072.0,1303857.818,1397329.0,93.311,7918.546,0.0,7918.546,117347.204,8767.358,0.0,126114.562,146958.993,85.816,2019-05-01,5.575625368825508
ScheduledDomestic,Go First,2019,6,7889,11980.7,7539.183,1330396.0,1279195.672,1360279.32,94.039,7445.256,0.0,7445.256,115127.61,8213.102,0.0,123340.713,142867.518,86.332,2019-06-01,5.548233788862046
ScheduledDomestic,Go First,2019,7,8192,12591.683,7789.532,1325734.0,1269121.517,1404277.57,90.375,8094.7,0.0,8094.7,114220.937,9028.239,0.0,123249.175,147611.631,83.496,2019-07-01,5.587241675193907
ScheduledDomestic,Go First,2019,8,8868,13423.65,8320.324,1390927.0,1311612.309,1498860.668,87.507,8752.785,0.0,8752.785,118045.108,9687.192,0.0,127732.3,157670.14,81.012,2019-08-01,5.91544912310666
ScheduledDomestic,Go First,2019,9,8494,12882.35,8004.767,1326836.0,1249974.988,1441754.002,86.698,9086.747,0.0,9086.747,112497.749,9929.282,0.0,122427.031,151690.335,80.709,2019-09-01,5.774843448450736
ScheduledDomestic,Go First,2019,10,9186,13812.32,8607.878,1378207.0,1289128.0,1551113.0,83.11,10082.366,0.0,10082.366,116021.561,10816.87,0.0,126838.431,163119.288,77.758,2019-10-01,5.611477779361169
ScheduledDomestic,Go First,2019,11,8561,13052.2,8092.889,1422119.0,1352293.297,1459429.45,92.659,8673.19,0.0,8673.19,121706.397,9398.756,0.0,131105.152,153360.247,85.488,2019-11-01,5.507761925030218
ScheduledDomestic,Go First,2019,12,8267,12686.07,7813.82,1332368.0,1262740.787,1408237.09,89.668,0.0,0.0,0.0,113646.671,0.0,0.0,113646.671,148071.889,76.751,2019-12-01,5.132226968520558
ScheduledDomestic,Go First,2020,1,7846,14916.0,7462.182,1247479.0,1191784.32,1343764.716,88.69,,,,107260.589,,,107260.589,141408.349,75.852,2020-01-01,4.892998998791223
ScheduledDomestic,Go First,2020,2,7639,14245.01,7096.264,1231507.0,1158190.743,1279530.596,90.517,797.12,,797.12,104237.167,925.893,,105163.059,134474.203,78.203,2020-02-01,4.993473852632739
ScheduledDomestic,Go First,2020,3,5453,10113.0,5103.104,767558.0,729052.525,923735.886,78.924,2482.276,,2482.276,65614.727,2893.12,,68507.848,96703.821,70.843,2020-03-01,4.961182247975474
ScheduledDomestic,Go First,2020,7,833,1343.0,881.515,79358.0,82736.712,163961.79,50.461,1036.551,,1036.551,7446.304,1226.036,,8672.34,16704.709,51.916,2020-07-01,1.9273471860046199
ScheduledDomestic,Go First,2020,8,1216,1856.0,1226.576,132779.0,139257.664,228143.136,61.04,1746.707,,1746.707,12533.19,2101.641,,14634.83,23243.615,62.963,2020-08-01,2.3491161821673883
ScheduledDomestic,Go First,2020,9,2548,4989.55,2553.565,263659.0,273752.763,474960.048,57.637,3387.633,,3387.633,24637.749,4178.591,,28816.339,48390.057,59.55,2020-09-01,3.3461922228847114
ScheduledDomestic,Go First,2020,10,3425,6800.52,3553.875,395061.0,408108.549,660477.048,61.79,4315.096,,4315.096,36729.769,5313.958,,42043.727,67345.931,62.429,2020-10-01,3.7491345107024587
ScheduledDomestic,Go First,2020,11,4428,8796.92,4484.259,577339.0,587011.683,829618.338,70.757,4399.799,,4399.799,52831.051,5305.307,,58136.358,84976.708,68.414,2020-11-01,4.5512881254011575
ScheduledDomestic,Go First,2020,12,5349,10576.9,5283.254,654539.0,647184.488,976744.272,66.259,4612.704,,4612.704,58246.604,5401.088,,63647.692,100117.663,63.573,2020-12-01,4.4794228465559565
ScheduledDomestic,Go First,2021,1,5323,10287.82,5163.897,633787.0,619864.761,955362.276,64.883,4439.473,,4439.473,55787.828,5095.006,,60882.835,97855.848,62.217,2021-01-01,4.113351441623609
ScheduledDomestic,Go First,2021,2,4143,8310.97,3987.456,581273.0,562958.335,735783.24,76.511,4496.466,,4496.466,50666.25,4828.919,,55495.169,75562.291,73.443,2021-02-01,3.728382809875202
ScheduledDomestic,Go First,2021,3,4709,9203.8,4464.36,611956.0,589514.952,823979.121,71.545,5228.14,,5228.14,53056.346,5513.169,,58569.514,84599.622,69.231,2021-03-01,3.9291873573801475
ScheduledDomestic,Go First,2021,4,4579,8843.033,4431.672,547137.0,537578.093,818721.751,65.661,5041.834,,5041.834,48382.028,5441.414,,53823.443,83980.184,64.091,2021-04-01,4.844120356253832
ScheduledDomestic,Go First,2021,5,1220,2077.45,1062.621,138417.0,124752.207,196951.756,63.342,1723.071,,1723.071,11227.699,1714.741,,12942.439,20136.668,64.273,2021-05-01,3.3969495997785386
ScheduledDomestic,Go First,2021,6,2004,3512.54,1794.126,258368.0,235326.108,331758.741,70.933,2994.224,,2994.224,21179.35,3164.682,,24344.032,33998.688,71.603,2021-06-01,4.26540863350352
ScheduledDomestic,Go First,2021,7,2792,4839.07,2397.954,342014.0,298046.222,443852.476,67.15,3693.817,,3693.817,26824.16,3752.999,0.0,30577.159,45441.228,67.289,2021-07-01,3.4916033439615295
ScheduledDomestic,Go First,2021,8,3709,7237.4,3329.94,457959.0,415897.514,615195.267,67.604,4803.88,,4803.88,37430.85,5063.294,0.0,42494.144,63097.171,67.347,2021-08-01,3.499045546065009
ScheduledDomestic,Go First,2021,9,4326,8502.53,3861.267,579872.0,527580.77,712498.074,74.047,6318.74,,6318.74,47482.269,6541.017,0.0,54023.287,73171.01,73.832,2021-09-01,4.20692298964085
ScheduledDomestic,Go First,2021,10,6451,12798.36,5998.572,883763.0,833800.578,1106509.912,75.354,6642.504,,6642.504,75037.093,7139.653,,82176.747,113672.939,72.292,2021-10-01,5.030444628412285
ScheduledDomestic,Go First,2021,11,8086,15902.12,7638.282,1155939.0,1101805.331,1408278.833,78.238,6341.258,,6341.258,99162.48,6926.872,0.0,106089.352,144745.444,73.294,2021-11-01,5.519593010718698
ScheduledDomestic,Go First,2021,12,8332,16863.2,7859.509,1193076.0,1130994.365,1431800.332,78.991,7337.721,,7337.721,101789.493,8013.11,,109802.603,148937.696,73.724,2021-12-01,5.347201288194535
ScheduledDomestic,Go First,2022,1,5239,10670.44,4902.867,635493.0,603763.254,904894.858,66.722,6067.95,,6067.95,54338.693,6301.144,0.0,60639.837,92909.33,65.268,2022-01-01,4.956595964264694
ScheduledDomestic,Go First,2022,2,4630,9317.19,4471.781,734220.0,716681.981,824144.851,86.961,5542.459,,5542.459,64501.378,5937.419,0.0,70438.797,84740.25,83.123,2022-02-01,4.7703052106530714
ScheduledDomestic,Go First,2022,3,6981,13964.53,6753.835,1044026.0,1013105.997,1245242.297,81.358,6998.491,,6998.491,91179.54,7551.99,,98731.53,127985.173,77.143,2022-03-01,4.915542350674345
ScheduledDomestic,Go First,2022,4,7594,14792.31,7280.79,1108977.0,1078573.011,1343791.069,80.263,7271.96,,7271.96,97071.571,7961.364,0.0,105032.935,137970.97,76.127,2022-04-01,5.256269546713422
ScheduledDomestic,Go First,2022,5,8114,16230.78,7757.945,1276216.0,1238458.961,1431684.404,86.504,8443.62,,8443.62,111461.306,9319.448,0.0,120780.755,147013.058,82.156,2022-05-01,5.563073442284861
ScheduledDomestic,Go First,2022,6,7023,14255.54,6637.827,998773.0,963404.879,1223956.284,78.712,7284.829,,7284.829,86706.439,7859.778,0.0,94566.217,125786.822,75.18,2022-06-01,4.7497153803061245
ScheduledDomestic,Go First,2022,7,5779,12010.49,5415.944,795237.0,764495.075,999119.767,76.517,7289.624,,7289.624,68804.557,7956.43,,76760.987,102632.139,74.792,2022-07-01,4.097075776094923
ScheduledDomestic,Go First,2022,8,5875,12480.14,5594.063,870277.0,842497.374,1031949.97,81.641,6136.578,,6136.578,75824.764,6692.467,,82517.231,106007.494,77.841,2022-08-01,4.301598726499369
ScheduledDomestic,Go First,2022,9,5323,11498.43,5139.214,814678.0,787899.768,946834.167,83.214,5957.374,,5957.374,70910.979,6518.294,,77429.274,97388.105,79.506,2022-09-01,3.9368471492677997
ScheduledDomestic,Go First,2022,10,5042,11155.56,4963.552,802322.0,793379.151,914915.576,86.716,5707.676,,5707.676,71404.124,6146.013,0.0,77550.137,94059.31,82.448,2022-10-01,3.518654585479823
ScheduledDomestic,Go First,2022,11,5140,10945.58,4992.02,870316.0,842496.028,922589.442,91.319,5035.13,,5035.13,75824.643,5390.583,0.0,81215.226,94598.779,85.852,2022-11-01,3.726120174521188
ScheduledDomestic,Go First,2022,12,5549,12205.367,5418.221,951235.0,927474.194,1001277.138,92.629,5460.472,,5460.472,83472.677,5835.077,0.0,89307.754,102675.288,86.981,2022-12-01,3.734593992487429
ScheduledDomestic,Go First,2023,1,6242,11722.617,6049.0,1052822.0,1017247.476,1119068.004,90.901,5363.121,,5363.121,91552.273,6114.0,0.0,97666.273,114631.696,85.2,2023-01-01,4.194166406130239
ScheduledDomestic,Go First,2023,2,5619,10392.067,5391.277,963373.0,925930.793,994899.846,93.068,5387.599,,5387.599,83333.771,5712.376,0.0,89046.147,101929.605,87.36,2023-02-01,3.9913129956550892
ScheduledDomestic,Go First,2023,3,5392,9941.05,5145.0,894655.0,856771.0,950227.0,90.165,4706.0,,4706.0,77109.0,5015.0,,82124.0,97498.0,84.231,2023-03-01,3.4694847212836355
ScheduledDomestic,Go First,2023,4,4911,11340.117,4695.0,828780.0,790426.0,867044.0,91.163,3890.0,,3890.0,71138.0,4104.0,0.0,75242.0,88961.0,84.579,2023-04-01,3.215214289427478
ScheduledDomestic,Go First,2023,5,284,522.833,268.0,48296.0,45710.0,49465.0,92.409,128.91,,128.91,4114.0,132.0,0.0,4246.0,5078.0,83.616,2023-05-01,0.1827430559076604
ScheduledDomestic,IndiGo,2015,1,16280,28759.21,15520.0,2276404.0,2378975.0,2793463.0,85.162,9801.0,899.0,10700.0,214082.0,11946.0,1081.0,227109.0,282457.0,80.405,2015-01-01,18.30983853684989
ScheduledDomestic,IndiGo,2015,2,15285,27131.57,14591.0,2230645.0,2311979.0,2626290.0,88.032,10179.0,946.0,11125.0,208065.0,12443.0,1140.0,221648.0,265553.0,83.467,2015-02-01,18.6237986740016
ScheduledDomestic,IndiGo,2015,3,17661,31408.29,16829.0,2286128.0,2332457.0,3028942.0,77.006,9335.0,965.0,10300.0,210123.0,11292.0,1169.0,222584.0,306280.0,72.673,2015-03-01,18.286519478292256
ScheduledDomestic,IndiGo,2015,4,17508,30796.04,16481.0,2481285.0,2541928.0,2966289.0,85.694,8391.0,2032.0,10423.0,228709.0,9961.0,2729.0,241399.0,299958.0,80.478,2015-04-01,18.974487483859008
ScheduledDomestic,IndiGo,2015,5,18477,32107.18,17185.0,2769283.0,2841729.0,3093332.0,91.866,10696.0,1020.0,11716.0,255756.0,13136.0,1254.0,270146.0,312776.0,86.37,2015-05-01,19.509849106844573
ScheduledDomestic,IndiGo,2015,6,17808,31337.16,16692.0,2536554.0,2603141.0,3004343.0,86.646,9775.0,1177.0,10952.0,234283.0,12034.0,1504.0,247821.0,303802.0,81.573,2015-06-01,19.307464038948716
ScheduledDomestic,IndiGo,2015,7,18471,32872.0,17498.0,2416916.0,2470014.0,3148955.0,78.439,11303.0,1000.834,12303.834,222301.0,14164.0,1239.0,237704.0,340926.0,69.723,2015-07-01,17.90893969464382
ScheduledDomestic,IndiGo,2015,8,18510,32595.43,17578.0,2384943.0,2431071.0,3163792.0,76.84,10670.0,768.0,11438.0,218796.0,13479.0,958.0,233233.0,342417.0,68.114,2015-08-01,17.70462544951151
ScheduledDomestic,IndiGo,2015,9,18402,32127.4,17415.0,2430449.0,2489033.0,3134197.0,79.415,10867.0,695.0,11562.0,224009.0,13704.0,895.0,238608.0,339311.0,70.321,2015-09-01,18.308955282122024
ScheduledDomestic,IndiGo,2015,10,19105,33699.34,18141.0,2589861.0,2691402.0,3264626.0,82.441,11332.0,663.0,11995.0,242203.0,14164.0,837.0,257204.0,353446.0,72.77,2015-10-01,18.476600305714967
ScheduledDomestic,IndiGo,2015,11,18710,33250.0,17779.0,2597765.0,2683285.0,3197233.0,83.925,9927.0,805.91,10732.91,241467.0,12453.0,987.0,254907.0,346296.0,73.61,2015-11-01,17.818425479662864
ScheduledDomestic,IndiGo,2015,12,18677,33391.32,17819.0,2743325.0,2835728.0,3204462.0,88.493,10120.0,803.0,10923.0,255183.0,12593.0,969.0,268745.0,347125.0,77.42,2015-12-01,17.872122166988582
ScheduledDomestic,IndiGo,2016,1,19350,34712.57,18509.0,2725711.0,2818080.0,3328760.0,84.659,10905.0,957.0,11862.0,253565.0,13512.0,1150.0,268227.0,360659.0,74.371,2016-01-01,17.88317987990624
ScheduledDomestic,IndiGo,2016,2,19056,34033.75,18249.0,2754131.0,2824045.0,3281993.0,86.047,11417.0,1006.0,12423.0,254161.0,13835.0,1214.0,269210.0,355554.0,75.716,2016-02-01,18.500134949176754
ScheduledDomestic,IndiGo,2016,3,21267,37886.86,20163.0,3023228.0,3086455.0,3626104.0,85.118,11670.0,972.0,12642.0,277775.0,14200.0,1124.0,293099.0,392682.0,74.64,2016-03-01,19.292105242334724
ScheduledDomestic,IndiGo,2016,4,21328,37918.45,20351.0,3066556.0,3141475.0,3660008.0,85.832,11363.0,872.0,12235.0,282725.0,13992.0,998.0,297715.0,396261.0,75.131,2016-04-01,19.41610294620448
ScheduledDomestic,IndiGo,2016,5,22781,40739.85,21724.0,3336839.0,3408589.0,3907259.0,87.237,12811.0,896.0,13707.0,306774.0,15753.0,1034.0,323561.0,422755.0,76.536,2016-05-01,19.347625948569362
ScheduledDomestic,IndiGo,2016,6,23025,41265.45,22057.0,3023081.0,3088436.0,3967035.0,77.853,12476.0,976.0,13452.0,277970.0,15248.0,1102.0,294320.0,429236.0,68.568,2016-06-01,19.05193242423452
ScheduledDomestic,IndiGo,2016,7,23869,42696.016,22722.0,3383768.0,3416019.0,4086542.0,83.592,12891.0,1352.0,14243.0,307450.0,15956.0,1524.0,324930.0,441861.0,73.537,2016-07-01,19.96268892257922
ScheduledDomestic,IndiGo,2016,8,23650,42057.93,22491.0,3341081.0,3321459.0,4045142.0,82.11,12308.0,1448.0,13756.0,298936.0,15084.0,1614.0,315634.0,437496.0,72.146,2016-08-01,20.0076279852322
ScheduledDomestic,IndiGo,2016,9,23382,41133.45,22200.0,3295826.0,3275496.0,3991989.0,82.052,13877.0,1415.0,15292.0,294799.0,18243.0,1597.0,314639.0,431457.0,72.925,2016-09-01,20.099821372921987
ScheduledDomestic,IndiGo,2016,10,25461,44856.8,24279.0,3692828.0,3706073.0,4365398.0,84.897,13889.0,1390.0,15279.0,333565.0,16834.0,1515.0,351914.0,474205.0,74.211,2016-10-01,21.370064937236904
ScheduledDomestic,IndiGo,2016,11,25084,44899.316,24072.0,3772583.0,3807017.0,4328764.0,87.947,11142.0,1188.0,12330.0,342746.0,13402.0,1298.0,357446.0,469602.0,76.117,2016-11-01,21.095927348175294
ScheduledDomestic,IndiGo,2016,12,24822,44453.05,23687.0,3848322.0,3893161.0,4259237.0,91.405,11886.0,1194.0,13080.0,350384.902,14221.264,1277.605,365883.771,458544.589,79.792,2016-12-01,20.219754791885833
ScheduledDomestic,IndiGo,2017,1,24948,45065.783,23817.0,3809228.0,3854899.0,4282923.0,90.006,11645.0,1252.0,12897.0,346940.413,13836.661,1341.032,362118.106,467560.594,77.448,2017-01-01,20.250262097345463
ScheduledDomestic,IndiGo,2017,2,22935,41111.3,21770.0,3418605.0,3431547.0,3914438.0,87.664,11486.0,1182.0,12668.0,308835.031,13786.0,1246.0,323867.031,422367.041,76.679,2017-02-01,20.114552639258918
ScheduledDomestic,IndiGo,2017,3,25996,46243.2,24490.0,3611371.0,3592642.0,4403676.0,81.583,13634.0,1039.0,14673.0,323326.0,16199.0,1099.0,340624.0,475144.0,71.689,2017-03-01,20.365753003174724
ScheduledDomestic,IndiGo,2017,4,25648,45355.666,23844.0,3778780.0,3725376.0,4286527.0,86.909,12827.0,950.0,13777.0,335276.0,15484.0,1032.0,351792.0,462757.0,76.021,2017-04-01,21.106788470185414
ScheduledDomestic,IndiGo,2017,5,27058,47853.4,25250.0,4190914.0,4137195.0,4539124.0,91.145,14177.0,1028.0,15205.0,372337.0,17415.0,1149.0,390901.0,501696.0,77.916,2017-05-01,21.00919917014216
ScheduledDomestic,IndiGo,2017,6,25778,45507.033,23990.0,3825814.0,3788390.0,4314039.0,87.815,13553.0,1076.0,14629.0,340935.0,16604.0,1188.0,358727.0,475129.0,75.501,2017-06-01,20.43351712642713
ScheduledDomestic,IndiGo,2017,7,25941,45614.15,24057.0,3699451.0,3618780.0,4325745.0,83.657,14980.0,1264.0,16244.0,325678.0,18241.0,1389.0,345308.0,458841.0,75.257,2017-07-01,19.757898844733756
ScheduledDomestic,IndiGo,2017,8,25543,45100.783,23931.0,3678245.0,3595123.0,4302678.0,83.555,15987.0,1190.0,17177.0,323557.0,19262.0,1277.0,344096.0,427001.0,80.584,2017-08-01,19.45038913257836
ScheduledDomestic,IndiGo,2017,9,25114,43928.533,23487.0,3664509.0,3597420.0,4223666.0,85.173,16388.0,1264.0,17652.0,323766.0,19682.0,1398.0,344846.0,454887.0,75.809,2017-09-01,19.589376249491224
ScheduledDomestic,IndiGo,2017,10,27562,48633.883,25807.23,4133027.0,4052585.0,4640884.0,87.324,15283.51,1053.861,16337.371,364732.81,18368.46,1142.01,384243.28,502597.4,76.452,2017-10-01,20.27465328754323
ScheduledDomestic,IndiGo,2017,11,26545,47091.33,24775.271,4131844.0,4040152.0,4455457.0,90.679,14553.0,1269.0,15822.0,363610.0,17620.0,1358.0,382588.0,483250.0,79.17,2017-11-01,20.184953327372394
ScheduledDomestic,IndiGo,2017,12,28741,50863.6,26683.0,4430070.0,4352831.0,4794370.0,90.79,14531.0,1536.0,16067.0,391744.0,17529.0,1607.0,410880.0,533029.0,77.084,2017-12-01,20.21102163046989
ScheduledDomestic,IndiGo,2018,1,30101,53160.833,27565.0,4556904.0,4416727.0,4924840.0,89.683,13056.0,1667.0,14723.0,397501.0,15654.0,1789.0,414944.0,536456.0,77.349,2018-01-01,19.902425832311913
ScheduledDomestic,IndiGo,2018,2,27700,49289.733,25296.0,4290189.0,4146528.0,4517438.0,91.789,11817.2,1449.6,13266.8,373187.1,14346.3,1534.7,389068.1,491993.7,79.08,2018-02-01,20.009823504340915
ScheduledDomestic,IndiGo,2018,3,30502,54229.1,27937.5,4576236.0,4428533.0,4973298.0,89.046,13134.8,1490.0,14624.8,398567.6,15593.1,1576.1,415736.8,541650.5,76.754,2018-03-01,19.81941185290424
ScheduledDomestic,IndiGo,2018,4,29818,52951.0,27103.9,4579916.0,4420575.0,4809221.0,91.919,10639.2,1347.5,11986.7,397849.5,12554.7,1466.1,411870.3,526071.0,78.292,2018-04-01,19.95519497280205
ScheduledDomestic,IndiGo,2018,5,32110,57307.333,29014.6,4852909.0,4677509.0,5141930.0,90.968,12451.1,1418.252,13869.352,420973.8,15073.3,1521.8,437568.9,563300.3,77.68,2018-05-01,20.53075253874517
ScheduledDomestic,IndiGo,2018,6,31979,56937.083,29156.4,4672686.0,4565770.0,5170011.0,88.313,12793.09,1607.5,14400.59,410917.2,15557.9,1649.1,428124.2,567301.5,75.467,2018-06-01,20.696963600572875
ScheduledDomestic,IndiGo,2018,7,33767,59674.55,30718.75,5002416.0,4804228.0,5438722.0,88.334,14608.74,1745.9,16354.64,432376.048,17850.602,1860.845,452087.495,593886.184,76.124,2018-07-01,21.454821284878236
ScheduledDomestic,IndiGo,2018,8,34409,60802.9,31462.91,4757378.0,4610890.0,5565617.0,82.846,13976.968,1856.701,15833.669,414981.29,17250.53,1995.41,434227.23,608617.96,71.346,2018-08-01,21.014609139007508
ScheduledDomestic,IndiGo,2018,9,35602,62407.7,32512.217,4920335.0,4753181.0,5747320.0,82.703,14255.104,1695.5,15950.604,427783.154,17435.693,1804.994,447023.841,630112.446,70.944,2018-09-01,21.64934133283631
ScheduledDomestic,IndiGo,2018,10,37403,64970.366,34065.699,5074853.0,4998733.0,6014907.0,83.106,14660.534,1754.6,16415.134,449886.26,17602.17,1846.06,469334.49,661360.99,70.965,2018-10-01,21.4938110431327
ScheduledDomestic,IndiGo,2018,11,36011,63706.45,32769.504,5005919.0,4916916.0,5794474.0,84.855,11716.432,1805.882,13522.314,442521.497,13942.487,1865.591,458329.575,652032.005,70.292,2018-11-01,21.565104838433136
ScheduledDomestic,IndiGo,2018,12,37305,66564.5,34430.362,5478523.0,5425426.0,6101125.0,88.925,12582.105,2099.507,14681.612,488287.579,15013.057,2112.633,505413.269,685259.526,73.755,2018-12-01,21.65456635317052
ScheduledDomestic,IndiGo,2019,1,37199,67118.433,34515.158,5321832.0,5282940.0,6111639.0,86.441,13069.63,2078.017,15147.647,475465.92,15411.28,2076.57,492953.77,673255.83,73.219,2019-01-01,21.34012346545353
ScheduledDomestic,IndiGo,2019,2,33596,60391.583,30957.867,4930608.0,4841086.0,5475814.0,88.409,14069.552,1811.267,15880.819,435698.856,16555.242,1768.362,454022.46,602746.818,75.326,2019-02-01,21.775324206961432
ScheduledDomestic,IndiGo,2019,3,38220,67719.3,35414.459,5440796.0,5391425.0,6272727.0,85.95,18433.85,1942.772,20376.622,485226.61,21302.49,1858.44,508387.54,688414.78,73.849,2019-03-01,23.5373015109429
ScheduledDomestic,IndiGo,2019,4,37911,66485.2,34806.678,5481088.0,5399413.0,6151697.0,87.771,18918.89,1557.51,20476.4,485948.45,21699.27,1552.13,509199.85,675404.5,75.392,2019-04-01,24.988620580992286
ScheduledDomestic,IndiGo,2019,5,39934,70246.0,36494.462,5979551.0,5871438.0,6458545.0,90.91,20557.945,1610.268,22168.213,528428.004,24167.358,1610.18,554205.543,709453.781,78.117,2019-05-01,24.603664048689616
ScheduledDomestic,IndiGo,2019,6,38698,68381.0,35379.323,5778376.0,5658684.0,6281020.0,90.092,19024.563,1548.552,20573.115,509281.455,22637.987,1553.722,533473.164,690011.215,77.314,2019-06-01,24.097923451325403
ScheduledDomestic,IndiGo,2019,7,39883,70628.55,35699.038,5693448.0,5430427.0,6302625.0,86.161,20019.988,1730.236,21750.224,488737.396,23756.304,1796.548,514290.247,692651.464,74.249,2019-07-01,23.994760593866793
ScheduledDomestic,IndiGo,2019,8,39636,70725.233,35578.924,5540693.0,5278012.0,6259585.0,84.319,20637.445,1499.933,22137.378,475019.32,24256.228,1515.834,500791.382,702156.039,71.322,2019-08-01,23.563916401258446
ScheduledDomestic,IndiGo,2019,9,39058,68815.41,34774.165,5559031.0,5287003.0,6115257.0,86.456,21670.798,1291.855,22962.653,475830.888,25800.959,1281.763,502913.61,673215.401,74.703,2019-09-01,24.19480158066599
ScheduledDomestic,IndiGo,2019,10,41763,74078.5,37380.275,5842318.0,5611952.0,6592745.0,85.123,22166.379,1302.974,23469.353,504986.795,26094.148,1283.768,532364.71,742722.955,71.677,2019-10-01,23.787455467111826
ScheduledDomestic,IndiGo,2019,11,40949,73478.43,36448.489,6151347.0,5863493.0,6414008.0,91.417,19120.104,1540.696,20660.8,527516.021,22676.949,1601.907,551794.876,707308.382,78.013,2019-11-01,23.82371292012051
ScheduledDomestic,IndiGo,2019,12,42086,75301.0,37114.223,6188457.0,5890402.0,6537502.0,90.102,21009.351,1661.507,22670.858,529046.2,24515.212,1729.966,555291.379,719992.832,77.125,2019-12-01,23.837682914127196
ScheduledDomestic,IndiGo,2020,1,42555,75909.41,37471.865,6119924.0,5789000.0,6594144.0,87.79,22075.551,1785.865,23861.416,520937.384,25404.533,1856.596,548198.513,727109.082,75.394,2020-01-01,24.00423734962943
ScheduledDomestic,IndiGo,2020,2,41162,73172.2,36147.93,5931189.0,5615979.0,6358872.0,88.317,21597.039,1666.481,23263.52,505369.737,25277.964,1702.787,532350.488,701165.634,75.924,2020-02-01,24.049588988550553
ScheduledDomestic,IndiGo,2020,3,32233,56567.0,28386.352,3793464.0,3660382.0,4985152.0,73.426,15280.57,,15280.57,329417.778,17746.429,,347164.206,550214.349,63.096,2020-03-01,24.519406032031497
ScheduledDomestic,IndiGo,2020,5,1575,2714.58,1473.0,142254.0,141383.0,268985.0,52.562,782.261,192.678,974.939,12713.0,974.0,167.0,13854.0,30075.0,46.065,2020-05-01,25.546931401458963
ScheduledDomestic,IndiGo,2020,6,10341,17810.33,9437.0,1046836.0,1038263.0,1711028.0,60.681,7860.996,1410.205,9271.2,93442.0,8979.0,1238.0,103659.0,194003.0,53.432,2020-06-01,27.047013627164517
ScheduledDomestic,IndiGo,2020,7,13094,22743.5,11616.535,1272240.0,1240088.0,2060464.0,60.185,10776.526,1797.602,12574.128,111596.42,11747.253,1588.216,124931.889,233503.523,53.503,2020-07-01,30.89856326926734
ScheduledDomestic,IndiGo,2020,8,15897,27875.0,14060.192,1681787.0,1633951.0,2490194.0,65.615,11349.065,1959.648,13308.713,147014.4,9640.171,1671.281,158325.852,165610.035,95.602,2020-08-01,29.754050389434667
ScheduledDomestic,IndiGo,2020,9,21063,37320.05,19101.914,2265539.0,2233475.0,3415497.0,65.392,13099.071,2296.435,15395.506,200974.575,14798.241,1897.752,217670.567,381911.566,56.995,2020-09-01,28.752779091333906
ScheduledDomestic,IndiGo,2020,10,24853,43914.95,22864.053,2926835.0,2820750.0,4137233.0,68.18,15877.951,2522.164,18400.115,253797.872,17890.145,2158.835,273846.852,435741.186,62.846,2020-10-01,27.775705791338122
ScheduledDomestic,IndiGo,2020,11,26786,47267.58,24377.12,3423059.0,3280792.0,4435096.0,73.973,15035.611,2287.271,17322.882,295265.516,16651.888,2072.938,313990.342,496279.275,63.269,2020-11-01,26.98471397090368
ScheduledDomestic,IndiGo,2020,12,31847,56527.51,28845.914,3951522.0,3768240.0,5270175.0,71.501,15997.508,2878.192,18875.7,339050.733,18088.353,2713.688,359852.774,556202.234,64.698,2020-12-01,27.042755168856992
ScheduledDomestic,IndiGo,2021,1,34461,61464.9,31362.842,4202712.0,3983767.0,5746935.0,69.32,16154.855,2151.005,18305.861,358449.523,18385.233,1964.64,378799.397,602126.95,62.91,2021-01-01,27.27609033307537
ScheduledDomestic,IndiGo,2021,2,32690,58239.43,29692.342,4238466.0,4039127.0,5431221.0,74.369,16743.805,2101.373,18845.178,363480.508,18924.991,1861.831,384267.33,571151.98,67.279,2021-02-01,27.186233963456946
ScheduledDomestic,IndiGo,2021,3,36601,64873.2,33192.901,4184920.0,4038028.0,6081170.0,66.402,19304.063,2101.246,21405.31,363374.059,21553.924,1965.491,386893.474,643066.867,60.164,2021-03-01,26.87012588429124
ScheduledDomestic,IndiGo,2021,4,31374,54525.38,28324.744,3083318.0,3056489.0,5208190.0,58.686,17706.902,1732.686,19439.588,275067.814,19756.398,1649.007,296473.22,552999.036,53.612,2021-04-01,27.298397821028097
ScheduledDomestic,IndiGo,2021,5,14121,24389.03,12702.033,1168738.0,1168028.0,2281799.0,51.189,12146.47,1224.561,13371.031,105073.828,13674.423,1115.479,119863.731,241919.251,49.547,2021-05-01,28.68248901035255
ScheduledDomestic,IndiGo,2021,6,16688,28631.07,14493.783,1701955.0,1607361.0,2563714.0,62.697,13775.17,1491.414,15266.584,144630.873,16048.956,1344.809,162024.639,271228.598,59.737,2021-06-01,28.09764967346762
ScheduledDomestic,IndiGo,2021,7,26210,45409.19,23124.08,2932469.0,2766997.0,4178445.0,66.221,17357.811,1862.876,19220.687,248993.689,20067.062,1749.96,270810.711,466797.997,58.015,2021-07-01,29.937425270496306
ScheduledDomestic,IndiGo,2021,8,30288,51609.56,26443.813,3816286.0,3549811.0,4796093.0,74.015,18552.037,1939.994,20492.031,319464.516,21372.044,1804.244,342640.803,538163.328,63.669,2021-08-01,29.15841490353995
ScheduledDomestic,IndiGo,2021,9,32082,54745.37,27657.0,3958375.0,3668544.0,4986115.0,73.575,18535.245,1881.751,20416.996,330084.0,21398.0,1785.0,353267.0,557736.0,63.339,2021-09-01,28.717680434853897
ScheduledDomestic,IndiGo,2021,10,36567,63408.19,31914.095,4807415.0,4515676.0,5792852.0,77.953,20005.519,1640.358,21645.877,406385.475,23148.153,1562.985,431096.614,647698.437,66.558,2021-10-01,27.364163201331852
ScheduledDomestic,IndiGo,2021,11,41846,72562.5,36288.846,5706021.0,5357596.0,6657154.0,80.479,17274.174,1660.419,18934.593,482128.575,20089.346,1548.817,503766.738,982313.424,51.284,2021-11-01,27.24617270514631
ScheduledDomestic,IndiGo,2021,12,44893,78309.18,39262.646,6140654.0,5770309.0,7195573.0,80.192,19217.113,1803.691,21020.804,519286.481,22407.27,1684.478,543378.23,803039.96,67.665,2021-12-01,27.521560218424412
ScheduledDomestic,IndiGo,2022,1,32470,54563.23,27862.96,3556558.0,3370607.0,5063752.0,66.563,16504.948,1795.653,18300.601,303320.031,18800.443,1649.728,323770.203,566307.0,57.172,2022-01-01,27.739756424497692
ScheduledDomestic,IndiGo,2022,2,27191,46105.45,23549.94,3950597.0,3702539.0,4345931.0,85.196,16219.013,1640.687,17859.7,333193.349,18154.751,1552.566,352900.665,487280.097,72.423,2022-02-01,25.667447705443042
ScheduledDomestic,IndiGo,2022,3,41982,71009.49,36123.9,5783838.0,5397618.0,6667040.0,80.96,18904.569,1830.124,20734.693,485736.397,21717.047,1742.439,509195.884,751461.26,67.761,2022-03-01,27.23179368946712
ScheduledDomestic,IndiGo,2022,4,43927,75079.52,38171.49,5957411.0,5665270.0,7108985.0,79.692,18927.36,1991.055,20918.415,509827.358,22366.485,1875.286,534069.128,820813.369,65.066,2022-04-01,28.236616283796284
ScheduledDomestic,IndiGo,2022,5,45450,78683.78,39809.33,6376429.0,6076111.0,7427863.0,81.802,21972.944,1742.731,23715.675,546731.083,26443.095,1659.848,574834.026,832904.722,69.016,2022-05-01,27.795093327865356
ScheduledDomestic,IndiGo,2022,6,44205,76159.1,38559.37,5982787.0,5684887.0,7234539.0,78.58,22031.485,1764.801,23796.286,511593.377,26475.748,1675.796,539744.92,811830.929,66.485,2022-06-01,28.451445354445443
ScheduledDomestic,IndiGo,2022,7,43029,73669.48,37099.95,5711288.0,5402584.0,6955302.0,77.676,22448.197,2056.916,24505.113,486160.513,26843.902,1937.061,514941.476,780612.876,65.966,2022-07-01,29.424661723613987
ScheduledDomestic,IndiGo,2022,8,43171,73508.58,37012.43,5832025.0,5421725.0,6926748.0,78.272,20559.139,2167.868,22727.007,487850.159,24072.341,1978.718,513901.217,775776.364,66.243,2022-08-01,28.82649008638914
ScheduledDomestic,IndiGo,2022,9,42458,62800.55,36366.28,5972449.0,5535026.0,6800011.0,81.397,21436.316,2141.792,23578.108,498054.0,25060.635,1949.363,525063.998,760440.722,69.047,2022-09-01,28.861241889184836
ScheduledDomestic,IndiGo,2022,10,45536,77994.1,39781.38,6471441.0,6126040.0,7464328.0,82.071,19173.945,1847.809,21021.754,551302.483,22293.721,1682.169,575278.373,834992.979,68.896,2022-10-01,28.381080849474564
ScheduledDomestic,IndiGo,2022,11,43379,74632.53,37649.46,6500903.0,6114319.0,7039907.0,86.852,18682.534,2030.185,20712.719,550281.563,21895.682,1837.105,574014.35,786775.699,72.958,2022-11-01,27.83258703839216
ScheduledDomestic,IndiGo,2022,12,46194,80042.8,40290.74,6997472.0,6606991.0,7553711.0,87.467,18031.8,2098.952,20130.752,594472.331,21188.432,1913.173,617573.936,844151.12,73.159,2022-12-01,27.472408914515334
ScheduledDomestic,IndiGo,2023,1,47977,83764.167,41826.54,6847384.0,6423447.0,7832254.0,82.013,16881.651,2043.506,18925.157,578001.779,19808.25,1867.855,599677.884,875406.184,68.503,2023-01-01,27.278179922791985
ScheduledDomestic,IndiGo,2023,2,44905,77935.817,39121.08,6741948.0,6347814.0,7336614.0,86.522,17439.29,2086.69,19525.98,571249.8,20537.82,1932.562,593720.182,820563.6,72.355,2023-02-01,27.93230105933095
ScheduledDomestic,IndiGo,2023,3,50389,87295.8,43792.727,7317288.0,6903032.0,8215681.0,84.023,20208.4,2310.08,22518.48,621217.014,23377.94,2100.235,646695.189,919504.621,70.331,2023-03-01,28.376546173924122
ScheduledDomestic,IndiGo,2023,4,48752,84231.567,42615.0,7406440.0,6997867.0,8005648.0,87.412,19432.773,2102.946,21535.719,629631.5,22665.55,1888.398,654185.448,898125.4,72.839,2023-04-01,28.732946887940404
ScheduledDomestic,IndiGo,2023,5,50956,87917.283,44505.18,8109626.0,7662400.0,8375201.0,91.489,24165.147,2102.418,26267.565,689569.516,28734.201,1986.738,720290.455,941689.169,76.489,2023-05-01,30.6853121895854
ScheduledDomestic,IndiGo,2023,6,49989,86217.35,43738.8,7893296.0,7501735.0,8254272.0,90.883,23522.604,2382.99,25905.594,674889.323,28014.956,2200.498,705104.777,928704.934,75.923,2023-06-01,31.607064244304755
ScheduledDomestic,IndiGo,2023,7,52127,90528.267,45403.725,7674890.0,7174855.0,8577184.0,83.65,24885.787,2585.005,27470.792,645637.205,29714.619,2284.186,677636.009,965720.268,70.169,2023-07-01,31.71434285700118
ScheduledDomestic,IndiGo,2023,8,53021,91324.45,46180.841,7867259.0,7329671.0,8768287.0,83.593,23954.042,2608.121,26562.163,659602.794,28323.982,2376.395,690303.17,987290.31,69.919,2023-08-01,31.664920263134995
ScheduledDomestic,IndiGo,2023,9,51992,90536.383,45232.329,7769790.0,7273812.0,8587877.0,84.699,22609.412,2197.983,24807.395,654511.007,26554.344,1980.472,683045.823,966250.898,70.69,2023-09-01,31.72236521488625
ScheduledDomestic,IndiGo,2023,10,54616,94505.5,47611.531,7907253.0,7524483.0,9033506.0,83.295,22976.003,2163.425,25139.428,677136.506,26822.407,1947.497,705906.41,1015647.869,69.503,2023-10-01,31.286754924647507
ScheduledDomestic,IndiGo,2023,11,52764,91728.733,45602.377,7876294.0,7438226.0,8686021.0,85.634,22315.36,2301.954,24617.314,669370.482,25880.47,2032.532,697283.484,973710.723,71.611,2023-11-01,30.922851699758958
ScheduledDomestic,IndiGo,2023,12,53881,93873.467,46801.986,8526055.0,8081248.0,8913277.0,90.665,23462.149,2431.833,25893.982,727180.688,27321.91,2109.34,756611.938,999346.354,75.711,2023-12-01,30.897432347888206
ScheduledDomestic,IndiGo,2024,1,50923,88813.017,43776.94,7908647.0,7362463.0,8333257.0,88.35,22149.242,2515.137,24664.379,670438.816,31950.106,2761.897,705150.819,933735.133,75.519,2024-01-01,30.113029612607082
ScheduledDomestic,IndiGo,2024,2,50244,87251.3,42851.375,7602018.0,7143171.0,8111327.0,88.064,22300.434,2731.546,25031.98,642859.409,29952.182,2835.339,675646.93,908820.097,74.343,2024-02-01,30.05390238838216
ScheduledDomestic,IndiGo,2024,3,55119,95459.9,47139.535,8085844.0,7615079.0,8965879.0,84.934,23970.92,2490.429,26461.349,685300.373,32531.223,2626.332,720457.928,1005433.603,71.656,2024-03-01,30.244486091158024
ScheduledDomestic,IndiGo,2024,4,53477,93324.3,45934.227,7999788.0,7541735.0,8711380.0,86.573,21569.786,2266.599,23836.385,678637.964,30557.7,2381.424,711577.088,976320.092,72.884,2024-04-01,30.302117083210607
ScheduledDomestic,IndiGo,2024,5,55381,96682.833,47429.321,8504042.0,7947119.0,8986414.0,88.435,26545.087,2257.812,28802.899,715131.32,30987.001,2021.505,748139.826,1006658.067,74.319,2024-05-01,30.82224157341692
ScheduledDomestic,IndiGo,2024,6,53313,93256.367,45557.082,8029628.0,7511825.0,8635615.0,86.987,25078.101,2368.93,27447.031,676035.172,29542.84,2048.58,707626.592,966835.416,73.19,2024-06-01,30.401834705101415
ScheduledDomestic,IndiGo,2024,7,54709,96704.45,46677.363,8046505.0,7528951.0,8898194.0,84.612,24243.295,2576.495,26819.79,677496.081,28436.862,2234.588,708167.531,997471.967,70.996,2024-07-01,30.981210301318217
ScheduledDomestic,IndiGo,2024,8,56433,99527.617,48236.564,8190413.0,7599936.0,9231126.0,82.329,24003.781,2545.395,26549.176,683875.769,27994.072,2272.4,714142.241,1035542.591,68.963,2024-08-01,31.18803119316039
ScheduledDomestic,IndiGo,2024,9,56012,98623.783,48029.136,8211792.0,7624336.0,9230396.0,82.6,25081.388,2291.099,27372.487,686101.698,29478.379,2045.145,717625.222,1037000.76,69.202,2024-09-01,31.51754126860626
ScheduledDomestic,IndiGo,2024,10,59156,104385.117,51433.855,8640128.0,8129253.0,9882735.0,82.257,27144.253,2521.75,29666.003,731588.22,31521.795,2247.213,765357.228,1108165.869,69.065,2024-10-01,31.63215164345997
ScheduledDomestic,IndiGo,2024,11,56776,100409.433,49404.14,9069728.0,8592770.0,9512296.0,90.333,23310.498,2476.177,25786.675,773264.845,27349.334,2196.051,802810.23,1066511.945,75.274,2024-11-01,31.823012987968085
ScheduledDomestic,IndiGo,2024,12,59546,105584.6,51989.094,9615322.0,9113052.0,10053140.0,90.649,25159.671,2975.253,28134.924,820089.532,29151.872,2619.951,851861.355,1116225.837,76.316,2024-12-01,32.20921629075878
ScheduledDomestic,IndiGo,2025,1,60152,107177.65,52567.898,9614311.0,9125277.0,10164452.0,89.78,24071.843,3105.83,27177.673,821236.5,27659.262,2703.607,851599.369,1113222.575,76.5,2025-01-01,32.69642881798717
ScheduledDomestic,IndiGo,2025,2,55405,98513.033,48288.149,9015997.0,8538835.0,9315125.0,91.67,23068.793,2693.906,25762.699,768364.084,26525.055,2374.777,797263.916,1022260.228,77.99,2025-02-01,31.92973826176232
ScheduledDomestic,IndiGo,2025,3,61957,110318.867,54062.759,9309423.0,8798393.0,10399246.0,84.61,26716.426,2568.43,29284.856,791759.581,30754.293,2193.076,824706.95,1143742.88,72.11,2025-03-01,32.009443611818774
ScheduledDomestic,IndiGo,2025,4,59213,106342.583,51611.444,9171560.0,8642291.0,9942178.0,86.93,26282.995,2405.695,28688.69,777640.753,30119.509,2059.393,809819.655,1107597.991,73.11,2025-04-01,32.03548690687496
ScheduledDomestic,IndiGo,2025,5,59442,106466.783,51793.464,9079585.0,8521422.0,10016892.0,85.07,28287.264,2239.65,30526.914,766673.031,32942.036,1999.648,801614.715,1124707.623,71.27,2025-05-01,32.30060013558334
ScheduledDomestic,IndiGo,2025,6,57412,102271.05,49796.158,8773638.0,8259122.0,9665660.0,85.45,28267.019,2248.769,30515.788,743182.958,33199.962,1955.493,778338.413,1095325.098,71.06,2025-06-01,32.24579824396853
ScheduledDomestic,IndiGo,2025,7,53936,94420.82,46425.7,8215364.0,7615736.0,9054911.0,84.11,29044.169,2528.851,31573.02,685278.185,33505.605,2194.003,720977.793,1027823.023,70.15,2025-07-01,32.586912565115405
ScheduledDomestic,IndiGo,2025,8,53778,94002.433,46490.098,8314039.0,7709340.0,9112809.0,84.6,28212.301,2305.947,30518.248,693662.386,32477.795,1999.473,728139.654,1033928.018,70.42,2025-08-01,32.10391564764693
ScheduledDomestic,IndiGo,2025,9,54587,96481.467,47555.37,8127404.0,7578261.0,9297544.0,81.51,28489.838,2480.68,30970.518,681914.128,32610.223,2158.053,716682.404,1054639.079,67.96,2025-09-01,32.14053721184595
ScheduledDomestic,IndiGo,2025,10,61364,108593.717,53909.706,9195792.0,8702094.0,10562484.0,82.39,27155.736,2401.282,29557.018,782653.224,31435.666,2139.083,816227.973,1198918.064,68.08,2025-10-01,32.776341532926715
ScheduledDomestic,IndiGo,2025,11,59566,105678.817,52710.424,9692717.0,9218088.0,10391122.0,88.71,27544.247,2596.759,30141.006,828391.89,32114.424,2284.797,862791.111,1174333.372,73.47,2025-11-01,31.807252724779456
ScheduledDomestic,IndiGo,2025,12,53238,94623.567,47192.849,8522591.0,8207875.0,9311861.0,88.14,22374.064,2460.301,24834.365,736762.473,26491.418,2164.32,765418.211,1036188.981,73.87,2025-12-01,29.785765656031604
ScheduledDomestic,IndiGo,2026,1,58905,105662.0,52623.353,9704113.0,9207043.0,10501553.0,87.67,25942.02,2724.721,28666.741,828630.129,30169.434,2418.396,861217.959,1175608.458,73.26,2026-01-01,31.82263181906067
ScheduledDomestic,IndiGo,2026,2,53451,95760.383,47707.354,8870677.0,8463891.0,9444818.0,89.61,26549.384,2895.919,29445.303,761587.238,30772.17,2634.142,794993.549,1053109.46,75.49,2026-02-01,31.53526706910702
ScheduledDomestic,IndiGo,2026,3,59494,106281.317,52994.94,9118668.0,8750157.0,10483236.0,83.47,29546.485,2654.644,32201.129,787352.578,34122.052,2346.844,823821.474,1169440.952,70.45,2026-03-01,31.728517317184686
ScheduledDomestic,IndiGo,2026,4,59264,105953.33,52488.547,8978789.0,8635297.0,10439820.0,82.71,28480.355,2764.371,31244.726,777013.697,32747.971,2465.812,812227.479,1188216.247,68.36,2026-04-01,32.496954718759916
ScheduledDomestic,India One Air,2022,10,2,3.3,0.752,17.0,6.392,6.768,94.444,,,,0.575,0.0,0.0,0.575,2.303,24.98,2022-10-01,7.455501401327271e-05
ScheduledDomestic,India One Air,2022,11,80,103.33,21.16,644.0,174.575,190.44,91.669,0.0,0.0,0.0,15.712,0.0,0.0,15.712,17.14,91.669,2022-11-01,0.0027571840485428795
ScheduledDomestic,India One Air,2022,12,60,77.5,15.87,472.0,131.08,142.83,91.773,,,,11.79,0.0,0.0,11.79,12.85,91.751,2022-12-01,0.0018530945186563431
ScheduledDomestic,India One Air,2023,1,124,159.167,32.786,989.0,269.641,295.074,91.381,,,,24.268,,,24.268,26.567,91.346,2023-01-01,0.003939916316018099
ScheduledDomestic,India One Air,2023,2,221,290.0,59.779,1632.0,448.735,538.011,83.406,,,,40.38,,,40.38,48.42,83.395,2023-02-01,0.006761475367182914
ScheduledDomestic,India One Air,2023,3,254,332.08,73.837,1780.0,536.104,664.533,80.674,,,,48.249,,,48.249,59.808,80.674,2023-03-01,0.006902865131123025
ScheduledDomestic,India One Air,2023,4,260,323.65,72.718,1938.0,551.054,654.462,84.2,,,,49.595,,,49.595,59.902,82.794,2023-04-01,0.007518382795084886
ScheduledDomestic,India One Air,2023,5,192,236.35,52.381,1434.0,396.961,471.429,84.204,,,,35.726,,,35.726,42.429,84.204,2023-05-01,0.00542598853262351
ScheduledDomestic,India One Air,2023,6,203,247.133,54.263,1376.0,381.066,488.367,78.029,,,,32.296,,,32.296,43.953,73.478,2023-06-01,0.005509906178630998
ScheduledDomestic,India One Air,2023,7,121,150.45,32.117,783.0,212.368,289.053,73.47,,,,19.113,,,19.113,26.015,73.47,2023-07-01,0.0032355291681095007
ScheduledDomestic,India One Air,2023,8,179,219.167,47.662,1174.0,323.476,428.958,75.41,,,,29.113,,,29.113,38.606,75.41,2023-08-01,0.004725231035220842
ScheduledDomestic,India One Air,2023,9,213,266.967,59.052,1511.0,430.538,531.468,81.009,,,,38.748,,,38.748,47.832,81.009,2023-09-01,0.006169084858109824
ScheduledDomestic,India One Air,2023,10,260,139.0,75.302,1813.0,535.865,677.718,79.069,,,,48.228,,,48.228,60.995,79.069,2023-10-01,0.007173526214272634
ScheduledDomestic,India One Air,2023,11,336,466.5,100.026,2523.0,765.768,900.234,85.063,,,,68.919,,,68.919,81.021,85.063,2023-11-01,0.009905465037045575
ScheduledDomestic,India One Air,2023,12,330,397.333,98.501,2588.0,789.555,886.905,89.024,,,,71.06,,,71.06,79.786,89.063,2023-12-01,0.00937861120017812
ScheduledDomestic,India One Air,2024,1,322,439.333,95.463,2411.0,734.601,859.167,85.502,,,,66.114,,,66.114,77.325,85.501,2024-01-01,0.00918014350570909
ScheduledDomestic,India One Air,2024,2,304,415.5,90.441,2269.0,699.66,813.97,85.956,,,,62.97,,,62.97,73.257,85.957,2024-02-01,0.008970289799266342
ScheduledDomestic,India One Air,2024,3,352,482.0,104.938,2620.0,812.498,944.442,86.029,,,,73.125,,,73.125,85.0,86.029,2024-03-01,0.009799911247216003
ScheduledDomestic,India One Air,2024,4,284,392.016,85.176,2043.0,636.42,766.58,83.021,,,,57.278,,,57.278,68.993,83.021,2024-04-01,0.0077386082232428245
ScheduledDomestic,India One Air,2024,5,321,439.583,95.656,2210.0,693.301,860.964,80.526,,,,62.397,,,62.397,77.481,80.532,2024-05-01,0.00800997383094432
ScheduledDomestic,India One Air,2024,6,272,381.5,82.989,1852.0,598.567,746.901,80.14,,,,53.871,,,53.871,67.221,80.14,2024-06-01,0.007012055586366868
ScheduledDomestic,India One Air,2024,7,264,375.0,82.2,1669.0,537.841,739.8,72.701,,,,48.406,,,48.406,66.582,72.701,2024-07-01,0.006426099280731212
ScheduledDomestic,India One Air,2024,8,348,479.167,103.727,2143.0,673.19,933.543,72.111,,,,60.587,,,60.587,84.019,72.111,2024-08-01,0.008160266258483269
ScheduledDomestic,India One Air,2024,9,358,495.5,107.572,2263.0,719.646,968.148,74.332,,,,64.768,,,64.768,87.133,74.332,2024-09-01,0.008685582378469397
ScheduledDomestic,India One Air,2024,10,326,456.0,99.644,2124.0,683.854,896.796,76.255,,,,61.547,,,61.547,80.712,76.255,2024-10-01,0.007776122077208691
ScheduledDomestic,India One Air,2024,11,367,490.0,109.304,2607.0,816.785,983.736,83.029,,,,73.511,,,73.511,88.536,83.029,2024-11-01,0.00914719767336273
ScheduledDomestic,India One Air,2024,12,412,563.33,127.223,3131.0,996.998,1145.007,87.074,,,,89.73,,,89.73,103.051,87.074,2024-12-01,0.010488162144373923
ScheduledDomestic,India One Air,2025,1,416,562.083,126.121,2860.0,920.63,1135.089,81.11,0.0,0.0,0.0,82.857,0.0,0.0,82.857,102.158,81.11,2025-01-01,0.009726311788691183
ScheduledDomestic,India One Air,2025,2,382,515.583,115.735,2721.0,863.061,1041.615,82.86,0.0,0.0,0.0,77.675,0.0,0.0,77.675,93.745,82.86,2025-02-01,0.009636296219958288
ScheduledDomestic,India One Air,2025,3,428,585.1,129.625,2992.0,956.669,1166.625,82.0,0.0,0.0,0.0,86.1,0.0,0.0,86.1,104.996,82.0,2025-03-01,0.010287668235352692
ScheduledDomestic,India One Air,2025,4,414,561.667,124.49,2886.0,909.448,1120.41,81.17,0.0,0.0,0.0,81.85,0.0,0.0,81.85,100.837,81.17,2025-04-01,0.010080555021527538
ScheduledDomestic,India One Air,2025,5,423,581.917,131.014,2947.0,955.723,1179.126,81.05,0.0,0.0,0.0,86.015,0.0,0.0,86.015,106.121,81.05,2025-05-01,0.010483944871881711
ScheduledDomestic,India One Air,2025,6,446,604.25,135.066,2819.0,907.665,1215.594,74.67,0.0,0.0,0.0,81.69,0.0,0.0,81.69,109.403,74.67,2025-06-01,0.010360685641434863
ScheduledDomestic,India One Air,2025,7,457,618.0,137.59,2321.0,749.586,1240.794,60.41,0.0,0.0,0.0,67.463,0.0,0.0,67.463,111.671,60.41,2025-07-01,0.009206436143746383
ScheduledDomestic,India One Air,2025,8,426,584.667,131.431,2519.0,822.74,1182.879,69.55,0.0,0.0,0.0,74.047,0.0,0.0,74.047,106.459,69.55,2025-08-01,0.009726892490692264
ScheduledDomestic,India One Air,2025,9,442,600.333,134.236,2753.0,879.71,1208.124,72.82,0.0,0.0,0.0,79.174,0.0,0.0,79.174,108.731,72.82,2025-09-01,0.010886981740321006
ScheduledDomestic,India One Air,2025,10,376,530.092,120.566,2702.0,893.294,1085.094,82.32,0.0,0.0,0.0,80.396,0.0,0.0,80.396,97.658,82.32,2025-10-01,0.009630673988925366
ScheduledDomestic,India One Air,2025,11,424,508.667,129.698,3070.0,970.222,1167.282,83.12,0.0,0.0,0.0,87.32,0.0,0.0,87.32,105.055,83.12,2025-11-01,0.010074395637990145
ScheduledDomestic,India One Air,2025,12,457,604.833,133.875,3308.0,1012.272,1204.875,84.01,0.0,0.0,0.0,91.104,0.0,0.0,91.104,108.439,84.01,2025-12-01,0.011561192223134086
ScheduledDomestic,India One Air,2026,1,263,350.833,83.465,1573.0,521.73,751.185,69.45,0.0,0.0,0.0,46.956,0.0,0.0,46.956,67.607,69.45,2026-01-01,0.005158328211077348
ScheduledDomestic,India One Air,2026,2,354,452.667,106.337,1591.0,507.656,957.033,53.04,0.0,0.0,0.0,45.689,0.0,0.0,45.689,86.133,53.04,2026-02-01,0.005656006853473446
ScheduledDomestic,India One Air,2026,3,403,517.583,121.314,1750.0,557.99,1091.826,51.11,0.0,0.0,0.0,50.219,0.0,0.0,50.219,98.264,51.11,2026-03-01,0.006089146496513877
ScheduledDomestic,India One Air,2026,4,383,492.833,115.238,1687.0,539.168,1037.142,51.99,0.0,0.0,0.0,48.525,0.0,0.0,48.525,93.343,51.99,2026-04-01,0.006105763551248168
ScheduledDomestic,Jet Airways,2015,1,11179,17606.0,7990.0,1221962.0,1024836.0,1178518.0,86.96,6662.0,238.0,6900.0,85427.0,7473.0,157.0,93057.0,123218.0,75.522,2015-01-01,9.828627483595254
ScheduledDomestic,Jet Airways,2015,2,10598,16845.0,7648.0,1186492.0,994733.0,1111317.0,89.509,6216.0,139.0,6355.0,83221.0,6837.0,139.0,90197.0,114819.0,78.556,2015-02-01,9.906098073119436
ScheduledDomestic,Jet Airways,2015,3,11926,19015.0,8650.0,1296682.0,1089823.0,1258799.0,86.576,6916.0,138.0,7054.0,90917.0,7610.0,138.0,98665.0,129790.0,76.019,2015-03-01,10.372035446025313
ScheduledDomestic,Jet Airways,2015,4,12286,19775.0,9022.0,1283278.0,1089818.0,1329659.0,81.962,7394.0,215.0,7609.0,90694.0,8076.0,131.0,98901.0,136115.0,72.66,2015-04-01,9.813279147422252
ScheduledDomestic,Jet Airways,2015,5,12800,20666.0,9387.0,1296787.0,1121388.0,1381548.0,81.169,7914.0,236.0,8150.0,92903.0,8827.0,148.0,101878.0,139941.0,72.801,2015-05-01,9.135981657966214
ScheduledDomestic,Jet Airways,2015,6,12410,20247.0,9106.0,1206583.0,1044457.0,1344503.0,77.684,7581.0,241.0,7822.0,86755.0,8339.0,146.0,95240.0,135410.0,70.335,2015-06-01,9.184136384443958
ScheduledDomestic,Jet Airways,2015,7,12878,20947.0,9382.0,1329409.0,1128803.0,1393270.0,81.018,7597.0,233.362,7830.362,94166.0,8362.0,153.0,102681.0,141741.0,72.443,2015-07-01,9.850696346301131
ScheduledDomestic,Jet Airways,2015,8,12938,20705.0,9428.0,1333154.0,1133189.0,1402507.0,80.797,7815.0,323.0,8138.0,94454.0,8707.0,251.0,103412.0,144826.0,71.404,2015-08-01,9.89666932774413
ScheduledDomestic,Jet Airways,2015,9,12646,20154.0,9257.0,1272577.0,1072992.0,1377776.0,77.879,7388.0,334.0,7722.0,89759.0,8231.0,255.0,98245.0,140302.0,70.024,2015-09-01,9.586523060577285
ScheduledDomestic,Jet Airways,2015,10,13264,21424.0,9873.0,1316959.0,1133496.0,1470695.0,77.072,8740.0,384.0,9124.0,94501.0,9705.0,302.0,104508.0,149943.0,69.698,2015-10-01,9.395455996292496
ScheduledDomestic,Jet Airways,2015,11,12995,21140.0,9793.0,1355202.0,1187543.0,1473476.0,80.595,7832.0,331.0,8163.0,98807.0,8922.0,254.0,107983.0,150955.0,71.533,2015-11-01,9.29551589419754
ScheduledDomestic,Jet Airways,2015,12,12595,20707.0,9639.0,1393452.0,1226114.0,1464766.0,83.707,8014.0,388.0,8402.0,102043.0,9150.0,301.0,111494.0,150730.0,73.969,2015-12-01,9.078014590992527
ScheduledDomestic,Jet Airways,2016,1,13044,21606.0,10034.0,1426254.0,1255562.0,1521970.0,82.496,6280.0,406.0,6686.0,104665.0,7158.0,339.0,112162.0,154952.0,72.385,2016-01-01,9.357542614178758
ScheduledDomestic,Jet Airways,2016,2,12438,20383.0,10024.0,1366421.0,1187499.0,1430031.0,83.04,6372.0,445.0,6817.0,99580.0,7326.0,376.0,107282.0,144912.0,74.033,2016-02-01,9.178565906047698
ScheduledDomestic,Jet Airways,2016,3,13293,21878.0,10043.0,1381232.0,1200354.0,1516542.0,79.151,7026.0,613.0,7639.0,100327.0,7981.0,543.0,108851.0,152842.0,71.218,2016-03-01,8.81404680959573
ScheduledDomestic,Jet Airways,2016,4,12302,19966.0,9250.0,1255053.0,1108620.0,1412683.0,78.476,6126.0,643.0,6769.0,92370.0,7162.0,562.0,100094.0,145473.0,68.806,2016-04-01,7.946451410293101
ScheduledDomestic,Jet Airways,2016,5,12812,21040.0,9706.0,1387661.0,1230675.0,1489645.0,82.615,7071.0,800.0,7871.0,102438.0,8349.0,727.0,111514.0,151063.0,73.82,2016-05-01,8.045921895367954
ScheduledDomestic,Jet Airways,2016,6,12342,20435.0,9285.0,1290114.0,1125175.0,1422843.0,79.079,6149.0,921.0,7070.0,93807.0,7114.0,872.0,101793.0,135498.0,75.125,2016-06-01,8.13050154711663
ScheduledDomestic,Jet Airways,2016,7,12659,20680.0,9309.0,1385366.0,1191830.0,1421765.0,83.827,7178.0,793.0,7971.0,99673.0,8228.0,764.0,108665.0,140646.0,77.261,2016-07-01,8.173027968205233
ScheduledDomestic,Jet Airways,2016,8,12697,20625.0,9326.0,1365257.0,1165058.0,1425780.0,81.714,7502.0,829.0,8331.0,97377.0,8610.0,798.0,106785.0,141476.0,75.479,2016-08-01,8.175663553273374
ScheduledDomestic,Jet Airways,2016,9,12545,20088.0,9193.0,1326741.0,1126285.0,1409126.0,79.928,7719.0,743.0,8462.0,94403.0,8704.0,725.0,103832.0,141449.0,73.406,2016-09-01,8.091221171303307
ScheduledDomestic,Jet Airways,2016,10,12773,20466.0,9417.0,1265690.0,1093649.0,1448497.0,75.502,9058.0,810.0,9868.0,91453.0,10281.0,765.0,102499.0,147449.0,69.515,2016-10-01,7.324434685398665
ScheduledDomestic,Jet Airways,2016,11,12318,20345.0,9405.0,1327494.0,1173892.0,1460919.0,80.353,7403.0,653.0,8056.0,98302.0,8624.0,625.0,107551.0,147078.0,73.125,2016-11-01,7.423220901737249
ScheduledDomestic,Jet Airways,2016,12,12662,21117.0,9780.0,1449939.0,1305273.0,1516898.0,86.049,8273.0,834.0,9107.0,108699.0,9613.0,807.0,119119.0,154478.0,77.111,2016-12-01,7.6182323213057925
ScheduledDomestic,Jet Airways,2017,1,12661,21390.0,9882.0,1476032.0,1335886.0,1538596.0,86.825,8115.0,974.0,9089.0,111531.0,9299.0,952.0,121782.0,157537.0,77.304,2017-01-01,7.8467434514471215
ScheduledDomestic,Jet Airways,2017,2,11475,19497.0,9038.0,1358382.0,1231148.0,1416940.0,86.888,8172.0,1072.0,9244.0,103212.0,9318.0,1028.0,113558.0,146900.0,77.303,2017-02-01,7.9925133916383455
ScheduledDomestic,Jet Airways,2017,3,12772,21458.0,10001.0,1388369.0,1255713.0,1573746.0,79.791,9789.0,1059.0,10848.0,105023.0,11270.0,1027.0,117320.0,164393.0,71.366,2017-03-01,7.829486400390513
ScheduledDomestic,Jet Airways,2017,4,12283,20865.0,9759.0,1380986.0,1273122.0,1537893.0,82.784,9176.0,789.0,9965.0,105751.0,10831.0,819.0,117401.0,160090.0,73.334,2017-04-01,7.713648156888592
ScheduledDomestic,Jet Airways,2017,5,13359,22529.0,10582.0,1541722.0,1440543.0,1689344.0,85.272,10925.0,771.0,11696.0,119243.0,13328.0,818.0,133389.0,180565.0,73.873,2017-05-01,7.72870656925671
ScheduledDomestic,Jet Airways,2017,6,13102,22224.0,10321.0,1449797.0,1337018.0,1650918.0,80.986,10851.0,790.0,11641.0,111009.0,13068.0,795.0,124872.0,171877.0,72.652,2017-06-01,7.743306869947853
ScheduledDomestic,Jet Airways,2017,7,13595,23128.0,10607.0,1503844.0,1357514.0,1692776.0,80.195,11806.0,775.0,12581.0,113465.0,14098.0,774.0,128337.0,173202.0,74.097,2017-07-01,8.031677573310146
ScheduledDomestic,Jet Airways,2017,8,13602,22864.0,10541.0,1522338.0,1360306.0,1685080.0,80.726,11984.0,794.457,12778.457,113691.0,14309.0,802.0,128802.0,175444.0,73.415,2017-08-01,8.050052808149287
ScheduledDomestic,Jet Airways,2017,9,13307,22330.0,10417.0,1459934.0,1333583.0,1663661.0,80.16,11948.0,873.0,12821.0,111623.0,14433.0,865.0,126921.0,175432.0,72.348,2017-09-01,7.804373362277108
ScheduledDomestic,Jet Airways,2017,10,14047,23745.0,11089.0,1571142.0,1433400.0,1779972.0,80.529,12277.0,930.0,13207.0,119936.0,14425.0,908.0,135269.0,188562.0,71.737,2017-10-01,7.707271042627413
ScheduledDomestic,Jet Airways,2017,11,13122,22544.0,10535.0,1578170.0,1461348.0,1673486.0,87.324,11115.0,709.46,11824.46,122897.0,13223.0,734.0,136854.0,172690.0,79.248,2017-11-01,7.709702445847251
ScheduledDomestic,Jet Airways,2017,12,13375,23118.0,10862.0,1617784.0,1521413.0,1718840.0,88.514,10751.0,767.493,11518.493,127258.0,12806.0,811.0,140875.0,178837.0,78.773,2017-12-01,7.380711234230635
ScheduledDomestic,Jet Airways,2018,1,13163,23051.0,10735.0,1629327.0,1517279.0,1709402.0,88.761,9474.0,698.0,10172.0,126984.0,11177.0,706.0,138867.0,178355.0,77.86,2018-01-01,7.116138451475668
ScheduledDomestic,Jet Airways,2018,2,12456,21978.0,10141.0,1562820.0,1457811.0,1611621.0,90.456,9542.5,617.0,10159.5,122454.9,11493.6,627.4,134575.9,168183.5,80.017,2018-02-01,7.289131637103649
ScheduledDomestic,Jet Airways,2018,3,14330,24813.0,11575.0,1732912.0,1592578.9,1847404.9,86.206,11086.0,682.377,11768.377,133443.4,13076.7,667.0,147187.1,193073.2,76.234,2018-03-01,7.505141044482844
ScheduledDomestic,Jet Airways,2018,4,14001,24594.0,11472.0,1683573.0,1572237.9,1836103.9,85.629,10894.9,764.339,11659.239,131500.4,12972.9,713.1,145186.4,190660.5,76.149,2018-04-01,7.335511713740004
ScheduledDomestic,Jet Airways,2018,5,14328,25490.0,11787.0,1618129.0,1517637.0,1888414.5,80.366,12373.7,775.107,13148.807,126496.2,15096.4,746.1,142338.7,191878.8,74.182,2018-05-01,6.845668458808353
ScheduledDomestic,Jet Airways,2018,6,13543,23952.0,11098.0,1502783.0,1411035.5,1775722.8,79.463,11255.4,778.908,12034.308,117822.1,13381.0,742.5,131945.6,183276.7,71.993,2018-06-01,6.656352481326524
ScheduledDomestic,Jet Airways,2018,7,12697,22789.0,10837.0,1565793.0,1473747.6,1757072.8,83.875,10874.8,933.617,11808.417,123688.0,12943.4,939.7,137571.1,181402.9,75.837,2018-07-01,6.715516859076363
ScheduledDomestic,Jet Airways,2018,8,13005,22839.0,10993.0,1552418.0,1460931.2,1781954.03,81.985,10237.644,699.015,10936.66,122479.99,12180.9,691.02,135351.91,187952.17,72.014,2018-08-01,6.8574448972437665
ScheduledDomestic,Jet Airways,2018,9,12706,22153.0,10864.0,1604196.0,1502921.719,1770160.717,84.903,10252.98,625.124,10878.104,126373.671,12064.546,631.71,139069.927,188113.871,73.929,2018-09-01,7.058419146007473
ScheduledDomestic,Jet Airways,2018,10,13078,22935.0,11312.0,1562304.0,1490663.53,1826589.05,81.609,10307.45,635.146,10942.596,124736.58,11827.42,639.78,137203.78,191226.27,71.749,2018-10-01,6.616914217600074
ScheduledDomestic,Jet Airways,2018,11,12086,21820.0,10714.0,1477384.0,1422400.902,1732194.202,82.116,8287.528,695.823,8983.352,119022.397,9369.96,725.69,129118.047,180691.185,71.458,2018-11-01,6.364453928763869
ScheduledDomestic,Jet Airways,2018,12,11741,21349.0,10417.0,1537426.0,1471987.26,1691358.79,87.03,8493.324,649.523,9142.846,122965.819,9811.373,675.157,133452.349,176100.614,75.782,2018-12-01,6.076873881900202
ScheduledDomestic,Jet Airways,2019,1,11388,20674.0,10033.0,1481560.0,1408836.7,1635306.63,86.151,8062.79,621.087,8683.877,117888.68,9287.75,642.95,127819.38,170791.98,74.839,2019-01-01,5.940937880315902
ScheduledDomestic,Jet Airways,2019,2,8312,15013.0,7283.0,1129751.0,1060084.925,1185870.996,89.393,6605.378,471.883,7077.261,89176.94,7610.905,485.23,97273.075,124336.174,78.234,2019-02-01,4.98938351986994
ScheduledDomestic,Jet Airways,2019,3,4442,7694.0,3629.0,529832.0,488152.561,563220.533,86.672,3438.525,280.637,3719.162,40918.832,3731.484,302.711,44953.027,59232.75,75.892,2019-03-01,2.292093938854884
ScheduledDomestic,Jet Airways,2019,4,1086,2765.0,676.0,86256.0,67994.306,89093.702,76.318,353.109,29.307,382.416,5660.772,409.437,30.993,6101.202,8761.664,69.635,2019-04-01,0.3932464607089087
ScheduledDomestic,Jet Airways,2019,5,0,0.0,0.0,0.0,0.0,0.0,0.0,0.0,0.0,0.0,0.0,0.0,0.0,0.0,0.0,0.0,2019-05-01,0.0
ScheduledDomestic,Jet Airways,2019,6,0,0.0,0.0,0.0,0.0,0.0,0.0,0.0,0.0,0.0,0.0,0.0,0.0,0.0,0.0,0.0,2019-06-01,0.0
ScheduledDomestic,JetLite,2015,1,2152,3172.0,1551.0,277588.0,216745.0,248087.0,87.367,1193.0,56.0,1249.0,17906.0,1119.0,46.0,19071.0,24232.0,78.702,2015-01-01,2.232728223886045
ScheduledDomestic,JetLite,2015,2,2057,3033.0,1456.0,272590.0,209149.0,233236.0,89.673,1131.0,58.0,1189.0,17338.0,1041.0,47.0,18426.0,23094.0,79.787,2015-02-01,2.2758714544654555
ScheduledDomestic,JetLite,2015,3,2279,3346.0,1612.0,294766.0,226377.0,257941.0,87.763,1268.0,46.0,1314.0,18745.0,1203.0,34.0,19982.0,25612.0,78.018,2015-03-01,2.3578050750169255
ScheduledDomestic,JetLite,2015,4,1972,3085.0,1547.0,229057.0,203694.0,248763.0,81.883,1169.0,20.0,1189.0,16854.0,1342.0,16.0,18212.0,24580.0,74.093,2015-04-01,1.7516082109029365
ScheduledDomestic,JetLite,2015,5,2012,3220.0,1629.0,225116.0,206667.0,260312.0,79.392,1365.0,20.0,1385.0,17075.0,1578.0,16.0,18669.0,25457.0,73.335,2015-05-01,1.5859625728162932
ScheduledDomestic,JetLite,2015,6,1724,2813.0,1406.0,186556.0,172598.0,220999.0,78.099,1139.0,23.0,1162.0,14374.0,1273.0,17.0,15664.0,21829.0,71.758,2015-06-01,1.4200065369198198
ScheduledDomestic,JetLite,2015,7,1800,2947.0,1499.0,201874.0,187992.0,234814.0,80.06,1223.0,19.243,1242.243,15745.0,1439.0,16.0,17200.0,23320.0,73.756,2015-07-01,1.495852272861997
ScheduledDomestic,JetLite,2015,8,1830,2960.0,1537.0,204803.0,189635.0,240826.0,78.744,1239.0,20.385,1259.385,15903.0,1460.0,15.0,17378.0,24263.0,71.623,2015-08-01,1.520355164017046
ScheduledDomestic,JetLite,2015,9,1700,2715.0,1402.0,184198.0,163819.0,218611.0,74.936,1162.0,23.0,1185.0,13764.0,1318.0,17.0,15099.0,21959.0,68.76,2015-09-01,1.3875925580237696
ScheduledDomestic,JetLite,2015,10,1641,2509.0,1262.0,171551.0,147201.0,194044.0,75.86,1174.0,34.0,1208.0,12300.0,1255.0,29.0,13584.0,19460.0,69.805,2015-10-01,1.2238800688707652
ScheduledDomestic,JetLite,2015,11,1789,2768.0,1369.0,200683.0,167900.0,212104.0,79.159,959.0,54.0,1013.0,13973.0,977.0,41.0,14991.0,21278.0,70.453,2015-11-01,1.376512148148575
ScheduledDomestic,JetLite,2015,12,1807,2739.0,1354.0,217169.0,175735.0,211730.0,83.0,874.0,41.0,915.0,14569.0,795.0,30.0,15394.0,21353.0,72.093,2015-12-01,1.4148053544085164
ScheduledDomestic,JetLite,2016,1,1751,2638.0,1282.0,206231.0,164717.0,199737.0,82.467,689.0,54.0,743.0,13684.0,609.0,40.0,14333.0,19837.0,72.254,2016-01-01,1.3530657027883528
ScheduledDomestic,JetLite,2016,2,1746,2730.0,1331.0,206391.0,167434.0,206978.0,80.895,736.0,77.0,813.0,14004.0,718.0,61.0,14783.0,20665.0,71.536,2016-02-01,1.3863760846145445
ScheduledDomestic,JetLite,2016,3,1885,2995.0,1494.0,206092.0,177966.0,231160.0,76.988,779.0,84.0,863.0,14781.0,787.0,77.0,15645.0,23028.0,67.939,2016-03-01,1.315133543881986
ScheduledDomestic,JetLite,2016,4,2124,3432.0,1723.0,240818.0,211297.0,269854.0,78.3,1067.0,117.0,1184.0,17598.0,993.0,102.0,18693.0,26815.0,69.711,2016-04-01,1.5247551583271495
ScheduledDomestic,JetLite,2016,5,2172,3576.0,1776.0,254309.0,225511.0,278905.0,80.856,1370.0,126.0,1496.0,18722.0,1358.0,101.0,20181.0,27364.0,73.75,2016-05-01,1.4745318570523558
ScheduledDomestic,JetLite,2016,6,2086,3388.0,1689.0,226769.0,199153.0,264951.0,75.166,1333.0,117.0,1450.0,16574.0,1337.0,101.0,18012.0,25533.0,70.544,2016-06-01,1.4291339411386057
ScheduledDomestic,JetLite,2016,7,2033,3393.0,1704.0,238924.0,216257.0,267380.0,80.88,1393.0,107.0,1500.0,18071.0,1499.0,101.0,19671.0,25788.0,76.28,2016-07-01,1.4095427015499638
ScheduledDomestic,JetLite,2016,8,2021,3332.0,1694.0,234241.0,210492.0,266668.0,78.934,1396.0,116.0,1512.0,17600.0,1481.0,113.0,19194.0,25910.0,74.08,2016-08-01,1.402721690042467
ScheduledDomestic,JetLite,2016,9,1734,2884.0,1506.0,198098.0,186487.0,240727.0,77.468,1344.0,109.0,1453.0,15650.0,1499.0,115.0,17264.0,23703.0,72.835,2016-09-01,1.2081142676625223
ScheduledDomestic,JetLite,2016,10,1989,3234.0,1684.0,209117.0,187954.0,264348.0,71.101,1645.0,144.0,1789.0,15725.0,1718.0,133.0,17576.0,26264.0,66.92,2016-10-01,1.210141352231994
ScheduledDomestic,JetLite,2016,11,1942,3136.0,1556.0,217905.0,181055.0,242541.0,74.649,1197.0,140.0,1337.0,15178.0,1215.0,120.0,16513.0,23693.0,69.696,2016-11-01,1.2185041518779407
ScheduledDomestic,JetLite,2016,12,1970,3144.0,1551.0,246132.0,207488.0,242225.0,85.659,1245.0,156.0,1401.0,17259.0,1229.0,139.0,18627.0,23771.0,78.36,2016-12-01,1.2932204442446458
ScheduledDomestic,JetLite,2017,1,1907,3068.0,1512.0,239705.0,202121.0,236542.0,85.448,1075.0,153.0,1228.0,16831.0,1064.0,132.0,18027.0,22871.0,78.82,2017-01-01,1.2742973316494033
ScheduledDomestic,JetLite,2017,2,1706,2765.0,1340.0,214665.0,178586.0,210369.0,84.892,1053.0,148.0,1201.0,14984.0,1074.0,127.0,16185.0,20569.0,78.686,2017-02-01,1.2630562590022876
ScheduledDomestic,JetLite,2017,3,1975,3148.0,1535.0,230359.0,190197.0,240267.0,79.161,1252.0,167.0,1419.0,15898.0,1245.0,141.0,17284.0,23929.0,72.23,2017-03-01,1.2990729825482694
ScheduledDomestic,JetLite,2017,4,1811,2860.0,1366.0,222476.0,180706.0,216901.0,83.313,1149.0,148.0,1297.0,15040.0,1122.0,122.0,16284.0,21721.0,74.969,2017-04-01,1.2426640004691911
ScheduledDomestic,JetLite,2017,5,2018,3219.0,1555.0,246048.0,204140.0,242176.0,84.294,1288.0,151.0,1439.0,16947.0,1269.0,135.0,18351.0,24399.0,75.212,2017-05-01,1.2334472712671123
ScheduledDomestic,JetLite,2017,6,1800,2939.0,1419.0,217672.0,182852.0,220740.0,82.836,1258.0,130.0,1388.0,15230.0,1258.0,114.0,16602.0,21993.0,75.488,2017-06-01,1.1625773077163832
ScheduledDomestic,JetLite,2017,7,1926,3134.0,1501.0,224811.0,188990.0,234208.0,80.693,1435.0,129.0,1564.0,15833.0,1427.0,114.0,17374.0,23138.0,75.089,2017-07-01,1.2006627462246264
ScheduledDomestic,JetLite,2017,8,1949,3136.0,1520.0,236394.0,196109.0,236937.0,82.768,1638.0,148.0,1786.0,16446.0,1626.0,127.0,18199.0,23648.0,76.958,2017-08-01,1.2500405189449666
ScheduledDomestic,JetLite,2017,9,1835,2935.0,1433.0,221236.0,185557.0,222675.0,83.331,1649.0,175.0,1824.0,15579.0,1645.0,153.0,17377.0,22525.0,77.145,2017-09-01,1.1826619183995564
ScheduledDomestic,JetLite,2017,10,1794,2999.0,1520.0,213497.0,194506.0,236818.0,82.133,1348.0,124.0,1472.0,16255.0,1402.0,110.0,17767.0,23845.0,74.51,2017-10-01,1.0473141484269561
ScheduledDomestic,JetLite,2017,11,1845,3008.0,1413.0,240703.0,195528.0,218344.0,89.55,1430.0,190.0,1620.0,16228.0,1270.0,149.0,17647.0,21566.0,81.828,2017-11-01,1.1758863163174884
ScheduledDomestic,JetLite,2017,12,1955,3123.0,1451.0,255811.0,200908.0,225568.0,89.068,1345.0,180.329,1525.33,16645.0,1154.0,140.0,17939.0,22309.0,80.411,2017-12-01,1.1670699682650914
ScheduledDomestic,JetLite,2018,1,1981,3142.0,1459.0,262951.0,204351.0,227931.0,89.655,1180.0,155.0,1335.0,17020.0,995.0,123.0,18138.0,22764.0,79.678,2018-01-01,1.148447010301786
ScheduledDomestic,JetLite,2018,2,1721,2824.0,1275.0,231564.0,179729.0,198965.0,90.332,999.0,162.691,1161.691,15020.7,873.5,126.6,16020.8,19923.1,80.413,2018-02-01,1.0800351149935816
ScheduledDomestic,JetLite,2018,3,1455,2414.0,1097.0,184334.0,146720.5,168376.7,87.138,872.6,153.89,1026.49,12190.0,805.7,126.8,13122.5,16884.3,77.72,2018-03-01,0.7983398287355046
ScheduledDomestic,JetLite,2018,4,1321,2261.0,1048.0,173248.0,141474.0,167677.0,84.373,695.4,108.204,803.604,11852.0,577.6,99.4,12529.0,16466.0,76.09,2018-04-01,0.7548604862290073
ScheduledDomestic,JetLite,2018,5,1459,2548.0,1175.0,182103.0,151125.6,188410.0,80.211,820.6,97.474,918.074,12605.4,683.4,83.2,13372.0,17603.9,75.96,2018-05-01,0.7704062923007854
ScheduledDomestic,JetLite,2018,6,1558,2615.0,1242.0,194304.0,159300.0,200008.0,79.647,848.2,92.43,940.63,13288.8,731.0,79.3,14099.1,19105.4,73.796,2018-06-01,0.860640500013421
ScheduledDomestic,JetLite,2018,7,1342,2191.0,1022.0,171138.0,132752.2,165008.3,80.452,739.7,103.595,843.295,11151.6,594.5,95.4,11841.5,16035.8,73.844,2018-07-01,0.7339923758942661
ScheduledDomestic,JetLite,2018,8,1295,2127.0,1013.0,163476.0,130673.13,164950.28,79.22,701.755,101.715,803.47,10935.92,571.83,94.77,11602.52,16219.9,71.533,2018-08-01,0.7221171501630501
ScheduledDomestic,JetLite,2018,9,1397,2240.0,1085.0,182290.0,143058.194,172375.84,82.992,762.283,115.597,877.88,12032.363,625.467,109.299,12767.129,17325.422,73.69,2018-09-01,0.8020710849083916
ScheduledDomestic,JetLite,2018,10,1506,2441.0,1174.0,188698.0,149785.45,186770.0,80.198,827.89,140.042,967.932,12524.833,679.102,125.089,13329.024,18941.257,70.37,2018-10-01,0.7992032786401999
ScheduledDomestic,JetLite,2018,11,1341,2174.0,1062.0,174535.0,138431.774,171165.42,80.876,773.349,111.313,884.662,11583.819,666.224,96.343,12346.386,17467.524,70.682,2018-11-01,0.7518830354578105
ScheduledDomestic,JetLite,2018,12,1579,2592.0,1220.0,214385.0,166417.618,194214.448,85.688,872.29,187.198,1059.488,13907.185,738.906,149.085,14795.176,19679.549,75.18,2018-12-01,0.8473842690127362
ScheduledDomestic,JetLite,2019,1,1599,2626.0,1242.0,215128.0,166936.92,198376.27,84.152,829.31,231.363,1060.673,14011.252,686.366,184.069,14881.687,20043.364,74.247,2019-01-01,0.8626461866658112
ScheduledDomestic,JetLite,2019,2,1156,1755.0,804.0,158576.0,111303.688,126601.48,87.917,570.852,119.335,690.187,9363.186,459.992,86.402,9909.58,12872.986,76.98,2019-02-01,0.7003281971398083
ScheduledDomestic,JetLite,2019,3,967,1445.0,722.0,134037.0,101133.182,115557.702,87.517,670.53,89.822,760.352,8497.924,616.628,70.66,9185.212,11977.013,76.69,2019-03-01,0.5798543600278807
ScheduledDomestic,JetLite,2019,4,127,220.0,110.0,17053.0,14638.85,18508.9,79.091,85.278,5.517,90.795,1221.282,74.565,4.801,1300.648,1809.16,71.892,2019-04-01,0.07774568603307618
ScheduledDomestic,JetLite,2019,5,0,0.0,0.0,0.0,0.0,0.0,0.0,0.0,0.0,0.0,0.0,0.0,0.0,0.0,0.0,0.0,2019-05-01,0.0
ScheduledDomestic,JetLite,2019,6,0,0.0,0.0,0.0,0.0,0.0,0.0,0.0,0.0,0.0,0.0,0.0,0.0,0.0,0.0,0.0,2019-06-01,0.0
ScheduledDomestic,Pawan Hans,2019,5,82,52.0,6.274,237.0,15.135,69.014,21.93,0.0,0.0,0.0,1.253,0.0,0.0,1.253,1.908,65.649,2019-05-01,0.0009751682659014765
ScheduledDomestic,Pawan Hans,2019,6,84,57.0,7.582,282.0,22.53,83.402,27.014,0.0,0.0,0.0,1.618,0.0,0.0,1.618,2.193,73.765,2019-06-01,0.001176042267459536
ScheduledDomestic,Pawan Hans,2019,7,40,25.283,3.238,98.0,6.85,35.618,19.232,0.0,0.0,0.0,0.494,0.0,0.0,0.494,1.379,35.823,2019-07-01,0.00041301624923929147
ScheduledDomestic,Pawan Hans,2019,8,76,49.5,6.554,156.0,10.4,72.094,14.426,0.0,0.0,0.0,0.849,0.0,0.0,0.849,2.746,30.918,2019-08-01,0.0006634496729193113
ScheduledDomestic,Pawan Hans,2019,9,70,45.16,5.854,175.0,11.5,64.34,17.874,0.0,0.0,0.0,0.72,0.0,0.0,0.72,2.794,25.77,2019-09-01,0.0007616597706716421
ScheduledDomestic,Pawan Hans,2019,10,102,70.0,9.418,322.0,23.8,103.6,22.973,0.0,0.0,0.0,1.807,0.0,0.0,1.807,4.48,40.335,2019-10-01,0.0013110482278455243
ScheduledDomestic,Pawan Hans,2019,11,98,66.66,8.892,329.0,24.5,97.81,25.049,0.0,0.0,0.0,1.998,0.0,0.0,1.998,4.921,40.602,2019-11-01,0.0012741927175819617
ScheduledDomestic,Pawan Hans,2019,12,78,51.167,6.782,290.0,20.8,74.6,27.882,0.0,0.0,0.0,1.547,0.0,0.0,1.547,4.357,35.499,2019-12-01,0.0011170681229742548
ScheduledDomestic,Pawan Hans,2020,1,74,49.0,6.496,278.0,19.137,71.5,26.765,,,,1482.0,,,1482.0,4557.0,32.521,2020-01-01,0.0010904021002870268
ScheduledDomestic,Pawan Hans,2020,2,94,63.33,8.56,324.0,24.0,92.7,25.89,,,,1952.0,,,1952.0,5285.0,36.935,2020-02-01,0.0013137444839964431
ScheduledDomestic,Pawan Hans,2020,3,60,38.33,5.302,183.0,13.6,58.32,23.32,,,,886.0,,,886.0,2767.0,32.02,2020-03-01,0.0011828374551232763
ScheduledDomestic,Pawan Hans,2020,6,28,18.33,2.388,11.0,1.11,26.268,4.226,,,,25.0,,,25.0,644.0,3.882,2020-06-01,0.0002842060742072395
ScheduledDomestic,Pawan Hans,2020,7,34,22.0,2.84,18.0,1.508,31.24,4.827,,,,115.0,,,115.0,1054.0,10.911,2020-07-01,0.0004371613365770704
ScheduledDomestic,Pawan Hans,2020,8,36,21.67,2.72,11.0,1.102,29.92,3.683,,,,71.0,,,71.0,1099.0,6.46,2020-08-01,0.0001946111810138747
ScheduledDomestic,Pawan Hans,2020,9,44,27.5,3.454,45.0,3.769,37.994,9.92,,,,230.0,,,230.0,1609.0,14.295,2020-09-01,0.0005711113598618367
ScheduledDomestic,Pawan Hans,2020,10,70,46.33,6.09,172.0,14.679,66.99,21.912,,,,1061.0,,,1061.0,2689.15,39.455,2020-10-01,0.0016322824471178446
ScheduledDomestic,Pawan Hans,2020,11,70,45.83,5.97,163.0,13.0,65.67,19.796,,,,994.0,,,994.0,3038.0,32.719,2020-11-01,0.0012849642314833895
ScheduledDomestic,Pawan Hans,2020,12,80,54.166,7.242,218.0,18.528,79.662,23.258,,,,1322.0,,,1322.0,4191.0,31.544,2020-12-01,0.001491911376631795
ScheduledDomestic,Pawan Hans,2021,1,54,36.0,4.788,182.0,14.895,52.668,28.281,,,,1032.0,,,1032.0,3032.0,34.037,2021-01-01,0.0011812011959467406
ScheduledDomestic,Pawan Hans,2021,2,84,56.16,7.466,260.0,22.69,82.126,27.628,,,,1644.0,,,1644.0,4228.48,38.879,2021-02-01,0.0016676837399424238
ScheduledDomestic,Pawan Hans,2021,3,80,54.33,7.304,251.0,21.339,80.344,26.56,,,,1651.0,,,1651.0,3445.0,47.925,2021-03-01,0.0016115963021890742
ScheduledDomestic,Pawan Hans,2021,4,60,40.0,5.298,116.0,10.13,58.27,17.385,,,,766.0,,,766.0,1917.0,39.958,2021-04-01,0.0010270151010175594
ScheduledDomestic,Pawan Hans,2021,6,60,40.16,5.574,121.0,10.7,58.2,18.385,,,,748.0,,,748.0,1409.0,53.087,2021-06-01,0.0019975943021346525
ScheduledDomestic,Pawan Hans,2021,7,68,44.0,5.68,171.0,13.7,62.4,21.955,,,,1052.0,,,1052.0,2133.0,49.32,2021-07-01,0.0017457302093406165
ScheduledDomestic,Pawan Hans,2021,8,42,26.5,3.342,102.0,0.789,36.7,2.15,,,,559.0,,,559.0,1396.0,40.043,2021-08-01,0.0007793331841903554
ScheduledDomestic,Pawan Hans,2021,9,78,52.33,6.952,198.0,17.96,76.472,23.486,,,,1220.0,,,1220.0,4106.0,29.713,2021-09-01,0.001436473483715179
ScheduledDomestic,Pawan Hans,2021,10,98,66.0,8.714,320.0,27.9,95.9,29.093,,,,1993.0,,,1993.0,3833.0,51.996,2021-10-01,0.0018214637647105967
ScheduledDomestic,Pawan Hans,2021,11,98,65.0,8.664,428.0,33.77,95.3,35.435,,,,2440.0,,,2440.0,4276.0,57.063,2021-11-01,0.0020436941816026647
ScheduledDomestic,Pawan Hans,2021,12,28,19.33,3.498,74.0,6.63,28.9,22.941,,,,1189.0,,,1189.0,1476.0,80.556,2021-12-01,0.00033165774462515007
ScheduledDomestic,QuikJet Cargo,2016,5,50,111.783,68.0,0.0,0.0,0.0,0.0,307.384,0.0,307.384,0.0,307.84,0.0,307.84,1248.953,24.648,2016-05-01,0.0
ScheduledDomestic,QuikJet Cargo,2016,6,57,126.983,78.0,0.0,0.0,0.0,0.0,371.8,0.0,371.8,0.0,371.8,0.0,371.8,1434.1,25.926,2016-06-01,0.0
ScheduledDomestic,QuikJet Cargo,2016,7,0,0.0,0.0,0.0,0.0,0.0,0.0,0.0,0.0,0.0,0.0,0.0,0.0,0.0,0.0,0.0,2016-07-01,0.0
ScheduledDomestic,QuikJet Cargo,2016,8,0,0.0,0.0,0.0,0.0,0.0,0.0,0.0,0.0,0.0,0.0,0.0,0.0,0.0,0.0,0.0,2016-08-01,0.0
ScheduledDomestic,QuikJet Cargo,2016,9,0,0.0,0.0,0.0,0.0,0.0,0.0,0.0,0.0,0.0,0.0,0.0,0.0,0.0,0.0,0.0,2016-09-01,0.0
ScheduledDomestic,QuikJet Cargo,2016,10,26,75.62,48.0,0.0,0.0,0.0,0.0,219.3,0.0,219.3,0.0,434.5,0.0,434.5,896.5,48.466,2016-10-01,0.0
ScheduledDomestic,QuikJet Cargo,2016,11,8,23.433,15.0,0.0,0.0,0.0,0.0,57.55,0.0,57.55,0.0,107.1,0.0,107.1,276.0,38.804,2016-11-01,0.0
ScheduledDomestic,QuikJet Cargo,2016,12,0,0.0,0.0,0.0,0.0,0.0,0.0,0.0,0.0,0.0,0.0,0.0,0.0,0.0,0.0,0.0,2016-12-01,0.0
ScheduledDomestic,QuikJet Cargo,2017,1,0,0.0,0.0,0.0,0.0,0.0,0.0,0.0,0.0,0.0,0.0,0.0,0.0,0.0,0.0,0.0,2017-01-01,0.0
ScheduledDomestic,QuikJet Cargo,2017,2,0,0.0,0.0,0.0,0.0,0.0,0.0,0.0,0.0,0.0,0.0,0.0,0.0,0.0,0.0,0.0,2017-02-01,0.0
ScheduledDomestic,QuikJet Cargo,2017,3,0,0.0,0.0,0.0,0.0,0.0,0.0,0.0,0.0,0.0,0.0,0.0,0.0,0.0,0.0,0.0,2017-03-01,0.0
ScheduledDomestic,QuikJet Cargo,2017,4,0,0.0,0.0,0.0,0.0,0.0,0.0,0.0,0.0,0.0,0.0,0.0,0.0,0.0,0.0,0.0,2017-04-01,0.0
ScheduledDomestic,QuikJet Cargo,2017,5,0,0.0,0.0,0.0,0.0,0.0,0.0,0.0,0.0,0.0,0.0,0.0,0.0,0.0,0.0,0.0,2017-05-01,0.0
ScheduledDomestic,QuikJet Cargo,2017,6,0,0.0,0.0,0.0,0.0,0.0,0.0,0.0,0.0,0.0,0.0,0.0,0.0,0.0,0.0,0.0,2017-06-01,0.0
ScheduledDomestic,QuikJet Cargo,2017,7,0,0.0,0.0,0.0,0.0,0.0,0.0,0.0,0.0,0.0,0.0,0.0,0.0,0.0,0.0,0.0,2017-07-01,0.0
ScheduledDomestic,QuikJet Cargo,2017,8,0,0.0,0.0,0.0,0.0,0.0,0.0,0.0,0.0,0.0,0.0,0.0,0.0,0.0,0.0,0.0,2017-08-01,0.0
ScheduledDomestic,QuikJet Cargo,2017,9,0,0.0,0.0,0.0,0.0,0.0,0.0,0.0,0.0,0.0,0.0,0.0,0.0,0.0,0.0,0.0,2017-09-01,0.0
ScheduledDomestic,QuikJet Cargo,2017,10,0,0.0,0.0,0.0,0.0,0.0,0.0,0.0,0.0,0.0,0.0,0.0,0.0,0.0,0.0,0.0,2017-10-01,0.0
ScheduledDomestic,QuikJet Cargo,2017,11,0,0.0,0.0,0.0,0.0,0.0,0.0,0.0,0.0,0.0,0.0,0.0,0.0,0.0,0.0,0.0,2017-11-01,0.0
ScheduledDomestic,QuikJet Cargo,2017,12,0,0.0,0.0,0.0,0.0,0.0,0.0,0.0,0.0,0.0,0.0,0.0,0.0,0.0,0.0,0.0,2017-12-01,0.0
ScheduledDomestic,QuikJet Cargo,2023,1,79,177.32,101.0,,,,,561.965,,561.965,,713.41,,713.41,2128.26,33.521,2023-01-01,
ScheduledDomestic,QuikJet Cargo,2023,2,132,220.3,160.968,,,,,1138.686,,1138.686,,36185.92,,36185.92,93587.664,38.665,2023-02-01,
ScheduledDomestic,QuikJet Cargo,2023,3,146,298.15,176.873,,,,,1340.569,,1340.569,,47227.219,,47227.219,113090.35,41.761,2023-03-01,
ScheduledDomestic,QuikJet Cargo,2023,4,150,315.1,182.792,,,,,1416.478,,1416.478,,51817.59,,51817.59,120642.98,42.951,2023-04-01,
ScheduledDomestic,QuikJet Cargo,2023,5,153,321.35,186.57,,,,,1515.0,,1515.0,,56045.45,,56045.45,125713.17,44.582,2023-05-01,
ScheduledDomestic,QuikJet Cargo,2023,6,150,309.217,182.792,,,,,1462.554,,1462.554,,53798.0,,53798.0,120642.98,44.593,2023-06-01,
ScheduledDomestic,QuikJet Cargo,2023,7,134,279.783,164.382,,,,,1251.584,,1251.584,,41963.392,,41963.392,97645.481,42.975,2023-07-01,
ScheduledDomestic,QuikJet Cargo,2023,8,148,306.65,180.244,,,,,1460.036,,1460.036,,52159.299,,52159.299,117335.223,44.453,2023-08-01,
ScheduledDomestic,QuikJet Cargo,2023,9,127,231.0,153.764,,,,,963.379,,963.379,,30093.886,,30093.886,85758.542,35.091,2023-09-01,
ScheduledDomestic,QuikJet Cargo,2023,10,149,308.667,181.122,,,,,1525.477,,1525.477,,1870.642,,1870.642,3984.682,46.946,2023-10-01,
ScheduledDomestic,QuikJet Cargo,2023,11,135,286.617,165.23,,,,,1401.181,,1401.181,,1717.755,,1717.755,3635.057,47.255,2023-11-01,
ScheduledDomestic,QuikJet Cargo,2023,12,140,298.5,170.034,,,,,1299.721,,1299.721,,1574.511,,1574.511,3740.747,42.091,2023-12-01,
ScheduledDomestic,QuikJet Cargo,2024,1,111,241.067,125.127,,,,,1017.356,,1017.356,,1167.71,,1167.71,2752.794,42.419,2024-01-01,
ScheduledDomestic,QuikJet Cargo,2024,2,144,312.85,163.718,,,,,1343.597,,1343.597,,1531.56,,1531.56,3601.796,42.522,2024-02-01,
ScheduledDomestic,QuikJet Cargo,2024,3,143,307.25,161.147,,,,,1405.643,,1405.643,,1601.067,,1601.067,3545.234,45.161,2024-03-01,
ScheduledDomestic,QuikJet Cargo,2024,4,128,268.7,144.876,,,,,1299.886,,1299.886,,1490.869,,1490.869,3187.272,46.776,2024-04-01,
ScheduledDomestic,QuikJet Cargo,2024,5,124,259.483,140.62,0.0,0.0,0.0,,1267.505,0.0,1267.505,0.0,1471.089,0.0,1471.089,3093.64,47.552,2024-05-01,0.0
ScheduledDomestic,QuikJet Cargo,2024,6,94,201.633,107.664,,,,,854.263,,854.263,,1022.159,,1022.159,2368.608,43.154,2024-06-01,
ScheduledDomestic,QuikJet Cargo,2024,7,134,283.717,153.248,,,,,1348.217,,1348.217,,1556.821,,1556.821,3371.456,46.177,2024-07-01,
ScheduledDomestic,QuikJet Cargo,2024,8,131,278.25,148.565,,,,,1376.3,,1376.3,0.0,1573.946,,1573.946,3268.43,48.156,2024-08-01,
ScheduledDomestic,QuikJet Cargo,2024,9,129,276.15,148.241,,,,,1392.41,,1392.41,,1616.553,,1616.553,3261.302,49.568,2024-09-01,
ScheduledDomestic,QuikJet Cargo,2024,10,132,281.85,152.13,,,,,1476.594,,1476.594,,1719.808,,1719.808,3346.86,51.386,2024-10-01,
ScheduledDomestic,QuikJet Cargo,2024,11,131,275.45,148.381,,,,,1331.466,,1331.466,,1525.691,,1525.691,3264.382,46.738,2024-11-01,
ScheduledDomestic,QuikJet Cargo,2024,12,154,326.483,175.096,,,,,1596.349,,1596.349,,1830.722,,1830.722,3852.112,47.525,2024-12-01,
ScheduledDomestic,QuikJet Cargo,2025,1,137,293.917,155.873,0.0,0.0,0.0,0.0,1429.575,0.0,1429.575,0.0,1648.549,0.0,1648.549,3429.206,48.07,2025-01-01,0.0
ScheduledDomestic,QuikJet Cargo,2025,2,131,278.667,148.239,0.0,0.0,0.0,0.0,1338.752,0.0,1338.752,0.0,1533.269,0.0,1533.269,3261.258,47.01,2025-02-01,0.0
ScheduledDomestic,QuikJet Cargo,2025,3,129,271.15,145.399,0.0,0.0,0.0,0.0,1439.842,0.0,1439.842,0.0,1654.173,0.0,1654.173,3198.778,51.71,2025-03-01,0.0
ScheduledDomestic,QuikJet Cargo,2025,4,138,299.367,156.41,0.0,0.0,0.0,0.0,1507.97,0.0,1507.97,0.0,1739.838,0.0,1739.838,3441.02,50.56,2025-04-01,0.0
ScheduledDomestic,QuikJet Cargo,2025,5,134,286.6,152.382,0.0,0.0,0.0,0.0,1408.915,0.0,1408.915,0.0,1636.701,0.0,1636.701,3352.404,48.82,2025-05-01,0.0
ScheduledDomestic,QuikJet Cargo,2025,6,146,313.033,165.874,0.0,0.0,0.0,0.0,1529.767,0.0,1529.767,0.0,1755.73,0.0,1755.73,3649.228,48.11,2025-06-01,0.0
ScheduledDomestic,QuikJet Cargo,2025,7,139,297.567,158.355,0.0,0.0,0.0,0.0,1610.869,0.0,1610.869,0.0,1859.008,0.0,1859.008,3483.81,53.36,2025-07-01,0.0
ScheduledDomestic,QuikJet Cargo,2025,8,113,240.433,127.907,0.0,0.0,0.0,0.0,1310.188,0.0,1310.188,0.0,1516.413,0.0,1516.413,2813.954,53.89,2025-08-01,0.0
ScheduledDomestic,QuikJet Cargo,2025,9,98,209.0,110.428,0.0,0.0,0.0,0.0,1146.193,0.0,1146.193,0.0,1320.887,0.0,1320.887,2429.416,54.37,2025-09-01,0.0
ScheduledDomestic,QuikJet Cargo,2025,10,95,201.65,107.067,0.0,0.0,0.0,0.0,1110.554,0.0,1110.554,0.0,1279.352,0.0,1279.352,2355.474,54.31,2025-10-01,0.0
ScheduledDomestic,QuikJet Cargo,2025,11,118,246.967,132.574,0.0,0.0,0.0,0.0,1336.57,0.0,1336.57,0.0,1538.971,0.0,1538.971,2916.628,52.77,2025-11-01,0.0
ScheduledDomestic,QuikJet Cargo,2025,12,147,317.733,166.255,0.0,0.0,0.0,0.0,1652.798,0.0,1652.798,0.0,1883.948,0.0,1883.948,3657.61,51.51,2025-12-01,0.0
ScheduledDomestic,QuikJet Cargo,2026,1,37,84.383,43.841,,,,,442.904,0.0,442.904,0.0,522.302,0.0,522.302,964.502,54.15,2026-01-01,
ScheduledDomestic,QuikJet Cargo,2026,2,24,50.917,27.24,,,,,308.279,0.0,308.279,0.0,349.897,0.0,349.897,599.28,58.39,2026-02-01,
ScheduledDomestic,QuikJet Cargo,2026,3,21,44.983,23.835,,,,,243.267,0.0,243.267,0.0,276.108,0.0,276.108,524.37,52.66,2026-03-01,
ScheduledDomestic,QuikJet Cargo,2026,4,73,156.517,88.187,,,,,857.738,0.0,857.738,0.0,1033.964,0.0,1033.964,1940.114,53.29,2026-04-01,
ScheduledDomestic,SpiceJet,2015,1,5667,7301.0,4258.381,587198.0,533684.627,666828.835,80.033,3419.0,0.0,3419.0,40026.347,4043.948,0.0,44070.295,58491.681,75.345,2015-01-01,4.723019538342572
ScheduledDomestic,SpiceJet,2015,2,4860,6273.0,3668.352,552726.0,490208.771,572857.667,85.573,3202.0,0.0,3202.0,36765.658,3811.799,0.0,40577.457,50280.849,80.702,2015-02-01,4.614744948607334
ScheduledDomestic,SpiceJet,2015,3,5551,7153.0,4163.891,608801.0,539460.694,647017.82,83.376,3687.0,0.0,3687.0,40459.552,4312.424,0.0,44771.976,56821.053,78.795,2015-03-01,4.869741040267125
ScheduledDomestic,SpiceJet,2015,4,6013,7728.0,4477.0,706732.0,618597.851,697210.343,88.725,3907.0,0.0,3907.0,46394.839,4519.218,0.0,50914.057,61029.886,83.425,2015-04-01,5.404408396634262
ScheduledDomestic,SpiceJet,2015,5,6836,8711.0,5068.776,837236.0,737036.775,791722.744,93.093,4201.0,0.0,4201.0,55277.758,4856.182,0.0,60133.94,69242.416,86.846,2015-05-01,5.898403314799579
ScheduledDomestic,SpiceJet,2015,6,6575,8483.0,4732.934,800048.0,684397.023,734017.834,93.24,3959.0,0.0,3959.0,51329.777,4345.337,0.0,55675.114,63789.756,87.279,2015-06-01,6.08971777830586
ScheduledDomestic,SpiceJet,2015,7,6940,8978.0,4985.0,831436.0,707098.0,757454.0,93.352,4132.0,0.0,4132.0,53032.0,4499.0,0.0,57531.0,67575.0,85.137,2015-07-01,6.160800451466198
ScheduledDomestic,SpiceJet,2015,8,6960,8976.0,5042.456,829670.0,709557.871,770232.189,92.123,4132.0,0.0,4132.0,53216.841,4521.142,0.0,57737.983,69133.847,83.516,2015-08-01,6.1590556238435115
ScheduledDomestic,SpiceJet,2015,9,6767,8593.0,4899.373,818950.0,702162.801,754893.92,93.015,5089.0,0.0,5089.0,52661.555,5636.928,0.0,58298.483,67277.034,86.654,2015-09-01,6.169279391706566
ScheduledDomestic,SpiceJet,2015,10,7414,9408.0,5417.897,899332.0,781628.0,848826.0,92.083,6208.0,0.0,6208.0,58659.725,6699.254,0.0,65358.979,74964.606,87.186,2015-10-01,6.416019201856492
ScheduledDomestic,SpiceJet,2015,11,7885,10299.0,5952.024,977293.0,872118.867,961284.117,90.724,5117.0,0.0,5117.0,65436.248,5117.0,0.0,70553.248,84719.511,83.279,2015-11-01,6.7033863695508105
ScheduledDomestic,SpiceJet,2015,12,7653,9933.0,5797.497,976517.0,869627.138,943917.927,92.13,4974.0,0.0,4974.0,65223.32,5470.787,0.0,70694.107,83359.376,84.806,2015-12-01,6.361780365848446
ScheduledDomestic,SpiceJet,2016,1,8014,10372.0,6022.63,1010933.0,896984.433,973779.302,92.114,6976.0,0.0,6976.0,67273.833,7816.197,0.0,75090.03,86043.04,87.27,2016-01-01,6.6326535298618445
ScheduledDomestic,SpiceJet,2016,2,7642,9829.0,5733.85,976302.0,860370.314,932043.749,92.31,4982.0,0.0,4982.0,64536.415,5538.615,0.0,70075.03,82248.909,85.199,2016-02-01,6.558046349702017
ScheduledDomestic,SpiceJet,2016,3,8008,10300.0,5997.381,1006417.0,887421.715,973971.311,91.114,5275.0,0.0,5275.0,66556.629,5827.714,0.0,72384.343,79087.183,91.525,2016-03-01,6.422242279336785
ScheduledDomestic,SpiceJet,2016,4,8002,10208.0,5948.121,1021299.0,888876.861,953736.587,93.199,4432.0,0.0,4432.0,66665.765,4931.194,0.0,71596.959,84122.953,85.11,2016-04-01,6.466422437045235
ScheduledDomestic,SpiceJet,2016,5,8659,10946.0,6318.977,1096114.0,943748.375,1009125.407,93.521,4176.0,0.0,4176.0,70781.129,4597.773,0.0,75378.902,89071.547,84.627,2016-05-01,6.355477045488307
ScheduledDomestic,SpiceJet,2016,6,8072,10238.0,5874.678,1010110.0,877889.454,943570.242,93.039,4012.0,0.0,4012.0,65841.709,4392.681,0.0,70234.39,82712.808,84.914,2016-06-01,6.365872254512377
ScheduledDomestic,SpiceJet,2016,7,8148,10241.0,5881.896,993785.0,861733.018,936395.77,92.027,4187.0,0.0,4187.0,64603.466,4642.484,0.0,69245.95,84457.5,81.989,2016-07-01,5.862878545729314
ScheduledDomestic,SpiceJet,2016,8,8283,10531.0,6091.462,1053603.0,912117.463,978308.404,93.234,4117.0,0.0,4117.0,64499.531,4596.883,0.0,69096.414,86063.871,80.285,2016-08-01,6.3093642052152
ScheduledDomestic,SpiceJet,2016,9,8048,10272.0,6020.069,1029704.0,900939.075,963818.884,93.476,5494.0,0.0,5494.0,67570.431,6060.524,0.0,73630.955,84828.727,86.8,2016-09-01,6.279720612369482
ScheduledDomestic,SpiceJet,2016,10,8768,10989.0,6441.21,1118352.0,959465.0,1044362.0,91.871,5115.0,0.0,5115.0,71959.902,5633.378,0.0,77593.28,91263.682,85.021,2016-10-01,6.471802873756581
ScheduledDomestic,SpiceJet,2016,11,8917,11522.0,6709.768,1148498.0,1005560.0,1086701.0,92.533,4410.0,0.0,4410.0,75416.981,4657.883,0.0,80074.864,94860.132,84.414,2016-11-01,6.422292198084079
ScheduledDomestic,SpiceJet,2016,12,9284,12241.0,7174.707,1210229.0,1094325.0,1167556.0,93.728,4603.0,0.0,4603.0,82074.386,5067.285,0.0,87141.671,101827.37,85.578,2016-12-01,6.358754184818525
ScheduledDomestic,SpiceJet,2017,1,9490,12721.0,7450.0,1229436.0,1137644.0,1215369.0,93.605,4522.0,0.0,4522.0,85323.0,4819.0,0.0,90142.0,105905.0,85.116,2017-01-01,6.535812829243095
ScheduledDomestic,SpiceJet,2017,2,8677,11607.0,6831.0,1131788.0,1040012.0,1110563.0,93.647,4374.0,0.0,4374.0,78001.0,4670.0,0.0,82671.0,96872.0,85.34,2017-02-01,6.659268708283516
ScheduledDomestic,SpiceJet,2017,3,9421,12326.0,7202.0,1193225.0,1065559.0,1165666.0,91.412,4533.0,0.0,4533.0,79917.0,4789.0,0.0,84706.0,101649.0,83.332,2017-03-01,6.729002815610238
ScheduledDomestic,SpiceJet,2017,4,9058,12007.0,7035.0,1176610.0,1067416.0,1143156.0,93.374,4086.0,0.0,4086.0,80056.0,4410.0,0.0,84466.0,99660.0,84.754,2017-04-01,6.5720836835975796
ScheduledDomestic,SpiceJet,2017,5,9748,12829.0,7489.0,1278606.0,1149628.0,1219319.0,94.284,4236.0,0.0,4236.0,86222.0,4514.0,0.0,90736.0,106199.0,85.44,2017-05-01,6.409696814140969
ScheduledDomestic,SpiceJet,2017,6,9761,12954.0,7521.0,1273391.0,1148919.0,1215229.0,94.543,4485.0,0.0,4485.0,86169.0,4769.0,0.0,90938.0,105977.0,85.809,2017-06-01,6.801129591542655
ScheduledDomestic,SpiceJet,2017,7,10463,13751.0,7881.0,1358206.0,1191217.0,1261680.0,94.415,5743.0,0.0,5743.0,89341.0,6080.0,0.0,95421.0,110209.0,86.582,2017-07-01,7.253859223520045
ScheduledDomestic,SpiceJet,2017,8,10494,13844.0,7990.0,1359166.0,1208184.0,1279120.0,94.454,5142.0,0.0,5142.0,90614.0,5241.0,0.0,95855.0,111707.0,85.809,2017-08-01,7.1872068325437795
ScheduledDomestic,SpiceJet,2017,9,10238,13295.0,7758.0,1319755.0,1170124.0,1242705.0,94.159,7083.0,0.0,7083.0,87754.0,7151.0,0.0,94905.0,108453.0,87.508,2017-09-01,7.0550180807707905
ScheduledDomestic,SpiceJet,2017,10,10627,13883.0,8071.0,1364334.0,1211569.0,1293403.0,93.673,6503.0,0.0,6503.0,90868.0,6611.0,0.0,97479.0,112764.0,86.445,2017-10-01,6.692769928289123
ScheduledDomestic,SpiceJet,2017,11,10152,13338.0,7705.0,1320213.0,1175231.0,1230773.0,95.487,6062.0,0.0,6062.0,88142.0,6213.0,0.0,94355.0,107175.0,88.038,2017-11-01,6.449526600517902
ScheduledDomestic,SpiceJet,2017,12,10947,14540.0,8433.0,1427146.0,1291141.0,1350575.0,95.599,6083.47,0.0,6083.47,96833.0,6259.0,0.0,103092.0,117362.0,87.841,2017-12-01,6.510975825627718
ScheduledDomestic,SpiceJet,2018,1,11145,14914.0,8614.0,1447537.0,1313294.0,1381733.0,95.047,5539.0,0.0,5539.0,98497.0,5685.0,0.0,104182.0,120033.0,86.794,2018-01-01,6.322164737731427
ScheduledDomestic,SpiceJet,2018,2,10230,13732.0,7847.0,1331645.0,1198160.0,1244492.0,96.277,5206.9,0.0,5206.9,89867.2,5419.3,0.0,95286.5,108397.3,87.905,2018-02-01,6.210910852747526
ScheduledDomestic,SpiceJet,2018,3,11517,15241.0,8805.0,1474206.0,1322851.5,1392143.6,95.023,5964.6,0.0,5964.6,99213.9,6151.0,0.0,105364.9,121358.9,86.821,2018-03-01,6.384700410997716
ScheduledDomestic,SpiceJet,2018,4,11026,14732.0,8503.2,1426801.0,1284336.8,1344688.4,95.512,5567.9,0.0,5567.9,96325.3,5756.2,0.0,102081.5,117308.7,87.02,2018-04-01,6.216728023480985
ScheduledDomestic,SpiceJet,2018,5,11488,15429.0,8834.0,1459005.0,1319542.9,1391957.8,94.798,6146.0,0.0,6146.0,98965.7,6397.6,0.0,105363.3,121709.7,86.569,2018-05-01,6.17247729306111
ScheduledDomestic,SpiceJet,2018,6,11015,14724.0,8380.5,1370265.0,1226187.116,1314144.519,93.307,7159.1,0.0,7159.1,91964.0,7332.7,0.0,99296.7,114931.3,86.397,2018-06-01,6.0693838250931025
ScheduledDomestic,SpiceJet,2018,7,11401,15101.0,8545.0,1427257.0,1248730.6,1331839.0,93.76,7600.8,0.0,7600.8,93654.8,7985.0,0.0,101639.8,116534.2,87.219,2018-07-01,6.121350935746138
ScheduledDomestic,SpiceJet,2018,8,11328,14816.0,8431.26,1404424.0,1229718.59,1313965.21,93.588,7459.605,0.0,7459.605,92228.89,7882.75,0.0,100111.64,115152.9,86.938,2018-08-01,6.203715875728496
ScheduledDomestic,SpiceJet,2018,9,10975,14500.0,8357.393,1362564.0,1214945.834,1303992.6,93.171,8039.258,0.0,8039.258,91120.938,8858.364,0.0,99979.302,114883.302,87.027,2018-09-01,5.995244861139491
ScheduledDomestic,SpiceJet,2018,10,11518,18367.0,8761.85,1382010.0,1239910.21,1365551.69,90.799,8345.55,0.0,8345.55,92993.27,7733.64,0.0,100726.91,119428.05,84.341,2018-10-01,5.853304873997301
ScheduledDomestic,SpiceJet,2018,11,11794,16007.0,9270.233,1454822.0,1330630.801,1461379.556,91.053,7193.027,0.0,7193.027,99797.31,7158.115,0.0,106955.425,127426.675,83.935,2018-11-01,6.267258609509857
ScheduledDomestic,SpiceJet,2018,12,12473,17115.0,9905.555,1563700.0,1448751.49,1562334.127,92.73,8419.586,0.0,8419.586,108654.946,8130.919,0.0,116785.865,136025.954,85.856,2018-12-01,6.1807252440945755
ScheduledDomestic,SpiceJet,2019,1,13271,18645.0,10803.49,1665660.0,1568335.01,1726201.8,90.855,7705.25,0.0,7705.25,117625.13,7703.14,0.0,125328.27,149626.58,83.761,2019-01-01,6.67916425236034
ScheduledDomestic,SpiceJet,2019,2,12059,16961.0,9791.813,1557868.0,1464787.81,1557610.245,94.041,6831.854,0.0,6831.854,109859.086,7402.204,0.0,117261.29,135280.676,86.68,2019-02-01,6.880100947317367
ScheduledDomestic,SpiceJet,2019,3,12968,17576.0,10148.297,1581456.0,1458326.357,1567500.81,93.035,8506.361,0.0,8506.361,109374.477,7751.403,0.0,117125.88,136577.219,85.758,2019-03-01,6.841500158853542
ScheduledDomestic,SpiceJet,2019,4,11983,16146.0,9292.74,1440598.0,1317633.332,1405657.313,93.738,7624.251,0.0,7624.251,98822.5,7018.15,0.0,105840.65,123304.76,85.837,2019-04-01,6.567775746664956
ScheduledDomestic,SpiceJet,2019,5,14773,20854.0,12222.041,1802705.0,1728070.602,1841023.941,93.865,9149.33,0.0,9149.33,129605.295,9860.531,0.0,139465.827,166681.948,83.672,2019-05-01,7.417471345071397
ScheduledDomestic,SpiceJet,2019,6,15208,21867.0,12868.19,1875606.0,1818349.0,1940661.0,93.697,9841.654,0.0,9841.654,136376.0,10657.0,0.0,147033.0,177851.0,82.672,2019-06-01,7.821957209576988
ScheduledDomestic,SpiceJet,2019,7,15005,21954.0,12812.882,1847629.0,1788800.51,1935818.512,92.405,10706.191,0.0,10706.191,134160.039,11375.185,0.0,145535.224,177652.927,81.921,2019-07-01,7.786742852711663
ScheduledDomestic,SpiceJet,2019,8,14603,21459.0,12644.251,1833644.0,1782977.086,1928853.803,92.437,11256.841,0.0,11256.841,133723.282,11779.083,0.0,145502.365,176362.697,82.502,2019-08-01,7.798272513143958
ScheduledDomestic,SpiceJet,2019,9,13543,19047.0,11615.632,1700367.0,1653697.899,1777592.836,93.03,10962.86,0.0,10962.86,124027.343,11384.573,0.0,135411.915,161654.643,83.766,2019-09-01,7.4005779387293025
ScheduledDomestic,SpiceJet,2019,10,16098,23727.0,14075.107,2004583.0,1985372.914,2205339.316,90.026,12337.386,0.0,12337.386,148902.969,12187.222,0.0,161090.191,196277.734,82.073,2019-10-01,8.161816738258585
ScheduledDomestic,SpiceJet,2019,11,16148,23558.0,14385.58,2080133.0,2118378.237,2283171.178,92.782,10811.584,0.0,10811.584,158878.368,11247.797,0.0,170126.165,201302.168,84.513,2019-11-01,8.056201581160847
ScheduledDomestic,SpiceJet,2019,12,16639,25364.0,14944.214,2144156.0,2201985.855,2374186.173,92.747,13282.525,0.0,13282.525,165148.94,14002.06,0.0,179151.0,208638.769,85.867,2019-12-01,8.259201097530987
ScheduledDomestic,SpiceJet,2020,1,16693,25406.85,14921.647,2124455.0,2170814.842,2372618.952,91.494,13795.871,,13795.871,162811.114,13843.732,,176654.845,208146.06,84.871,2020-01-01,8.33277048188948
ScheduledDomestic,SpiceJet,2020,2,14907,22321.817,12970.659,1890633.0,1884852.114,2026187.229,93.025,12350.905,,12350.905,141363.909,12081.416,,153445.324,176974.224,86.705,2020-02-01,7.6660761574433565
ScheduledDomestic,SpiceJet,2020,3,10999,16232.25,9509.13,1245208.0,1246162.788,1489232.758,83.678,8909.947,,8909.947,93462.209,7482.101,,100944.31,129754.124,77.797,2020-03-01,8.048517277700244
ScheduledDomestic,SpiceJet,2020,5,618,891.83,530.809,48156.0,48598.377,85004.787,57.171,3850.046,,3850.046,3644.878,510.794,,4155.672,7282.167,57.066,2020-05-01,8.64817881092031
ScheduledDomestic,SpiceJet,2020,6,3457,5251.33,3238.0,334104.0,362216.0,532545.0,68.016,5965.948,,5965.948,27166.0,2927.0,,30093.0,45995.0,65.427,2020-06-01,8.632216928812321
ScheduledDomestic,SpiceJet,2020,7,3548,5064.583,3062.99,331197.0,342586.692,489130.542,70.04,2863.595,,2863.595,25694.002,3254.869,,28948.871,42487.529,68.135,2020-07-01,8.043695732795333
ScheduledDomestic,SpiceJet,2020,8,3937,5525.133,3368.301,390885.0,406988.875,535160.924,76.05,3533.408,,3533.408,30524.166,4036.648,,34560.813,46545.806,74.251,2020-08-01,6.9155083173280385
ScheduledDomestic,SpiceJet,2020,9,5410,8035.617,4827.978,529758.0,560602.198,767945.381,73.0,5059.45,,5059.45,42196.776,5926.556,,48123.332,66694.727,72.155,2020-09-01,6.723351372837487
ScheduledDomestic,SpiceJet,2020,10,6837,10229.67,6203.834,704498.0,732301.642,989616.415,73.999,5711.37,,5711.37,54922.624,6857.872,,61780.496,86036.739,71.807,2020-10-01,6.685696043195508
ScheduledDomestic,SpiceJet,2020,11,7813,11695.917,7055.178,839523.0,871555.893,1121006.64,77.748,4932.424,,4932.424,65364.157,5804.372,,71168.529,97701.592,72.843,2020-11-01,6.6181412669179736
ScheduledDomestic,SpiceJet,2020,12,8719,13577.7,8131.571,951550.0,999565.456,1281416.105,78.005,5381.863,,5381.863,74967.41,6320.94,,81288.35,111619.932,72.826,2020-12-01,6.512056286394426
ScheduledDomestic,SpiceJet,2021,1,9166,14272.283,8574.156,991883.0,1042368.244,1361661.376,76.551,5863.61,,5863.61,78179.687,6914.234,,85093.921,118494.653,71.812,2021-01-01,6.4374361859298945
ScheduledDomestic,SpiceJet,2021,2,8752,13370.05,7962.715,962081.0,991225.375,1256510.062,78.887,5743.054,,5743.054,74346.116,6709.025,,81055.14,109370.24,74.111,2021-02-01,6.170949385413643
ScheduledDomestic,SpiceJet,2021,3,9520,14443.9,8630.777,1002950.0,1038941.395,1357405.945,76.539,5515.558,,5515.558,77908.646,6389.741,,84298.387,118177.347,71.332,2021-03-01,6.439643471237179
ScheduledDomestic,SpiceJet,2021,4,7043,10998.117,6675.427,705499.0,753476.549,1064553.434,70.779,4636.526,,4636.526,56509.63,5518.614,,62028.244,92602.617,66.983,2021-04-01,6.246190747868855
ScheduledDomestic,SpiceJet,2021,5,2111,3521.567,2189.374,198792.0,225662.506,352359.96,64.043,1677.796,,1677.796,16924.688,2091.988,,19016.676,30412.068,62.53,2021-05-01,4.878637774544855
ScheduledDomestic,SpiceJet,2021,6,2913,4759.783,2832.22,280798.0,298165.838,420046.464,70.984,1795.499,,1795.499,22362.438,2163.88,,24526.318,36611.99,66.99,2021-06-01,4.635706486370299
ScheduledDomestic,SpiceJet,2021,7,4737,7282.483,4240.454,456239.0,459778.851,616596.399,74.567,2740.025,,2740.025,34483.414,3248.392,,37731.806,54282.33,69.51,2021-07-01,4.6577204969552835
ScheduledDomestic,SpiceJet,2021,8,5835,8725.617,4995.994,583539.0,562899.434,707219.275,79.593,3246.669,,3246.669,42217.458,3669.486,,45886.944,62216.284,73.754,2021-08-01,4.458542225188782
ScheduledDomestic,SpiceJet,2021,9,6292,9312.95,5248.53,601529.0,575449.953,729888.494,78.841,3363.811,,3363.811,43158.746,3785.284,0.0,46944.03,64263.173,73.05,2021-09-01,4.364042718109635
ScheduledDomestic,SpiceJet,2021,10,7837,11992.167,6869.238,810239.0,808847.995,984251.68,82.179,4123.552,,4123.552,60663.6,4742.332,0.0,65405.932,86572.231,75.551,2021-10-01,4.611940560172966
ScheduledDomestic,SpiceJet,2021,11,9010,13969.017,8152.28,1078210.0,1081602.223,1247828.353,86.679,3632.314,,3632.314,81120.167,4256.701,,85376.868,109654.473,77.86,2021-11-01,5.148438092396751
ScheduledDomestic,SpiceJet,2021,12,9609,14746.333,8626.072,1150688.0,1149594.855,1337371.283,85.959,4422.855,,4422.855,86219.614,5232.091,,91451.705,122177.594,74.851,2021-12-01,5.157224146584118
ScheduledDomestic,SpiceJet,2022,1,7007,10515.283,6119.547,679827.0,681716.7,928732.367,73.403,3701.539,,3701.539,51128.753,4373.832,,55502.584,85517.439,64.902,2022-01-01,5.3023837628395185
ScheduledDomestic,SpiceJet,2022,2,6903,10332.8,5955.003,820397.0,790004.289,887039.085,89.061,3266.405,,3266.405,59250.322,3739.318,,62989.64,82133.478,76.692,2022-02-01,5.330206319501167
ScheduledDomestic,SpiceJet,2022,3,8722,13264.133,7731.789,1020817.0,1013447.149,1166633.683,86.869,4084.681,,4084.681,76008.536,4805.747,,80814.283,107108.668,75.451,2022-03-01,4.806268422231183
ScheduledDomestic,SpiceJet,2022,4,8709,13350.9,7812.284,1000901.0,1011623.065,1178059.255,85.872,4560.828,,4560.828,75871.73,5422.05,0.0,81293.78,107677.645,75.497,2022-04-01,4.744016733958423
ScheduledDomestic,SpiceJet,2022,5,9675,14959.617,8731.884,1152182.0,1181830.842,1326543.901,89.091,4537.188,,4537.188,88637.313,5578.854,,94216.167,121211.529,77.729,2022-05-01,5.02240458110434
ScheduledDomestic,SpiceJet,2022,6,8922,13806.85,7998.93,1001649.0,1013624.994,1205972.812,84.05,4329.344,,4329.344,76021.875,5318.644,,81340.519,110540.375,73.584,2022-06-01,4.763392343373569
ScheduledDomestic,SpiceJet,2022,7,6605,10432.283,6115.717,775824.0,793607.194,937033.891,84.694,4133.891,,4133.891,59520.54,5068.455,,64588.994,86150.339,74.972,2022-07-01,3.997059639972822
ScheduledDomestic,SpiceJet,2022,8,6850,10655.467,6253.644,798347.0,809044.068,956491.497,84.585,3885.302,,3885.302,60678.305,4786.999,,65465.304,89070.605,73.498,2022-08-01,3.9460636538764
ScheduledDomestic,SpiceJet,2022,9,6233,5774.455,9703.967,753485.0,766968.579,894269.312,85.765,3639.423,,3639.423,57522.643,4367.917,,61890.56,82572.473,74.953,2022-09-01,3.641138307731458
ScheduledDomestic,SpiceJet,2022,10,6549,10447.667,6344.91,828531.0,872471.671,990306.115,88.101,3204.707,,3204.707,65435.375,3892.638,0.0,69328.013,92314.651,75.1,2022-10-01,3.633596489142992
ScheduledDomestic,SpiceJet,2022,11,6337,9938.6,6096.034,875668.0,917841.409,998105.461,91.958,3265.308,,3265.308,68838.106,4058.221,,72896.327,94261.119,77.334,2022-11-01,3.749033915247588
ScheduledDomestic,SpiceJet,2022,12,6838,6496.279,10585.4,963522.0,999968.668,1078550.355,92.714,3580.563,,3580.563,74997.65,4419.074,,79416.724,101607.008,78.161,2022-12-01,3.782833340688129
ScheduledDomestic,SpiceJet,2023,1,6542,10332.867,6279.017,913814.0,948361.9,1042236.609,90.993,3366.701,,3366.701,71127.142,4104.744,,75231.886,97776.557,76.943,2023-01-01,3.6403950337773128
ScheduledDomestic,SpiceJet,2023,2,5744,9171.717,5647.101,858261.0,904387.8,960708.483,94.138,3316.46,,3316.46,67829.085,4100.586,,71929.671,89976.18,79.943,2023-02-01,3.555827579726578
ScheduledDomestic,SpiceJet,2023,3,5801,9348.15,5707.304,827166.0,877792.727,950600.272,92.341,3085.465,,3085.465,65834.455,3793.255,0.0,69627.709,89910.691,77.441,2023-03-01,3.20776142643287
ScheduledDomestic,SpiceJet,2023,4,5118,8338.75,5092.332,741386.0,781789.593,847636.139,92.232,4272.174,,4272.174,58634.219,5212.509,,63846.729,79627.202,80.182,2023-04-01,2.8761732440231182
ScheduledDomestic,SpiceJet,2023,5,4971,7924.317,4816.164,719797.0,744361.645,785375.951,94.778,4343.031,,4343.031,55827.123,5120.427,0.0,60947.551,73296.793,83.152,2023-05-01,2.723577592619808
ScheduledDomestic,SpiceJet,2023,6,4087,6364.55,3743.767,555248.0,546278.52,583707.388,93.588,3895.126,,3895.126,40970.889,4517.988,,45488.877,53885.207,84.418,2023-06-01,2.223375280430599
ScheduledDomestic,SpiceJet,2023,7,3980,6348.917,3679.561,504227.0,502870.518,565941.674,88.856,3127.829,,3127.829,37715.289,3539.043,0.0,41254.332,51799.934,79.642,2023-07-01,2.0835774787335235
ScheduledDomestic,SpiceJet,2023,8,3999,6193.367,3689.829,541051.0,533081.279,586678.785,90.864,3269.608,,3269.608,39981.096,3606.483,0.0,43587.579,54790.586,79.553,2023-08-01,2.1776754487540644
ScheduledDomestic,SpiceJet,2023,9,4036,6333.233,3729.657,544605.0,537851.403,588645.228,91.371,3129.27,,3129.27,40338.855,3507.885,0.0,43846.74,54981.134,79.749,2023-09-01,2.223503943845732
ScheduledDomestic,SpiceJet,2023,10,4603,7034.567,4294.722,627964.0,637102.645,706941.238,90.121,2490.705,,2490.705,47782.698,2756.502,,50539.2,65362.455,77.321,2023-10-01,2.4846752430333705
ScheduledDomestic,SpiceJet,2023,11,5439,8444.5,5183.983,784533.0,799382.428,880515.332,90.786,3249.261,,3249.261,59953.682,3850.124,,63803.806,82912.673,76.953,2023-11-01,3.080128498576487
ScheduledDomestic,SpiceJet,2023,12,5234,8111.717,4974.617,771972.0,791503.174,846670.164,93.484,2436.025,,2436.025,59362.738,2886.451,,62249.189,78987.027,78.809,2023-12-01,2.797536802714028
ScheduledDomestic,SpiceJet,2024,1,4997,7553.633,4549.914,740084.0,723701.856,772698.542,93.659,2503.698,,2503.698,54277.639,2859.884,,57137.523,72811.723,78.473,2024-01-01,2.8179499486848636
ScheduledDomestic,SpiceJet,2024,2,4480,6809.15,4096.594,658810.0,656272.964,694712.824,94.467,3099.105,,3099.105,49220.472,3573.299,0.0,52793.771,64822.441,81.444,2024-02-01,2.604546770671952
ScheduledDomestic,SpiceJet,2024,3,4802,7391.583,4493.555,702476.0,709538.813,765060.11,92.743,3133.968,,3133.968,53215.411,3626.077,0.0,56841.488,72015.515,78.93,2024-03-01,2.627558188282179
ScheduledDomestic,SpiceJet,2024,4,4397,6795.667,4121.634,617484.0,629399.1,692788.557,90.85,2316.734,0.0,2316.734,47204.933,2773.652,0.0,49978.584,63549.329,78.645,2024-04-01,2.3389460401962174
ScheduledDomestic,SpiceJet,2024,5,4004,6028.033,3596.778,554464.0,549305.419,583603.901,94.123,2206.616,,2206.616,41197.906,2562.268,,43760.175,52936.166,82.666,2024-05-01,2.0096118236202316
ScheduledDomestic,SpiceJet,2024,6,3637,5548.817,3313.0,499538.0,499202.836,545609.619,91.495,2304.697,0.0,2304.697,37440.213,2681.986,0.0,40122.199,48787.058,82.239,2024-06-01,1.8913543323447797
ScheduledDomestic,SpiceJet,2024,7,3115,4610.1,2650.702,405360.0,380158.361,421080.553,90.282,1955.255,,1955.255,28511.877,2127.793,,30639.671,37332.985,82.071,2024-07-01,1.5607451194950295
ScheduledDomestic,SpiceJet,2024,8,2729,3877.55,2163.233,302378.0,268364.222,331279.974,81.008,1533.102,,1533.102,20127.317,1594.919,,21722.236,28971.21,74.979,2024-08-01,1.1514162345812664
ScheduledDomestic,SpiceJet,2024,9,2281,3276.95,1865.316,261053.0,237263.798,295276.268,80.353,1421.467,,1421.467,17794.785,1517.24,,19312.025,25768.344,74.945,2024-09-01,1.0019431447841678
ScheduledDomestic,SpiceJet,2024,10,3079,4405.2,2535.462,334601.0,314924.853,388614.408,81.038,1894.643,,1894.643,23619.364,2151.407,,25770.771,34091.035,75.594,2024-10-01,1.224999163444494
ScheduledDomestic,SpiceJet,2024,11,3579,5355.483,3151.588,442543.0,430506.165,489922.338,87.872,1937.053,0.0,1937.053,32287.962,2227.959,,34515.921,42973.505,80.319,2024-11-01,1.5527534714088846
ScheduledDomestic,SpiceJet,2024,12,3752,5828.583,3495.747,489394.0,494633.485,565677.548,87.441,2081.066,0.0,2081.066,37097.511,2447.742,0.0,39545.253,49686.077,79.59,2024-12-01,1.639362384057404
ScheduledDomestic,SpiceJet,2025,1,3607,5596.1,3323.999,465732.0,470566.164,540092.35,87.13,1762.465,0.0,1762.465,35292.462,2032.772,0.0,37325.234,47157.32,79.15,2025-01-01,1.5838652594303222
ScheduledDomestic,SpiceJet,2025,2,3407,5226.317,3039.18,453930.0,442261.689,484842.482,91.22,1488.003,0.0,1488.003,33169.627,1624.395,0.0,34794.022,42365.633,82.13,2025-02-01,1.607572195195026
ScheduledDomestic,SpiceJet,2025,3,3804,5854.05,3493.633,479518.0,484082.688,570766.843,84.81,2044.137,0.0,2044.137,36306.202,2332.409,0.0,38638.611,50128.929,77.08,2025-03-01,1.6487707543047636
ScheduledDomestic,SpiceJet,2025,4,3026,4792.9,2801.646,379010.0,388576.028,451948.856,85.98,1306.83,0.0,1306.83,29143.202,1425.896,0.0,30569.098,39649.338,77.1,2025-04-01,1.3238500203427417
ScheduledDomestic,SpiceJet,2025,5,2861,4707.75,2782.622,339663.0,370127.753,440434.472,84.04,1481.356,0.0,1481.356,27759.581,1715.666,0.0,29475.247,38749.753,76.07,2025-05-01,1.208350243304363
ScheduledDomestic,SpiceJet,2025,6,2370,3583.583,2021.779,260902.0,258226.397,302956.721,85.24,1105.722,0.0,1105.722,19366.98,1241.937,0.0,20608.917,26970.749,76.41,2025-06-01,0.9588945034486126
ScheduledDomestic,SpiceJet,2025,7,2298,3328.5,1838.084,246242.0,224286.004,266381.079,84.2,1079.255,0.0,1079.255,16821.45,1119.176,0.0,17940.626,23511.154,76.31,2025-07-01,0.976739012885996
ScheduledDomestic,SpiceJet,2025,8,2330,3453.833,1921.348,261610.0,247695.219,284601.799,87.03,1152.309,0.0,1152.309,18577.141,1264.455,0.0,19841.596,24879.767,79.75,2025-08-01,1.0101835428701877
ScheduledDomestic,SpiceJet,2025,9,2267,3349.667,1844.774,244777.0,227801.523,269154.841,84.64,1183.966,0.0,1183.966,17085.114,1254.828,0.0,18339.942,23659.806,77.52,2025-09-01,0.9679922736834563
ScheduledDomestic,SpiceJet,2025,10,2991,4624.567,2758.228,361639.0,368782.045,448375.248,82.25,1788.785,0.0,1788.785,27658.653,2086.051,0.0,29744.704,39514.171,75.28,2025-10-01,1.2889812400743823
ScheduledDomestic,SpiceJet,2025,11,3956,5951.05,3636.497,566943.0,558744.142,637117.534,87.7,2744.145,0.0,2744.145,41905.811,3113.597,0.0,45019.408,56950.11,79.05,2025-11-01,1.8604586599964323
ScheduledDomestic,SpiceJet,2025,12,4092,6265.4,3878.048,614339.0,606842.549,693901.455,87.45,3490.588,0.0,3490.588,45513.191,3888.56,0.0,49401.752,61393.45,80.47,2025-12-01,2.147065075322845
ScheduledDomestic,SpiceJet,2026,1,4028,6436.167,3971.184,591582.0,604598.193,703894.815,85.89,3104.824,0.0,3104.824,45344.864,3550.377,0.0,48895.241,62651.746,78.04,2026-01-01,1.9399708326545195
ScheduledDomestic,SpiceJet,2026,2,3691,5977.917,3725.872,554895.0,592014.487,665468.603,88.96,3461.148,0.0,3461.148,44401.087,4062.206,0.0,48463.293,59755.104,81.1,2026-02-01,1.972652371438182
ScheduledDomestic,SpiceJet,2026,3,3828,6105.95,3812.448,540882.0,568109.606,685778.001,82.84,3359.566,0.0,3359.566,42608.22,3848.551,0.0,46456.771,62057.317,74.86,2026-03-01,1.8820055630442392
ScheduledDomestic,SpiceJet,2026,4,3422,5526.083,3469.662,473750.0,505680.233,626333.379,80.74,2293.51,0.0,2293.51,37926.017,2645.147,0.0,40571.164,56835.17,71.38,2026-04-01,1.714644625017083
ScheduledDomestic,Star Air,2019,1,24,25.0,10.938,637.0,1780.278,3281.4,54.254,0.0,0.0,0.0,522.563,0.0,0.0,522.563,3281.4,15.925,2019-01-01,0.002554319386161363
ScheduledDomestic,Star Air,2019,2,100,104.0,45.496,2603.0,1194.397,2274.8,52.506,0.0,0.0,0.0,107.496,0.0,0.0,107.496,1000.901,10.74,2019-02-01,0.011495776770475488
ScheduledDomestic,Star Air,2019,3,154,161.2,70.486,4145.0,1906.451,3479.9,54.785,0.0,0.0,0.0,171.581,0.0,0.0,171.581,1531.156,11.206,2019-03-01,0.01793158845927293
ScheduledDomestic,Star Air,2019,4,148,158.0,67.775,3956.0,1790.961,3344.35,53.552,0.0,0.0,0.0,161.19,0.0,0.0,161.19,1471.51,10.954,2019-04-01,0.01803564967729135
ScheduledDomestic,Star Air,2019,5,184,201.0,96.476,5612.0,2998.187,4823.8,62.154,0.0,0.0,0.0,269.837,0.0,0.0,269.837,2412.41,11.185,2019-05-01,0.023091326195101625
ScheduledDomestic,Star Air,2019,6,202,245.0,113.912,5473.0,3179.253,5695.6,55.819,0.0,0.0,0.0,286.133,0.0,0.0,286.133,2506.064,11.418,2019-06-01,0.022824394786546243
ScheduledDomestic,Star Air,2019,7,194,210.0,110.745,4875.0,2818.623,5537.25,50.903,0.0,0.0,0.0,253.676,0.0,0.0,253.676,2436.39,10.412,2019-07-01,0.02054545117389333
ScheduledDomestic,Star Air,2019,8,168,201.0,95.738,4232.0,2540.052,4786.9,53.063,0.0,0.0,0.0,228.605,0.0,0.0,228.605,2106.236,10.854,2019-08-01,0.017998198819195673
ScheduledDomestic,Star Air,2019,9,183,219.0,100.361,4653.0,2560.528,5018.05,51.026,0.0,0.0,0.0,230.448,0.0,0.0,230.448,2207.942,10.437,2019-09-01,0.020251445216772287
ScheduledDomestic,Star Air,2019,10,209,208.0,113.481,6232.0,3376.393,5674.05,59.506,0.0,0.0,0.0,303.875,0.0,0.0,303.875,2496.582,12.172,2019-10-01,0.025374076260662445
ScheduledDomestic,Star Air,2019,11,235,208.0,159.147,8562.0,6001.917,7957.35,75.426,0.0,0.0,0.0,534.155,0.0,0.0,534.155,3501.234,15.256,2019-11-01,0.03315999406667707
ScheduledDomestic,Star Air,2019,12,263,320.0,173.599,10705.0,7136.5,8679.95,82.218,0.0,0.0,0.0,642.285,0.0,0.0,642.285,3819.178,16.817,2019-12-01,0.041235221573928955
ScheduledDomestic,Star Air,2020,1,278,349.0,190.671,10921.0,7601.703,9533.55,79.736,,,,684.153,,,684.153,4075.566,16.787,2020-01-01,0.0428355443785418
ScheduledDomestic,Star Air,2020,2,278,380.4,210.117,11622.0,8473.734,10505.85,80.657,,,,761.87,,,761.87,4384.182,17.378,2020-02-01,0.047124501212983526
ScheduledDomestic,Star Air,2020,3,253,330.0,210.117,8033.0,6421.409,9371.5,68.521,,,,577.927,,,577.927,4123.46,14.016,2020-03-01,0.05192203976505616
ScheduledDomestic,Star Air,2020,5,22,26.0,14.0,403.0,256.0,683.0,37.482,,,,23.0,,,23.0,301.0,7.641,2020-05-01,0.07237345420717844
ScheduledDomestic,Star Air,2020,6,217,248.0,129.0,5952.0,3645.7,6473.2,56.32,,,,328.0,,,328.0,2815.0,11.652,2020-06-01,0.15378132306195358
ScheduledDomestic,Star Air,2020,7,216,247.0,129.875,5651.0,3568.897,6493.75,54.959,,,,321.201,,,321.201,2823.59,11.376,2020-07-01,0.13724437294427916
ScheduledDomestic,Star Air,2020,8,230,274.0,145.087,7339.0,4761.059,7254.35,65.63,,,,394.698,,,394.698,2899.974,13.61,2020-08-01,0.12984104158734788
ScheduledDomestic,Star Air,2020,9,240,298.0,160.567,8463.0,5923.93,8028.35,73.788,,,,454.38,,,454.38,3030.786,14.992,2020-09-01,0.10740700974468276
ScheduledDomestic,Star Air,2020,10,246,309.0,168.706,8804.0,6226.743,8435.3,73.818,,,,472.788,,,472.788,3103.914,15.232,2020-10-01,0.08355008525828782
ScheduledDomestic,Star Air,2020,11,294,397.0,213.787,10653.0,8080.772,10689.35,75.596,,,,727.269,,,727.269,4703.314,15.463,2020-11-01,0.08397990158277636
ScheduledDomestic,Star Air,2020,12,341,468.0,245.065,12824.0,9357.493,12253.25,76.367,,,,842.174,,,842.174,5525.432,15.242,2020-12-01,0.08776271327489056
ScheduledDomestic,Star Air,2021,1,436,582.0,305.297,15518.0,11175.086,15264.85,73.208,,,,1005.758,,,1005.758,6716.534,14.974,2021-01-01,0.10071362724561274
ScheduledDomestic,Star Air,2021,2,455,599.0,318.268,17886.0,12827.262,15913.4,80.607,,,,1154.454,,,1154.454,7001.896,16.488,2021-02-01,0.11472381297157766
ScheduledDomestic,Star Air,2021,3,532,725.0,375.505,18746.0,13926.577,18775.25,74.175,,,,1253.392,,,1253.392,8261.11,15.172,2021-03-01,0.12036248717464697
ScheduledDomestic,Star Air,2021,4,453,634.0,334.041,12578.0,10226.53,16702.05,61.229,,,,920.388,,,920.388,8261.11,11.141,2021-04-01,0.11136030983274882
ScheduledDomestic,Star Air,2021,5,332,480.0,255.168,6847.0,5670.236,12758.4,44.443,,,,510.321,,,510.321,5613.696,9.091,2021-05-01,0.16803509619254609
ScheduledDomestic,Star Air,2021,6,379,533.0,286.244,12492.0,9940.339,14312.2,69.454,,,,894.631,,,894.631,6297.368,14.206,2021-06-01,0.20623097539062873
ScheduledDomestic,Star Air,2021,7,470,533.0,345.329,16469.0,12926.141,17266.45,74.863,,,,1168.54,,,1168.54,7597.238,15.381,2021-07-01,0.1681311743721088
ScheduledDomestic,Star Air,2021,8,517,712.05,379.337,18187.0,14272.447,18966.85,75.249,,,,1289.045,,,1289.045,8345.414,15.446,2021-08-01,0.1389581629497058
ScheduledDomestic,Star Air,2021,9,529,764.52,408.394,18158.0,14957.533,20419.7,73.251,,,,1346.178,,,1346.178,8984.668,14.983,2021-09-01,0.13173477533990008
ScheduledDomestic,Star Air,2021,10,513,736.17,393.375,19525.0,15732.7,19668.75,79.988,,,,1415.943,,,1415.943,8654.25,16.361,2021-10-01,0.11113775001867
ScheduledDomestic,Star Air,2021,11,525,736.17,398.59,20541.0,16253.448,19929.5,81.555,,,,1462.81,,,1462.81,8768.98,16.682,2021-11-01,0.09808299575771108
ScheduledDomestic,Star Air,2021,12,537,775.22,414.068,21315.0,17030.776,20703.4,82.261,,,,1532.77,,,1532.77,9109.496,16.826,2021-12-01,0.09553087603628478
ScheduledDomestic,Star Air,2022,1,479,616.19,372.011,14884.0,12659.423,18600.55,68.059,,,,1139.348,,,1139.348,8184.242,13.921,2022-01-01,0.11608935791915208
ScheduledDomestic,Star Air,2022,2,473,686.7,368.329,17500.0,14287.429,18416.45,77.58,,,,1285.869,,,1285.869,8103.238,15.869,2022-02-01,0.11369935603283586
ScheduledDomestic,Star Air,2022,3,539,789.41,422.955,21137.0,16978.773,21147.75,80.286,,,,1528.09,,,1528.09,9305.01,16.422,2022-03-01,0.09951842067745786
ScheduledDomestic,Star Air,2022,4,519,753.96,403.035,20599.0,16512.86,20151.75,81.943,,,,1486.157,,,1486.157,9617.85,15.452,2022-04-01,0.0976340324395815
ScheduledDomestic,Star Air,2022,5,527,759.0,406.0,21355.0,16920.0,20285.0,83.411,,,,1523.0,,,1523.0,9427.0,16.156,2022-05-01,0.09308724648491572
ScheduledDomestic,Star Air,2022,6,534,761.28,399.023,21087.0,16327.238,19951.15,81.836,,,,1469.451,,,1469.451,8778.506,16.739,2022-06-01,0.10028029214297467
ScheduledDomestic,Star Air,2022,7,529,744.24,387.72,19610.0,15090.376,19386.0,77.842,,,,1358.134,,,1358.134,8529.84,15.922,2022-07-01,0.10103108377656149
ScheduledDomestic,Star Air,2022,8,510,713.4,372.171,19438.0,14754.313,18608.55,79.288,,,,1327.888,,,1327.888,8187.762,16.218,2022-08-01,0.09607800280335425
ScheduledDomestic,Star Air,2022,9,463,650.94,339.223,17649.0,13429.018,16961.15,79.175,,,,1208.612,,,1208.612,7462.906,16.195,2022-09-01,0.08528696655295394
ScheduledDomestic,Star Air,2022,10,459,646.4,334.68,17439.0,13293.098,16734.0,79.438,,,,1196.379,0.0,0.0,1196.379,7362.96,16.249,2022-10-01,0.076480287610439
ScheduledDomestic,Star Air,2022,11,496,697.52,360.93,19802.0,14686.961,18046.5,81.384,,,,1321.826,,,1321.826,7940.46,16.647,2022-11-01,0.08477912815100326
ScheduledDomestic,Star Air,2022,12,500,691.02,351.076,20171.0,14540.154,17553.8,82.832,,,,1338.461,,,1338.461,7723.672,17.329,2022-12-01,0.07919230833859554
ScheduledDomestic,Star Air,2023,1,421,570.92,288.464,16278.0,11425.175,14423.2,79.214,,,,1028.266,,,1028.266,6346.208,16.203,2023-01-01,0.06484727784847584
ScheduledDomestic,Star Air,2023,2,390,516.22,256.55,14948.0,10067.511,12827.5,78.484,,,,906.076,,,906.076,5644.1,16.054,2023-02-01,0.06193047413520233
ScheduledDomestic,Star Air,2023,3,502,667.83,334.229,18252.0,12385.662,16711.45,74.115,,,,1114.71,,,1114.71,7353.038,15.16,2023-03-01,0.07078151369284127
ScheduledDomestic,Star Air,2023,4,504,677.74,341.861,18907.0,12857.126,17093.05,75.218,,,,1157.141,,,1157.141,7520.942,15.386,2023-04-01,0.07334884597867386
ScheduledDomestic,Star Air,2023,5,587,795.0,394.0,25597.0,17772.0,21881.0,81.221,,,,1271.0,,,1271.0,8678.0,14.646,2023-05-01,0.09685427368867781
ScheduledDomestic,Star Air,2023,6,639,895.0,652.46,24554.0,16919.648,23468.149,72.096,,,,1522.768,,,1522.768,9401.502,16.197,2023-06-01,0.09832139266722785
ScheduledDomestic,Star Air,2023,7,718,1011.0,19219.424,28405.0,19496.293,27522.63,70.837,,,,1754.666,,,1754.666,10587.522,16.573,2023-07-01,0.11737574204361476
ScheduledDomestic,Star Air,2023,8,743,1040.0,486.322,31538.0,21696.698,28193.818,76.956,,,,1952.703,,,1952.703,28193.818,6.926,2023-08-01,0.12693725416422055
ScheduledDomestic,Star Air,2023,9,667,941.0,451.015,25965.0,18810.917,25766.664,73.005,,,,1692.983,,,1692.983,25766.664,6.57,2023-09-01,0.10600945621497125
ScheduledDomestic,Star Air,2023,10,818,1150.0,527.0,35635.0,23643.842,31235.65,75.695,,,,2127.948,,,2127.948,31864.862,6.678,2023-10-01,0.14099757674881705
ScheduledDomestic,Star Air,2023,11,887,1233.0,558.03,41018.0,26776.415,34069.376,78.594,,,,2381.764,,,2381.764,33619.576,7.084,2023-11-01,0.16103938362645082
ScheduledDomestic,Star Air,2023,12,969,1312.833,592.579,48813.0,30469.666,36665.122,83.103,,,,2742.27,,,2742.27,36665.122,7.479,2023-12-01,0.17689263852948015
ScheduledDomestic,Star Air,2024,1,1009,1340.75,614.297,46974.0,29271.58,38275.728,76.476,,,,2634.442,,,2634.442,35195.593,7.485,2024-01-01,0.17885859022695097
ScheduledDomestic,Star Air,2024,2,988,1394.083,604.859,47163.0,29669.571,38664.324,76.736,,,,2670.261,,,2670.261,35251.992,7.575,2024-02-01,0.18645472798713023
ScheduledDomestic,Star Air,2024,3,1066,1523.75,655.751,43270.0,27502.298,41939.212,65.577,,,,2475.207,,,2475.207,35860.304,6.902,2024-03-01,0.1618481525446704
ScheduledDomestic,Star Air,2024,4,1171,1621.833,749.12,52819.0,34429.715,46250.89,74.441,,,,3098.674,,,3098.674,4162.58,74.441,2024-04-01,0.20007124216518002
ScheduledDomestic,Star Air,2024,5,1252,1751.417,792.464,57676.0,37329.769,49561.81,75.32,,,,3359.679,,,3359.679,4460.563,75.32,2024-05-01,0.20904219487490705
ScheduledDomestic,Star Air,2024,6,1323,1824.333,836.421,58670.0,37953.997,53089.97,71.49,,,,3415.86,,,3415.86,4778.097,71.49,2024-06-01,0.22213677173441906
ScheduledDomestic,Star Air,2024,7,1228,1719.417,745.994,52432.0,32345.331,46702.033,69.259,,,,2911.08,,,2911.08,4203.183,69.259,2024-07-01,0.20187731425242594
ScheduledDomestic,Star Air,2024,8,1119,1592.41,699.94,51412.0,32197.531,43765.562,73.568,,,,2897.778,,,2897.778,3938.901,73.568,2024-08-01,0.1957702327956798
ScheduledDomestic,Star Air,2024,9,1108,1584.917,703.505,47677.0,30294.262,45709.436,66.276,,,,2726.484,,,2726.484,4113.849,66.276,2024-09-01,0.18298829476724943
ScheduledDomestic,Star Air,2024,10,1237,1799.917,770.248,56524.0,35784.091,49829.732,71.813,,,,3220.568,,,3220.568,4484.676,71.813,2024-10-01,0.20693857075901323
ScheduledDomestic,Star Air,2024,11,1159,1554.583,674.448,56913.0,34157.0,46505.0,73.448,0.0,0.0,0.0,3073.83,,,3073.83,4185.217,73.445,2024-11-01,0.19969100927659877
ScheduledDomestic,Star Air,2024,12,1108,1463.417,613.539,59861.0,33877.0,43249.0,78.33,,,,3049.033,,,3049.033,3892.074,78.34,2024-12-01,0.20052119901768362
ScheduledDomestic,Star Air,2025,1,1165,1569.0,663.122,62994.0,36718.377,46102.956,79.64,0.0,0.0,0.0,3302.0,0.0,0.0,3302.0,4149.266,79.58,2025-01-01,0.21423051916671762
ScheduledDomestic,Star Air,2025,2,1071,1460.083,610.873,59935.0,35512.0,42742.0,83.08,0.0,0.0,0.0,3195.0,0.0,0.0,3195.0,3849.0,83.01,2025-02-01,0.2122570429780228
ScheduledDomestic,Star Air,2025,3,1179,1608.583,686.451,60714.0,35061.0,47535.0,73.76,0.0,0.0,0.0,3263.0,0.0,0.0,3263.0,4277.0,76.29,2025-03-01,0.2087585191314182
ScheduledDomestic,Star Air,2025,4,1157,1712.167,668.273,61565.0,36459.128,45745.112,79.7,0.0,0.0,0.0,3281.322,0.0,0.0,3281.322,4117.06,79.7,2025-04-01,0.21504136171183053
ScheduledDomestic,Star Air,2025,5,1377,1827.25,773.663,75428.0,42870.0,57099.0,75.08,0.0,0.0,0.0,3858.317,0.0,0.0,3858.317,5138.539,75.09,2025-05-01,0.26833491475951604
ScheduledDomestic,Star Air,2025,6,1303,1736.0,734.299,62766.0,37063.691,53085.728,69.82,0.0,0.0,0.0,3335.732,0.0,0.0,3335.732,4777.716,69.82,2025-06-01,0.23068421247616197
ScheduledDomestic,Star Air,2025,7,1305,1732.55,743.305,63745.0,37312.742,53400.5,69.87,0.0,0.0,0.0,3358.146,0.0,0.0,3358.146,4806.045,69.87,2025-07-01,0.2528497509621341
ScheduledDomestic,Star Air,2025,8,1248,1601.0,675.991,62011.0,34944.0,48230.0,72.45,0.0,0.0,0.0,3145.001,0.0,0.0,3145.001,4340.663,72.45,2025-08-01,0.23944991275915758
ScheduledDomestic,Star Air,2025,9,1380,1738.333,737.292,64920.0,36439.408,55855.536,65.24,0.0,0.0,0.0,3279.547,0.0,0.0,3279.547,5026.998,65.24,2025-09-01,0.2567318759831601
ScheduledDomestic,Star Air,2025,10,1414,1825.667,784.078,76855.0,45384.747,60934.608,74.48,0.0,0.0,0.0,4084.627,0.0,0.0,4084.627,5484.115,74.48,2025-10-01,0.2739324387190448
ScheduledDomestic,Star Air,2025,11,1658,2109.083,886.88,85896.0,50264.272,68982.464,72.87,0.0,0.0,0.0,4523.784,0.0,0.0,4523.784,6208.422,72.87,2025-11-01,0.2818730578895119
ScheduledDomestic,Star Air,2025,12,1698,2121.25,905.0,103743.0,59525.0,74494.0,79.91,0.0,0.0,0.0,5365.0,0.0,0.0,5365.0,6705.0,80.01,2025-12-01,0.362573387183978
ScheduledDomestic,Star Air,2026,1,1618,2063.667,879.76,97198.0,56163.341,72264.064,77.72,0.0,0.0,0.0,5054.701,0.0,0.0,5054.701,6503.766,77.72,2026-01-01,0.31874074091563637
ScheduledDomestic,Star Air,2026,2,1250,1599.167,702.475,77261.0,46840.264,59249.008,79.06,0.0,0.0,0.0,4215.624,0.0,0.0,4215.624,5332.411,79.06,2026-02-01,0.2746629450070471
ScheduledDomestic,Star Air,2026,3,1477,1901.0,811.122,78549.0,47210.0,67759.0,69.67,0.0,0.0,0.0,4249.0,0.0,0.0,4249.0,6096.0,69.7,2026-03-01,0.2733122103740963
ScheduledDomestic,Star Air,2026,4,1444,1819.0,764.785,77772.0,46113.224,63814.864,72.26,0.0,0.0,0.0,4150.19,0.0,0.0,4150.19,5743.338,72.26,2026-04-01,0.2814804048059706
ScheduledDomestic,Total Domestic,2015,1,50563,83076.77,45694.381,6216341.0,5918413.627,7078492.835,83.611,35619.47,2584.0,38203.47,518293.547,41236.878,2570.02,562100.445,736657.136,76.304,2015-01-01,50.0
ScheduledDomestic,Total Domestic,2015,2,46913,77742.71,42385.352,5988695.0,5662817.771,6541703.667,86.565,35402.4,2661.0,38063.4,496089.399,40877.087,2719.01,539685.496,679197.244,79.459,2015-02-01,50.0
ScheduledDomestic,Total Domestic,2015,3,53254,88517.43,48165.891,6250856.0,5866034.694,7445983.82,78.781,36406.1,2698.0,39104.1,512246.992,42007.264,2789.02,557043.276,771037.213,72.246,2015-03-01,50.0
ScheduledDomestic,Total Domestic,2015,4,53256,88373.59,48021.0,6538477.0,6203034.851,7436234.343,83.416,35202.8,3826.0,39028.8,540764.953,40574.206,4305.02,585644.179,767892.561,76.266,2015-04-01,50.0
ScheduledDomestic,Total Domestic,2015,5,56190,91562.63,50467.576,7097141.0,6807929.775,7829387.744,86.954,39544.4,2781.0,42325.4,592576.145,46518.381,2825.02,641919.546,811030.74,79.149,2015-05-01,50.0
ScheduledDomestic,Total Domestic,2015,6,54710,91413.55,47452.134,6568843.0,6280207.833,7626840.334,82.344,36764.692,2948.0,39712.692,546580.775,42854.516,3061.01,592496.302,788141.672,75.176,2015-06-01,50.0
ScheduledDomestic,Total Domestic,2015,7,57078,95562.85,51375.6,6747792.0,6372872.705,7947282.88,80.189,39968.79,2717.439,42686.229,554366.532,47048.307,2790.02,604204.859,847199.591,71.318,2015-07-01,50.0
ScheduledDomestic,Total Domestic,2015,8,57561,95132.48,51733.756,6735367.0,6335025.881,8020098.189,78.989,39438.49,2609.385,42047.875,551476.876,46308.753,2646.0,600431.629,858084.543,69.973,2015-08-01,50.0
ScheduledDomestic,Total Domestic,2015,9,56510,92384.81,50535.547,6637323.0,6232045.801,7856778.92,79.321,39080.19,2375.0,41455.19,543339.439,45654.362,2423.0,591416.801,837682.293,70.602,2015-09-01,50.0
ScheduledDomestic,Total Domestic,2015,10,59137,97315.67,52668.747,7008489.0,6678597.0,8295454.0,80.509,42642.231,2536.0,45178.231,581115.294,49370.323,2565.0,633050.617,882860.643,71.704,2015-10-01,50.0
ScheduledDomestic,Total Domestic,2015,11,59057,97334.73,51821.244,7289547.0,6954948.941,8353212.637,83.261,37611.022,2555.91,40166.932,603940.83,43177.531,2609.01,649727.371,887690.877,73.193,2015-11-01,50.0
ScheduledDomestic,Total Domestic,2015,12,58821,97684.9,52130.375,7674872.0,7331974.138,8430149.927,86.973,39213.76,2541.0,41754.76,636397.92,45461.877,2557.02,684416.817,897349.106,76.271,2015-12-01,50.0
ScheduledDomestic,Total Domestic,2016,1,60969,101540.73,53930.956,7620879.0,7270990.743,8629425.822,84.258,49179.02,2656.076,51835.096,630077.543,8950903.947,2748.01,9583729.5,14032225.5,68.298,2016-01-01,50.0
ScheduledDomestic,Total Domestic,2016,2,58590,97464.566,52415.85,7443543.0,7043336.554,8301185.709,84.847,48016.342,2537.08,50553.422,611126.425,10608299.075,2638.02,11222063.52,16302899.409,68.835,2016-02-01,50.0
ScheduledDomestic,Total Domestic,2016,3,63444,105991.29,56227.491,7835402.0,7454918.115,9001984.711,82.814,48360.98,2688.06,51049.04,645399.349,10813371.454,2743.08,11461513.883,17087852.953,67.074,2016-03-01,50.0
ScheduledDomestic,Total Domestic,2016,4,63017,104680.697,55792.901,7896940.0,7530391.951,8961422.877,84.031,45899.36,2590.06,48489.42,653894.725,9813963.504,2577.01,10470435.239,16338431.083,64.085,2016-04-01,50.0
ScheduledDomestic,Total Domestic,2016,5,66878,111832.976,59250.207,8623381.0,8231315.375,9523014.887,86.436,49454.244,2663.06,52117.304,714792.829,10744376.843,2649.01,11461818.682,17105924.76,67.005,2016-05-01,50.0
ScheduledDomestic,Total Domestic,2016,6,65144,109407.942,57873.488,7933791.0,7567262.794,9342122.412,81.002,49327.34,2893.0,52220.34,656782.099,10772869.711,2886.0,11432537.81,17081934.478,66.928,2016-06-01,50.0
ScheduledDomestic,Total Domestic,2016,7,66859,112375.664,59142.466,8475231.0,8041828.018,9558741.97,84.131,49877.45,3280.0,53157.45,699278.046,10626472.684,3530.0,11329280.73,17007907.34,66.612,2016-07-01,50.0
ScheduledDomestic,Total Domestic,2016,8,66620,111550.706,59024.619,8349518.0,7837666.769,9530347.514,82.239,49825.65,3342.0,53167.65,676468.418,11531962.193,3405.0,12211835.611,18285522.83,66.784,2016-08-01,50.0
ScheduledDomestic,Total Domestic,2016,9,65251,108061.493,57828.856,8198645.0,7714374.897,9347550.224,82.528,52587.72,3155.06,55742.78,670212.893,11547505.764,3257.09,12220975.747,17561114.242,69.591,2016-09-01,50.0
ScheduledDomestic,Total Domestic,2016,10,70121,116108.409,62374.938,8640189.0,8182443.924,10090029.19,81.094,57617.92,3213.06,60830.98,710288.402,13144083.018,3221.09,13857592.51,21557267.832,64.283,2016-10-01,50.0
ScheduledDomestic,Total Domestic,2016,11,69012,116256.829,61756.524,8941496.0,8496468.113,10056849.79,84.484,46445.77,2734.06,49179.83,737468.541,10435171.123,2751.09,11175390.754,16570665.022,67.441,2016-11-01,50.0
ScheduledDomestic,Total Domestic,2016,12,70274,118384.776,63094.635,9516243.0,9078808.37,10236945.08,88.687,50507.22,2327.06,52834.28,790976.578,11502345.689,2353.695,12295675.962,17926162.274,68.591,2016-12-01,50.0
ScheduledDomestic,Total Domestic,2017,1,70749,120523.478,63579.148,9548612.0,9184893.23,10406549.36,88.261,48824.16,3270.0,52094.16,795626.373,10832198.401,3266.032,11631090.806,17246089.338,67.442,2017-01-01,50.761439238044574
ScheduledDomestic,Total Domestic,2017,2,64556,109411.313,57856.886,8616856.0,8227608.062,9439258.25,87.164,46644.92,3261.0,49905.92,713118.384,9805596.61,3214.0,10521928.994,15934864.623,66.031,2017-02-01,50.70027206913756
ScheduledDomestic,Total Domestic,2017,3,71713,120620.829,63773.894,9007696.0,8548137.373,10452015.6,81.785,54709.76,3271.0,57980.76,738475.05,10942055.11,3255.0,11683785.16,17017661.239,68.657,2017-03-01,50.797470507373774
ScheduledDomestic,Total Domestic,2017,4,69474,117314.779,61814.472,9100687.0,8688833.638,10155279.19,85.56,50135.11,2780.0,52915.11,751794.0,9868041.8,2829.0,10622664.8,15943931.77,66.625,2017-04-01,50.83288136445262
ScheduledDomestic,Total Domestic,2017,5,74578,125749.143,66479.532,10140073.0,9716981.73,10934374.14,88.866,54771.83,2886.0,57657.83,840004.07,10977512.44,3013.0,11820529.51,16997962.88,69.541,2017-05-01,50.8325423181628
ScheduledDomestic,Total Domestic,2017,6,72739,122744.693,64788.538,9536983.0,9143756.305,10640306.35,85.935,55246.67,2941.0,58187.67,790524.54,11157191.59,3001.0,11950717.13,16853609.9,70.909,2017-06-01,50.93663870353979
ScheduledDomestic,Total Domestic,2017,7,74715,126025.309,66454.071,9533226.0,8995059.57,10812394.44,83.192,55356.07,3103.0,58459.07,777248.0,10886224.32,3169.0,11666641.32,16550099.271,70.493,2017-07-01,50.914720852360475
ScheduledDomestic,Total Domestic,2017,8,74902,125519.67,66855.056,9663380.0,9092204.22,10884014.64,83.537,56354.81,3024.457,59379.267,784035.92,11112539.45,3061.0,11899636.37,16926861.93,70.3,2017-08-01,51.09950569795515
ScheduledDomestic,Total Domestic,2017,9,73772,123288.15,66205.652,9550493.0,9066246.79,10732175.99,84.477,60811.752,3138.0,63949.752,791605.743,12356407.92,3235.0,13151248.663,18598501.485,70.711,2017-09-01,51.05409776456605
ScheduledDomestic,Total Domestic,2017,10,79543,133994.761,71632.46,10418436.0,9894070.789,11664218.84,84.824,57655.01,2912.861,60567.871,862977.33,11173977.73,2947.01,12039902.07,17380180.748,69.274,2017-10-01,51.10786300173184
ScheduledDomestic,Total Domestic,2017,11,75944,129225.742,68276.331,10453411.0,9887558.754,11084914.97,89.198,53769.76,3045.46,56815.22,863146.405,11110669.28,3073.0,11976888.685,17325290.98,69.13,2017-11-01,51.06717803161038
ScheduledDomestic,Total Domestic,2017,12,81306,138668.566,73234.656,11206075.0,10671932.45,11924628.408,89.495,55690.95,3330.823,59021.772,932200.177,11163602.78,3386.0,12099188.957,17058890.168,70.926,2017-12-01,51.124750673842144
ScheduledDomestic,Total Domestic,2018,1,83188,142439.465,74726.02,11448112.0,10825347.397,12154547.72,89.064,51874.126,3326.18,55200.306,950024.513,58660.828,3406.35,1012091.691,1324380.703,76.42,2018-01-01,50.0
ScheduledDomestic,Total Domestic,2018,2,76683,133431.639,68858.34,10720207.0,10139537.764,11144356.73,90.984,50896.616,3013.292,53909.908,886627.992,58177.008,3056.7,947861.7,1210114.2,78.328,2018-02-01,50.0
ScheduledDomestic,Total Domestic,2018,3,85495,146985.873,76830.32,11544833.0,10920177.484,12409988.994,87.995,57453.634,3012.368,60466.001,954137.48,65322.281,3052.3,1022512.061,1347602.837,75.876,2018-03-01,50.0
ScheduledDomestic,Total Domestic,2018,4,83695,145279.463,75328.559,11475498.0,10905934.266,12187071.814,89.488,55367.758,2914.895,58282.653,952352.949,63275.787,2968.46,1018597.196,1330126.954,76.579,2018-04-01,50.0
ScheduledDomestic,Total Domestic,2018,5,88321,154401.316,79654.871,11818634.0,11267295.49,12830892.273,87.814,61818.9,3065.836,64884.736,988072.718,71487.342,3145.0,1062705.06,1416827.184,75.006,2018-05-01,50.0
ScheduledDomestic,Total Domestic,2018,6,86062,155578.77,77744.982,11288337.0,10841706.531,12705768.153,85.329,62701.97,3172.237,65874.207,960240.503,71594.311,3172.7,1035007.514,1392348.029,74.335,2018-06-01,50.0
ScheduledDomestic,Total Domestic,2018,7,86694,155962.539,78703.357,11658023.0,11060615.778,12769860.014,86.615,64481.72,3500.812,67982.532,977368.421,74082.648,3627.553,1055078.622,1403474.591,75.176,2018-07-01,50.0
ScheduledDomestic,Total Domestic,2018,8,87903,151850.736,79614.934,11319216.0,10805587.347,12954826.768,83.41,63029.832,3447.855,66477.686,958064.018,72533.436,3597.75,1034195.204,1448910.444,71.377,2018-08-01,50.0
ScheduledDomestic,Total Domestic,2018,9,87353,154580.703,79710.592,11363706.0,10812669.802,12877618.255,83.965,63831.89,3143.897,66975.786,964006.389,73582.925,3262.913,1040852.226,1441768.097,72.193,2018-09-01,50.0
ScheduledDomestic,Total Domestic,2018,10,92661,161629.501,84296.276,11805382.0,11386615.685,13717681.753,83.007,67357.315,3259.283,70616.598,1004563.225,75290.961,3340.994,1083195.18,1517816.585,71.365,2018-10-01,50.0
ScheduledDomestic,Total Domestic,2018,11,89032,150652.429,81691.725,11606526.0,11190323.201,13299462.92,84.141,55978.358,3307.291,59285.65,990750.797,62451.178,3373.564,1056575.539,1466408.956,72.052,2018-11-01,50.0
ScheduledDomestic,Total Domestic,2018,12,93259,161978.746,85030.173,12649810.0,12242201.326,13992280.197,87.493,58473.772,3678.604,62152.377,1068218.601,65400.009,3663.877,1137282.487,1535056.947,74.087,2018-12-01,50.0
ScheduledDomestic,Total Domestic,2019,1,92783,160917.985,86032.053,12469075.0,12148303.733,14137706.812,85.928,55841.557,3681.078,59522.635,1058423.494,62854.57,3703.424,1124981.488,1537297.295,73.179,2019-01-01,50.0
ScheduledDomestic,Total Domestic,2019,2,81139,140023.118,74971.534,11321549.0,10972362.789,12312813.032,89.113,52269.464,3152.929,55422.393,957124.649,59156.08,3099.828,1019380.557,1338844.955,76.139,2019-02-01,50.0
ScheduledDomestic,Total Domestic,2019,3,85931,145050.633,79384.642,11557816.0,11247421.449,12997825.146,86.533,60422.89,3044.314,63467.205,984153.146,66393.907,2930.991,1053478.044,1420363.503,74.17,2019-03-01,50.0
ScheduledDomestic,Total Domestic,2019,4,81266,136682.409,74866.137,10967168.0,10680724.081,12208063.853,87.489,55830.089,2395.892,58225.982,945195.594,61384.595,2420.104,1009000.293,1333076.696,75.69,2019-04-01,50.0
ScheduledDomestic,Total Domestic,2019,5,87461,146507.009,80898.739,12151749.0,11838529.314,13170834.485,89.884,62405.492,2459.381,64864.873,917378.447,60977.012,2419.849,980775.308,1440425.662,68.089,2019-05-01,50.0
ScheduledDomestic,Total Domestic,2019,6,86456,144405.883,80329.87,11989365.0,11705283.461,13101177.639,89.345,59910.791,2221.98,62132.771,897556.645,57366.78,2180.949,957104.374,1433070.304,66.787,2019-06-01,50.0
ScheduledDomestic,Total Domestic,2019,7,88200,147856.737,81138.376,11863940.0,11405957.149,13214569.811,86.313,62784.364,2439.878,65224.242,873575.278,59299.817,2455.645,935330.74,1446463.861,64.663,2019-07-01,50.0
ScheduledDomestic,Total Domestic,2019,8,88215,149885.1,81376.636,11756732.0,11291303.497,13266357.263,85.112,62890.171,2255.076,65145.247,864039.803,58850.347,2230.24,925120.39,1469330.907,62.962,2019-08-01,50.0
ScheduledDomestic,Total Domestic,2019,9,86221,143535.897,79070.423,11488069.0,11024517.007,12893995.178,85.501,62158.175,1976.081,64134.256,851466.921,58620.724,1946.483,912034.128,1413605.323,64.518,2019-09-01,50.0
ScheduledDomestic,Total Domestic,2019,10,93950,160082.617,86307.415,12280250.0,11871150.641,14206944.505,83.559,65992.625,1933.808,67926.433,932733.463,60649.455,1856.964,995239.882,1901058.547,52.352,2019-10-01,50.0
ScheduledDomestic,Total Domestic,2019,11,92388,157833.317,85169.619,12910135.0,12506421.33,13964081.045,89.561,58258.117,2315.743,60573.86,950807.611,54005.962,2273.77,1007087.343,1615926.266,62.323,2019-11-01,50.0
ScheduledDomestic,Total Domestic,2019,12,94910,163616.02,87198.168,12980408.0,12597794.208,14329674.653,87.914,56773.562,2379.792,59153.354,983424.662,49776.347,2367.27,1035568.278,1963198.032,52.749,2019-12-01,50.0
ScheduledDomestic,Total Domestic,2020,1,95487,167217.917,87578.654,12747591.0,12342405.013,14358228.317,85.961,58354.216,2610.165,60964.382,1103675.247,64658.498,2609.385,1170943.13,1879823.067,62.29,2020-01-01,50.0
ScheduledDomestic,Total Domestic,2020,2,90959,158679.22,82551.621,12331165.0,11864098.131,13521335.062,87.744,56128.236,2533.718,58661.953,1061376.568,62661.626,2526.289,1126564.484,1732838.242,65.013,2020-02-01,50.0
ScheduledDomestic,Total Domestic,2020,3,69310,119352.597,63148.053,7735665.0,7554543.337,10335611.312,73.092,42008.997,438.36,42447.357,672529.592,45388.183,417.645,718335.421,1294166.806,55.506,2020-03-01,50.00018744418687
ScheduledDomestic,Total Domestic,2020,4,188,261.25,202.0,,,,,3341.01,,3341.01,,3874.0,,3874.0,6264.0,61.845,2020-04-01,
ScheduledDomestic,Total Domestic,2020,5,3813,6210.657,3514.592,278417.0,276192.786,543695.401,50.799,11358.149,215.929,11574.078,24009.969,9347.74,189.603,33547.311,70086.66,47.865,2020-05-01,50.0
ScheduledDomestic,Total Domestic,2020,6,22367,36004.4,20230.694,1979472.0,1999995.136,3362585.384,59.478,29829.399,1569.718,31399.117,174106.001,29861.464,1404.1,205371.565,385235.215,53.311,2020-06-01,51.14345146574115
ScheduledDomestic,Total Domestic,2020,7,24770,39807.35,22909.716,2102854.0,2084440.595,3596291.372,57.961,30812.518,1916.173,32728.691,181871.14,33967.243,1698.04,217536.423,411759.266,52.831,2020-07-01,51.07147029257993
ScheduledDomestic,Total Domestic,2020,8,28834,48992.913,26999.941,2826148.0,2818761.814,4290205.499,65.702,33729.967,2087.529,35817.496,246516.918,34933.957,1788.738,283239.614,357243.751,79.285,2020-08-01,50.0
ScheduledDomestic,Total Domestic,2020,9,39628,69573.957,38357.758,3939687.0,4004630.932,6224370.913,64.338,42863.574,2476.152,45339.726,350834.38,49544.763,2071.929,402451.072,671363.986,59.945,2020-09-01,50.0
ScheduledDomestic,Total Domestic,2020,10,49150,86314.683,48124.801,5268696.0,5262536.299,7867784.854,66.887,48879.64,2736.956,51616.596,461228.149,56957.853,2400.046,520586.048,830007.552,62.721,2020-10-01,50.0
ScheduledDomestic,Total Domestic,2020,11,54132,95387.203,52151.589,6342589.0,6310968.174,8687053.394,72.648,46080.014,2522.576,48602.59,555671.574,53283.456,2328.341,611283.37,944701.446,64.707,2020-11-01,50.0
ScheduledDomestic,Total Domestic,2020,12,64002,113831.063,61151.401,7306064.0,7220783.461,10272902.886,70.29,49273.038,3105.901,52378.939,630370.721,56822.05,2975.483,690168.253,1085015.774,63.609,2020-12-01,50.0
ScheduledDomestic,Total Domestic,2021,1,67877,120426.3,64665.562,7704022.0,7568902.449,10933587.318,69.226,46811.353,2381.194,49192.546,657349.64,53987.961,2233.882,713571.483,1148854.716,62.112,2021-01-01,50.0
ScheduledDomestic,Total Domestic,2021,2,64327,113903.507,60788.152,7795243.0,7658045.604,10231200.894,74.85,47951.695,2313.265,50264.96,669831.396,54914.036,2113.819,726859.251,1079400.046,67.339,2021-02-01,50.0
ScheduledDomestic,Total Domestic,2021,3,71458,125840.273,67593.197,7787310.0,7724907.285,11340569.399,68.117,53030.133,2313.0,55343.133,671541.672,60337.929,2246.339,734125.94,1198563.855,61.25,2021-03-01,50.0
ScheduledDomestic,Total Domestic,2021,4,59967,104910.096,57652.871,5647434.0,5728118.78,9575037.095,59.823,47905.847,1901.924,49807.771,498046.387,54427.01,1857.051,554330.448,1018396.959,54.432,2021-04-01,50.0
ScheduledDomestic,Total Domestic,2021,5,27725,47577.02,27134.613,2037372.0,2048225.883,4155486.132,49.29,34618.054,1282.069,35900.123,179235.641,39437.53,1230.479,219903.65,450263.431,48.839,2021-05-01,50.0
ScheduledDomestic,Total Domestic,2021,6,31693,54456.777,30298.538,3028643.0,2923512.618,4658811.882,62.752,38829.374,1588.864,40418.237,256137.739,45727.903,1536.731,303402.372,504022.19,60.196,2021-06-01,50.0
ScheduledDomestic,Total Domestic,2021,7,47692,80539.23,44342.445,4897664.0,4702876.165,7075920.8,66.463,45700.886,1998.186,47699.071,411759.672,53474.879,2020.448,467254.999,783759.867,59.617,2021-07-01,50.0
ScheduledDomestic,Total Domestic,2021,8,58101,98409.27,54053.972,6544056.0,6263456.73,8700658.33,71.988,50342.358,2074.486,52416.844,543359.863,61081.972,2101.897,606543.732,963323.738,62.964,2021-08-01,50.0
ScheduledDomestic,Total Domestic,2021,9,61514,104485.037,56781.246,6891878.0,6577718.636,9095916.092,72.315,52296.968,2075.319,54372.287,570017.422,62791.902,2203.523,635012.847,1006034.709,63.12,2021-09-01,50.0
ScheduledDomestic,Total Domestic,2021,10,72491,117610.847,67690.728,8784144.0,8513938.104,11031288.355,77.18,56495.972,1864.644,58360.616,743977.106,68981.996,2047.276,815006.377,1210735.403,67.315,2021-10-01,50.0
ScheduledDomestic,Total Domestic,2021,11,81620,133035.36,76810.933,10471234.0,10165303.98,12698682.192,80.05,49394.563,2209.286,51603.85,889520.276,60025.808,2465.449,952011.533,1624858.944,58.59,2021-11-01,50.0
ScheduledDomestic,Total Domestic,2021,12,87258,152340.797,82148.041,11156079.0,10816546.432,13602345.165,79.52,55523.452,2398.583,57922.034,943982.367,67329.577,2640.573,1013952.517,1485802.358,68.243,2021-12-01,50.0
ScheduledDomestic,Total Domestic,2022,1,63541,107344.69,59516.357,6410579.0,6257032.427,9572230.255,65.367,47907.635,2397.906,50305.541,542295.784,56757.278,2548.543,601601.605,1049350.859,57.331,2022-01-01,50.0
ScheduledDomestic,Total Domestic,2022,2,57220,97246.117,54491.059,7695734.0,7477779.791,8762407.196,85.339,46893.903,2250.685,49144.588,655346.839,56297.004,2485.009,714128.852,962197.425,74.219,2022-02-01,50.0
ScheduledDomestic,Total Domestic,2022,3,80948,138064.413,77447.667,10619642.0,10303960.55,12526336.472,82.258,54790.626,2508.036,57298.662,902379.369,66352.436,2798.032,971529.838,1377135.17,70.547,2022-03-01,50.0
ScheduledDomestic,Total Domestic,2022,4,82056,140805.155,75866.247,10549088.0,10358205.732,12866084.866,80.508,53054.654,2685.061,55739.715,909250.337,65095.926,2980.132,977326.395,1435686.72,68.074,2022-04-01,50.0
ScheduledDomestic,Total Domestic,2022,5,86460,150271.389,80310.685,11470422.0,11296421.489,13625641.243,82.906,59913.836,2431.474,62345.31,989466.064,74307.834,2773.749,1066547.647,1493794.225,71.399,2022-05-01,50.0
ScheduledDomestic,Total Domestic,2022,6,83227,144081.0,77051.098,10514030.0,10336220.356,13072889.806,79.066,59239.114,2432.284,61671.398,906953.925,72950.405,2724.886,982629.216,1435920.05,68.432,2022-06-01,50.0
ScheduledDomestic,Total Domestic,2022,7,77875,134506.193,71378.84,9704934.0,9490947.17,12171655.028,77.976,59216.508,2724.753,61941.261,836376.151,72574.735,2942.156,911893.042,1340844.459,68.009,2022-07-01,50.0
ScheduledDomestic,Total Domestic,2022,8,79675,137319.613,73004.346,10115739.0,9793070.934,12423133.664,78.829,54290.641,2745.417,57036.058,860982.413,66983.845,2900.982,930867.24,1366499.148,68.121,2022-08-01,50.0
ScheduledDomestic,Total Domestic,2022,9,78018,121057.396,75411.923,10346833.0,9948401.47,12176891.893,81.699,55749.786,2828.369,58578.155,875201.502,67888.06,2961.208,946050.769,1338805.996,70.664,2022-09-01,50.0
ScheduledDomestic,Total Domestic,2022,10,84411,146089.043,78323.664,11400977.0,11114186.865,13357584.147,83.205,54819.402,2454.077,57273.479,1017086.961,77722.011,2540.816,1097349.789,1570681.626,69.865,2022-10-01,50.0
ScheduledDomestic,Total Domestic,2022,11,81994,141711.76,74161.81,11678582.0,11309408.439,12896110.379,87.696,52882.422,2671.225,55553.647,990671.915,61211.752,2564.817,1054448.484,1417838.88,74.37,2022-11-01,50.0
ScheduledDomestic,Total Domestic,2022,12,88128,148924.766,83787.993,12735454.0,12338508.321,13888987.929,88.837,54378.999,2783.921,57162.92,1080393.856,62935.06,2613.075,1145941.992,1527685.701,75.012,2022-12-01,50.0
ScheduledDomestic,Total Domestic,2023,1,90255,156603.907,81543.713,12551028.0,12076436.156,14230895.68,84.861,51419.4,2994.64,54414.04,1057894.74,60425.882,2526.117,1120846.739,1566587.642,71.547,2023-01-01,50.0
ScheduledDomestic,Total Domestic,2023,2,83384,143901.503,75024.997,12068372.0,11604148.11,13133152.954,88.358,51923.776,3151.285,55075.061,1017514.076,95557.382,3114.782,1116186.24,1538554.562,72.548,2023-02-01,50.0
ScheduledDomestic,Total Domestic,2023,3,92238,159301.831,82967.701,12893197.0,12426170.421,14506243.726,85.661,57843.456,3455.253,61298.708,1089331.504,111576.478,3174.535,1204082.517,1715193.458,70.201,2023-03-01,50.0
ScheduledDomestic,Total Domestic,2023,4,88734,155009.007,80144.485,12888410.0,12404425.443,14042821.756,88.333,55893.545,3176.85,59070.394,1087790.757,114940.309,3019.038,1205750.104,1677690.167,71.87,2023-04-01,50.0
ScheduledDomestic,Total Domestic,2023,5,88175,150971.767,79191.298,13214182.0,12691564.55,13846388.478,91.66,61278.978,3309.954,64588.932,1112924.801,125564.476,3264.065,1241753.342,1670688.458,74.326,2023-05-01,50.0
ScheduledDomestic,Total Domestic,2023,6,84316,145280.271,76227.455,12486601.0,12088470.697,13309594.444,90.825,59272.693,3596.753,62869.446,1061997.817,120396.337,3166.797,1185560.952,1610917.491,73.595,2023-06-01,50.0
ScheduledDomestic,Total Domestic,2023,7,87086,151799.965,97420.48,12100030.0,11606077.75,13795622.275,84.129,61218.124,3830.001,65048.124,1020140.922,112392.326,3604.532,1136137.78,1643604.476,69.125,2023-07-01,50.0
ScheduledDomestic,Total Domestic,2023,8,88237,152349.242,79942.811,12422673.0,11933920.133,14082444.312,84.743,61668.215,4089.017,65757.232,1049906.366,122452.045,3944.096,1176302.507,1713045.038,68.667,2023-08-01,50.0
ScheduledDomestic,Total Domestic,2023,9,86294,150543.227,72619.449,12246549.0,11790940.081,13770514.215,85.625,57856.705,3518.05,61374.755,1036300.98,96607.917,3382.472,1136291.369,1638939.809,69.331,2023-09-01,50.0
ScheduledDomestic,Total Domestic,2023,10,90887,156855.443,76630.338,12636742.0,12306501.461,14555249.139,84.55,60306.262,3571.023,63877.285,1081846.842,70530.588,3434.533,1155811.963,1647351.431,70.162,2023-10-01,50.0
ScheduledDomestic,Total Domestic,2023,11,89000,154862.85,74030.628,12735394.0,12354847.808,14317028.886,86.295,59524.527,3787.996,63312.523,1082871.192,69364.488,3643.298,1155878.978,1620959.946,71.308,2023-11-01,50.0
ScheduledDomestic,Total Domestic,2023,12,91529,159680.313,82918.777,13797352.0,13412434.493,14785876.648,90.711,59608.396,4105.206,63713.602,1177066.555,69629.847,3951.972,1250648.374,1675898.889,74.626,2023-12-01,50.0
ScheduledDomestic,Total Domestic,2024,1,88285,153450.083,79281.124,13131603.0,12586987.422,14112060.752,89.193,56124.782,4089.085,60213.867,1111569.448,71422.005,4429.365,1187420.818,1599962.042,74.216,2024-01-01,50.0
ScheduledDomestic,Total Domestic,2024,2,86423,149303.73,77207.128,12647306.0,12167513.132,13670247.715,89.007,58452.881,4358.484,62811.365,1066924.442,72146.285,4623.267,1143693.994,1557824.677,73.416,2024-02-01,50.0
ScheduledDomestic,Total Domestic,2024,3,94150,163359.283,84476.78,13367468.0,12907734.493,15001533.429,86.043,61873.72,3940.272,65813.992,1112001.072,75208.343,4210.732,1191420.146,1687702.179,70.594,2024-03-01,50.0
ScheduledDomestic,Total Domestic,2024,4,91733,156752.094,82252.75,13200048.0,12698343.114,14629152.313,86.802,55590.862,3553.619,59144.481,1111295.976,69910.478,3726.314,1184932.768,1628019.838,72.784,2024-04-01,50.0
ScheduledDomestic,Total Domestic,2024,5,93551,163681.983,83367.63,13795301.0,13269977.942,14933348.1,88.861,66085.161,3400.111,69485.272,1206287.742,77054.734,3320.52,1286662.995,1679079.456,76.629,2024-05-01,50.0
ScheduledDomestic,Total Domestic,2024,6,91493,160721.053,82100.694,13205828.0,12749368.114,14599559.232,87.327,63787.9,3604.745,67392.645,1160333.683,74533.352,3468.51,1238335.546,1607837.651,77.019,2024-06-01,50.0
ScheduledDomestic,Total Domestic,2024,7,92066,163437.664,82134.869,12986105.0,12493831.968,14696022.269,85.015,64716.317,3722.285,68438.602,1138141.245,76014.056,3479.638,1217634.939,1616258.526,75.337,2024-07-01,50.0
ScheduledDomestic,Total Domestic,2024,8,94682,167101.048,84614.191,13130699.0,12554284.206,15160868.528,82.807,63758.323,3538.425,67296.748,1145773.522,74846.666,3354.561,1223974.749,1668973.64,73.337,2024-08-01,50.0
ScheduledDomestic,Total Domestic,2024,9,92912,164274.926,83275.908,13027336.0,12504099.452,15062564.61,83.014,64288.073,2964.468,67252.541,1128013.653,75012.589,2843.925,1205870.166,1655373.594,72.846,2024-09-01,50.0
ScheduledDomestic,Total Domestic,2024,10,98186,174059.978,89104.095,13657193.0,13250708.525,16079937.08,82.405,68078.216,3099.203,71177.419,1194888.671,78430.215,2942.222,1276261.109,1766931.791,72.23,2024-10-01,50.0
ScheduledDomestic,Total Domestic,2024,11,94818,170824.209,86676.132,14250266.0,13932673.24,15584880.916,89.399,57003.385,3447.045,60450.43,1257315.402,66243.964,3258.443,1326817.809,1698734.099,78.106,2024-11-01,50.0
ScheduledDomestic,Total Domestic,2024,12,99013,180390.244,90224.315,14926352.0,14605597.663,16437901.131,88.853,62989.516,4176.873,67166.389,1316172.499,72127.879,3864.781,1392165.158,1775932.588,78.391,2024-12-01,50.0
ScheduledDomestic,Total Domestic,2025,1,98349,179964.352,89773.1,14702387.0,14408878.311,16319186.922,88.29,60016.539,4204.348,64220.886,1300546.552,69380.736,3883.643,1373810.931,1752946.737,78.37,2025-01-01,50.0
ScheduledDomestic,Total Domestic,2025,2,92319,169037.574,84313.73,14118495.0,13830670.08,15293560.877,90.43,54560.896,3792.223,58353.119,1245552.242,62958.879,3581.427,1312092.548,1642153.721,79.9,2025-02-01,50.0
ScheduledDomestic,Total Domestic,2025,3,102319,187150.222,93616.474,14541682.0,14245085.074,17000558.102,83.79,64833.728,3587.544,68421.272,1281653.495,74582.36,3249.47,1359485.325,1826240.432,74.44,2025-03-01,50.0
ScheduledDomestic,Total Domestic,2025,4,98211,181835.192,89847.037,14314688.0,14019254.017,16279343.898,86.12,62630.773,3351.198,65981.971,1265245.934,72694.041,3042.499,1340982.475,1771164.269,75.71,2025-04-01,50.0
ScheduledDomestic,Total Domestic,2025,5,98457,182090.021,90342.36,14054824.0,13769149.246,16405785.099,83.93,68226.08,3297.788,71523.868,1240286.751,79533.945,3136.38,1322957.075,1791773.865,73.84,2025-05-01,50.0
ScheduledDomestic,Total Domestic,2025,6,95521,175473.755,86720.755,13604312.0,13317972.69,15760656.534,84.5,75053.481,3173.362,78226.843,1203476.494,88597.326,2930.738,1295004.558,1733594.453,74.7,2025-06-01,50.0
ScheduledDomestic,Total Domestic,2025,7,89217,162530.918,81037.699,12605312.0,12210208.631,14737555.593,82.85,74299.67,3566.045,77865.715,1102227.728,87752.931,3280.586,1193261.245,1623218.081,73.51,2025-07-01,50.0
ScheduledDomestic,Total Domestic,2025,8,89251,167154.51,82108.957,12948637.0,12768528.565,15185112.009,84.09,73116.582,3252.608,76369.19,1152572.973,86439.142,3024.76,1242036.876,1666639.085,74.52,2025-08-01,50.0
ScheduledDomestic,Total Domestic,2025,9,90112,164990.93,82327.534,12643541.0,12302500.969,15106276.376,81.44,79670.365,3495.771,83166.137,1108380.329,93786.065,3254.183,1205420.578,1674680.255,71.98,2025-09-01,50.0
ScheduledDomestic,Total Domestic,2025,10,99096,181600.032,91660.896,14028094.0,13784484.943,16939757.261,81.37,79544.969,3340.312,82885.281,1239245.468,94700.835,3149.603,1337095.906,1872649.66,71.4,2025-10-01,50.0
ScheduledDomestic,Total Domestic,2025,11,99276,181314.48,91780.058,15236646.0,15007129.837,16963109.891,88.47,84564.879,3552.705,88117.585,1350151.919,101227.806,3317.14,1454696.865,1872084.189,77.7,2025-11-01,50.0
ScheduledDomestic,Total Domestic,2025,12,93311,170659.34,86376.314,14306483.0,14154616.054,15930539.37,88.85,79493.378,3524.289,83017.667,1279397.619,95408.971,3280.353,1378086.943,1746790.323,78.89,2025-12-01,50.0
ScheduledDomestic,Total Domestic,2026,1,98232,181208.133,91342.903,15247188.0,14907623.274,17046605.271,87.45,81086.678,3654.407,84741.085,1344334.95,96265.721,3446.945,1444047.616,1868571.539,77.28,2026-01-01,50.0
ScheduledDomestic,Total Domestic,2026,2,89694,165521.547,83735.523,14064693.0,13878898.435,15539012.677,89.32,85205.805,4407.891,89613.696,1249060.77,102562.545,4236.51,1355859.825,1758691.363,77.09,2026-02-01,50.0
ScheduledDomestic,Total Domestic,2026,3,98992,181669.353,91913.082,14369830.0,14227485.706,17054448.542,83.42,92545.169,4108.865,96654.034,1279913.085,111983.403,3859.729,1395756.216,1930029.679,72.32,2026-03-01,50.0
ScheduledDomestic,Total Domestic,2026,4,97083,178050.577,89659.69,13814816.0,13694532.982,16709881.495,81.95,70666.763,4027.23,74693.994,1230317.896,81612.552,3886.28,1315816.728,1887238.566,69.72,2026-04-01,50.0
ScheduledDomestic,TruJet,2015,7,144,190.0,58.3,8345.0,3391.0,4200.0,80.738,0.0,0.0,0.0,329.501,0.0,0.0,329.501,419.961,78.46,2015-07-01,0.06183504174402531
ScheduledDomestic,TruJet,2015,8,300,418.04,128.0,17932.0,7723.0,9223.0,83.736,0.0,0.0,0.0,748.344,0.0,0.0,748.344,922.306,81.138,2015-08-01,0.1331182101881011
ScheduledDomestic,TruJet,2015,9,340,466.29,146.0,19321.0,6287.0,7963.0,78.953,0.0,0.0,0.0,825.693,0.0,0.0,825.693,1049.659,78.663,2015-09-01,0.14554813740419142
ScheduledDomestic,TruJet,2015,10,421,562.36,176.0,22565.0,9591.0,12653.0,75.8,0.0,0.0,0.0,931.641,0.0,0.0,931.641,1265.342,73.628,2015-10-01,0.16098334462678046
ScheduledDomestic,TruJet,2015,11,454,614.87,187.0,25789.0,10722.0,13460.0,79.658,0.0,0.0,0.0,1044.125,0.0,0.0,1044.125,1346.026,77.571,2015-11-01,0.17689027864145743
ScheduledDomestic,TruJet,2015,12,470,652.19,212.0,27938.0,12636.0,15274.0,82.729,0.0,0.0,0.0,1229.0,0.0,0.0,1229.0,1527.0,80.485,2015-12-01,0.18200955012669917
ScheduledDomestic,TruJet,2016,1,486,694.17,220.0,29163.0,13182.0,15861.0,83.11,0.0,0.0,0.0,1283.0,0.0,0.0,1283.0,1583.0,81.049,2016-01-01,0.19133619625767578
ScheduledDomestic,TruJet,2016,2,450,650.916,204.0,25585.0,11608.0,14720.0,78.859,0.0,0.0,0.0,1139.0,0.0,0.0,1139.0,1472.0,77.378,2016-02-01,0.17186036273317692
ScheduledDomestic,TruJet,2016,3,496,708.9,227.0,27950.0,12695.0,16298.0,77.893,0.0,0.0,0.0,1241.0,0.0,0.0,1241.0,1630.0,76.135,2016-03-01,0.1783571538512
ScheduledDomestic,TruJet,2016,4,588,836.49,264.0,32830.0,14684.0,18812.0,78.057,0.0,0.0,0.0,1430.0,0.0,0.0,1430.0,1881.0,76.023,2016-04-01,0.20786532504995606
ScheduledDomestic,TruJet,2016,5,719,1024.38,319.0,40842.0,18372.0,22767.0,80.696,0.0,0.0,0.0,1773.0,0.0,0.0,1773.0,2277.0,77.866,2016-05-01,0.23680966896858666
ScheduledDomestic,TruJet,2016,6,598,833.083,268.0,34524.0,15548.0,19201.0,80.975,0.0,0.0,0.0,1508.0,0.0,0.0,1508.0,1920.0,78.542,2016-06-01,0.2175756835540538
ScheduledDomestic,TruJet,2016,7,523,725.866,228.0,29327.0,12939.0,16300.0,79.38,0.0,0.0,0.0,1206.0,0.0,0.0,1206.0,1630.0,73.988,2016-07-01,0.17301593313503785
ScheduledDomestic,TruJet,2016,8,559,725.867,238.0,30534.0,13144.0,16921.0,77.679,0.0,0.0,0.0,1278.0,0.0,0.0,1278.0,1692.0,75.532,2016-08-01,0.18284887822267107
ScheduledDomestic,TruJet,2016,9,619,705.866,270.0,32677.0,14523.0,19213.0,75.589,0.0,0.0,0.0,1426.0,0.0,0.0,1426.0,1921.0,74.232,2016-09-01,0.19928293028909044
ScheduledDomestic,TruJet,2016,10,728,1011.65,320.0,39022.0,17304.0,22838.0,75.768,0.0,0.0,0.0,1674.0,0.0,0.0,1674.0,2284.0,73.292,2016-10-01,0.22581681951633234
ScheduledDomestic,TruJet,2016,11,709,1009.316,316.0,40965.0,18287.0,22510.0,81.239,0.0,0.0,0.0,1786.0,0.0,0.0,1786.0,2251.0,79.343,2016-11-01,0.2290724057808671
ScheduledDomestic,TruJet,2016,12,550,817.433,264.0,31059.0,14837.0,18764.0,79.072,0.0,0.0,0.0,1438.0,0.0,0.0,1438.0,1876.0,76.652,2016-12-01,0.1631894015316759
ScheduledDomestic,TruJet,2017,1,621,874.916,279.0,33031.0,14782.0,19773.0,74.759,0.0,0.0,0.0,1434.0,0.0,0.0,1434.0,1977.0,72.534,2017-01-01,0.1755963169800857
ScheduledDomestic,TruJet,2017,2,701,970.7,309.0,38779.0,16980.0,22048.0,77.014,0.0,0.0,0.0,1660.0,0.0,0.0,1660.0,2205.0,75.283,2017-02-01,0.22816974666503487
ScheduledDomestic,TruJet,2017,3,758,1054.583,331.0,41219.0,17911.0,23582.0,75.952,0.0,0.0,0.0,1751.0,0.0,0.0,1751.0,2358.0,74.258,2017-03-01,0.23244800189120945
ScheduledDomestic,TruJet,2017,4,903,1248.9,388.57,47846.0,20604.0,27622.0,74.593,0.0,0.0,0.0,2008.0,0.0,0.0,2008.0,2762.0,72.701,2017-04-01,0.26724905952304484
ScheduledDomestic,TruJet,2017,5,903,1222.883,383.92,51103.0,21940.0,27329.0,80.281,0.0,0.0,0.0,2114.0,0.0,0.0,2114.0,2733.0,77.351,2017-05-01,0.25618113499627404
ScheduledDomestic,TruJet,2017,6,781,1061.05,328.0,41730.0,17603.0,23263.0,75.67,0.0,0.0,0.0,1732.0,0.0,0.0,1732.0,2360.0,73.39,2017-06-01,0.22287823445828892
ScheduledDomestic,TruJet,2017,7,780,1041.833,326.012,44254.0,18563.0,23007.0,80.684,0.0,0.0,0.0,1803.52,0.0,0.0,1803.52,2346.091,76.873,2017-07-01,0.23635021939061976
ScheduledDomestic,TruJet,2017,8,786,1047.65,327.576,46586.0,19229.0,23113.0,83.196,0.0,0.0,0.0,1869.0,0.0,0.0,1869.0,2356.0,79.329,2017-08-01,0.2463446094891165
ScheduledDomestic,TruJet,2017,9,775,1018.7,318.932,40860.0,16752.0,22530.0,74.354,0.0,0.0,0.0,1576.883,0.0,0.0,1576.883,2295.425,68.697,2017-09-01,0.21842541894540615
ScheduledDomestic,TruJet,2017,10,813,1053.866,322.0,37466.0,15009.0,22832.0,65.737,0.0,0.0,0.0,1459.89,0.0,0.0,1459.89,2487.038,58.7,2017-10-01,0.18379027286080993
ScheduledDomestic,TruJet,2017,11,594,775.666,233.0,28708.0,11383.0,16608.0,68.539,0.0,0.0,0.0,1232.855,0.0,0.0,1232.855,1931.04,63.844,2017-11-01,0.14024480114017052
ScheduledDomestic,TruJet,2017,12,560,705.883,202.0,29421.0,10859.0,14350.0,75.672,0.0,0.0,0.0,1047.402,0.0,0.0,1047.402,1457.878,71.844,2017-12-01,0.1342255240639662
ScheduledDomestic,TruJet,2018,1,617,758.166,219.0,32892.0,11938.0,15509.0,76.975,0.0,0.0,0.0,1192.423,0.0,0.0,1192.423,1578.701,75.532,2018-01-01,0.14365687547431402
ScheduledDomestic,TruJet,2018,2,568,716.9,201.7,30606.0,11033.0,14338.0,76.949,0.0,0.0,0.0,1078.562,0.0,0.0,1078.562,1452.751,74.243,2018-02-01,0.14274910922895426
ScheduledDomestic,TruJet,2018,3,846,1031.95,295.0,42651.0,15114.1,20997.9,71.979,0.0,0.0,0.0,1471.751,0.0,0.0,1471.751,2124.461,69.276,2018-03-01,0.1847189993999913
ScheduledDomestic,TruJet,2018,4,950,1183.483,337.0,52947.0,18909.1,23717.4,79.727,0.0,0.0,0.0,1835.609,0.0,0.0,1835.609,2431.562,75.491,2018-04-01,0.23069587045372672
ScheduledDomestic,TruJet,2018,5,980,1239.3,349.0,56818.0,20529.5,24827.8,82.688,0.0,0.0,0.0,1925.336,0.0,0.0,1925.336,2511.706,76.655,2018-05-01,0.24037464904996636
ScheduledDomestic,TruJet,2018,6,938,1185.833,333.0,52173.0,18740.5,23724.1,78.994,0.0,0.0,0.0,1945.931,0.0,0.0,1945.931,2401.164,81.041,2018-06-01,0.2310924983901526
ScheduledDomestic,TruJet,2018,7,980,1230.117,349.0,51402.0,18556.3,24820.5,74.762,0.0,0.0,0.0,1807.14,0.0,0.0,1807.14,2511.727,71.948,2018-07-01,0.22045761961526408
ScheduledDomestic,TruJet,2018,8,948,1164.083,334.0,50627.0,18001.07,23772.3,75.723,0.0,0.0,0.0,1752.319,0.0,0.0,1752.319,2404.454,72.878,2018-08-01,0.22363297952791078
ScheduledDomestic,TruJet,2018,9,938,1158.3,333.0,50203.0,18040.295,23714.406,76.073,0.0,0.0,0.0,1765.795,0.0,0.0,1765.795,2398.493,73.621,2018-09-01,0.22089184637476542
ScheduledDomestic,TruJet,2018,10,984,1234.466,350.0,56337.0,20281.443,24822.468,81.706,0.0,0.0,0.0,1964.803,0.0,0.0,1964.803,2521.901,77.91,2018-10-01,0.23860727251350275
ScheduledDomestic,TruJet,2018,11,955,1203.967,340.0,52696.0,19005.415,24115.256,78.811,0.0,0.0,0.0,1846.307,0.0,0.0,1846.307,2450.002,75.359,2018-11-01,0.22701021821688935
ScheduledDomestic,TruJet,2018,12,1009,1278.167,360.774,57038.0,20583.199,25622.42,80.333,0.0,0.0,0.0,1997.731,0.0,0.0,1997.731,2597.573,76.908,2018-12-01,0.22545002652213747
ScheduledDomestic,TruJet,2019,1,1064,1337.05,382.432,58143.0,21171.632,27132.828,78.03,0.0,0.0,0.0,2059.802,0.0,0.0,2059.802,2753.51,74.806,2019-01-01,0.23314881015632674
ScheduledDomestic,TruJet,2019,2,966,1209.817,343.0,51164.0,18471.718,24335.824,75.903,0.0,0.0,0.0,1826.834,0.0,0.0,1826.834,2469.154,73.986,2019-02-01,0.22595847970979943
ScheduledDomestic,TruJet,2019,3,1073,1335.8,377.0,53946.0,19170.635,26175.664,73.238,0.0,0.0,0.0,1887.963,0.0,0.0,1887.963,2710.994,69.641,2019-03-01,0.23337454065716223
ScheduledDomestic,TruJet,2019,4,1146,1453.233,412.0,57496.0,20760.5,28595.87,72.6,0.0,0.0,0.0,2076.05,0.0,0.0,2076.05,2962.829,70.07,2019-04-01,0.2621278346424528
ScheduledDomestic,TruJet,2019,5,1216,1548.817,431.0,64218.0,22868.0,30005.0,76.214,0.0,0.0,0.0,2227.753,0.0,0.0,2227.753,3043.687,73.193,2019-05-01,0.26423356835300005
ScheduledDomestic,TruJet,2019,6,1178,1499.383,431.0,63765.0,22619.0,28996.0,78.007,0.0,0.0,0.0,2203.217,0.0,0.0,2203.217,2941.587,74.899,2019-06-01,0.2659231744133238
ScheduledDomestic,TruJet,2019,7,1308,1748.383,485.0,67970.0,25406.0,33865.0,75.021,0.0,0.0,0.0,2540.585,0.0,0.0,2540.585,3484.876,72.903,2019-07-01,0.28645627000810864
ScheduledDomestic,TruJet,2019,8,1141,1483.167,414.0,61277.0,22471.0,28883.0,77.8,0.0,0.0,0.0,2022.41,0.0,0.0,2022.41,2980.224,67.861,2019-08-01,0.2606038820992092
ScheduledDomestic,TruJet,2019,9,1186,1532.77,427.0,55773.0,20154.0,29423.0,68.497,0.0,0.0,0.0,1914.66,0.0,0.0,1914.66,3001.18,63.797,2019-09-01,0.2427431450838257
ScheduledDomestic,TruJet,2019,10,1246,1592.31,448.0,63810.0,22807.0,31027.0,73.507,0.0,0.0,0.0,2166.711,0.0,0.0,2166.711,3164.769,68.463,2019-10-01,0.25980741434417054
ScheduledDomestic,TruJet,2019,11,1493,2025.19,560.0,81116.0,30311.0,39238.0,77.249,0.0,0.0,0.0,2879.551,0.0,0.0,2879.551,4002.276,71.948,2019-11-01,0.31415628109233557
ScheduledDomestic,TruJet,2019,12,1568,2094.7,587.0,87087.0,31972.09,41131.0,77.732,0.0,0.0,0.0,3037.348,0.0,0.0,3037.348,4195.396,72.397,2019-12-01,0.3354555573291687
ScheduledDomestic,TruJet,2020,1,1558,2041.1,579.0,86826.0,32127.448,40589.408,79.152,,,,3052.108,,,3052.108,4140.12,73.72,2020-01-01,0.340558463163746
ScheduledDomestic,TruJet,2020,2,1554,2016.95,569.03,90489.0,33831.0,40574.0,83.381,,,,3213.991,,,3213.991,4138.633,77.658,2020-02-01,0.36691180435911774
ScheduledDomestic,TruJet,2020,3,1134,1418.0,412.0,56626.0,21036.0,29691.0,70.85,,,,1998.484,,,1998.484,3028.514,65.989,2020-03-01,0.36600739745251715
ScheduledDomestic,TruJet,2020,5,92,108.22,31.54,1548.0,506.32,2230.45,22.7,,,,48.1,,,48.1,227.505,21.142,2020-05-01,0.27800026578836784
ScheduledDomestic,TruJet,2020,6,781,925.37,267.0,15125.0,5337.0,19403.0,27.506,,,,506.988,,,506.988,1979.139,25.617,2020-06-01,0.39078335203495423
ScheduledDomestic,TruJet,2020,7,420,497.37,145.0,10093.0,3525.0,10526.0,33.489,,,,334.9,,,334.9,1073.611,31.194,2020-07-01,0.2451260761151318
ScheduledDomestic,TruJet,2020,8,214,257.0,70.0,7394.0,2554.108,5262.363,48.535,,,,242.64,,,242.64,536.761,45.205,2020-08-01,0.13081409749241724
ScheduledDomestic,TruJet,2020,9,414,514.9,149.0,10075.0,3773.0,10586.0,35.641,,,,358.468,,,358.468,1079.811,33.197,2020-09-01,0.127865487791289
ScheduledDomestic,TruJet,2020,10,902,1094.87,331.525,28865.0,10836.296,23989.37,45.171,,,,1029.448,,,1029.448,2446.916,42.071,2020-10-01,0.2739292606747476
ScheduledDomestic,TruJet,2020,11,682,877.37,257.016,28044.0,10744.237,18264.684,58.825,,,,1020.703,,,1020.703,1862.998,54.788,2020-11-01,0.22107691354429554
ScheduledDomestic,TruJet,2020,12,994,1245.0,365.0,41649.0,15814.917,25985.11,60.861,,,,1502.417,,,1502.417,2650.481,56.685,2020-12-01,0.28503035286852124
ScheduledDomestic,TruJet,2021,1,1002,1256.85,367.0,44886.0,16923.337,26054.042,64.955,,,,1607.717,,,1607.717,2657.512,60.497,2021-01-01,0.2913153674794802
ScheduledDomestic,TruJet,2021,2,917,1144.57,336.639,47505.0,18083.723,23841.445,75.85,,,,1717.954,,,1717.954,2431.827,70.645,2021-02-01,0.3047050617921725
ScheduledDomestic,TruJet,2021,3,1020,1273.18,374.0,42678.0,15975.497,26678.817,59.881,,,,1517.672,,,1517.672,2721.239,55.771,2021-03-01,0.2740227369913359
ScheduledDomestic,TruJet,2021,4,864,1072.83,327.0,23962.0,9205.0,22797.0,40.378,,,,874.0,,,874.0,2325.0,37.591,2021-04-01,0.2121494469877824
ScheduledDomestic,TruJet,2021,5,661,820.31,258.0,11813.0,4636.983,18027.876,25.721,,,,440.0,,,440.0,1838.843,23.928,2021-05-01,0.2899077831638012
ScheduledDomestic,TruJet,2021,6,312,415.35,130.0,10762.0,4554.156,9265.944,49.149,,,,432.645,,,432.645,945.0,45.783,2021-06-01,0.177670329583249
ScheduledDomestic,TruJet,2021,7,421,563.38,175.0,13361.0,5512.646,12408.475,44.426,,,,523.0,,,523.0,1265.664,41.322,2021-07-01,0.13640176214619867
ScheduledDomestic,TruJet,2021,8,728,959.11,280.0,26823.0,10462.787,20251.167,51.665,,,,993.0,,,993.0,2066.0,48.064,2021-08-01,0.20494170587782257
ScheduledDomestic,TruJet,2021,9,401,522.07,150.0,14557.0,5551.13,10673.396,52.009,,,,527.0,,,527.0,1088.686,48.407,2021-09-01,0.10560982071940334
ScheduledDomestic,TruJet,2021,10,431,565.01,166.0,18674.0,7298.928,11797.289,61.87,,,,693.0,,,693.0,1203.323,57.59,2021-10-01,0.10629379481939276
ScheduledDomestic,TruJet,2021,11,209,275.15,80.0,10596.0,4106.641,5666.414,72.473,,,,390.0,,,390.0,577.974,67.477,2021-11-01,0.05059575595388279
ScheduledDomestic,TruJet,2021,12,207,206.54,77.0,9530.0,3590.105,5361.692,66.958,,,,341.0,,,341.0,547.0,62.34,2021-12-01,0.04271213927402271
ScheduledDomestic,TruJet,2022,1,188,229.34,71.0,5415.0,2049.989,4812.792,42.595,,,,194.0,,,194.0,491.0,39.511,2022-01-01,0.04223487457217203
ScheduledDomestic,TruJet,2022,2,64,79.46,23.2,2056.0,803.0,1575.0,50.984,,,,76.24,,,76.24,161.0,47.354,2022-02-01,0.013358050057343456
ScheduledDomestic,Vistara,2015,1,216,291.16,206.0,14999.0,13843.0,30480.0,45.417,0.0,0.0,0.0,1038.0,0.0,0.0,1038.0,2971.845,34.928,2015-01-01,0.12064170868361307
ScheduledDomestic,Vistara,2015,2,386,574.32,373.0,33317.0,32325.0,55183.0,58.578,670.0,0.0,670.0,2424.381,704.118,0.0,3128.499,5592.885,55.937,2015-02-01,0.278165777352161
ScheduledDomestic,Vistara,2015,3,702,1115.16,732.0,52603.0,58080.0,108297.0,53.63,1287.0,0.0,1287.0,4356.0,1420.7,0.0,5776.7,10976.1,52.63,2015-03-01,0.4207663718377131
ScheduledDomestic,Vistara,2015,4,814,1285.01,833.0,79415.0,83024.0,123352.0,67.307,1401.0,0.0,1401.0,6226.784,1577.248,0.0,7804.032,12501.885,62.423,2015-04-01,0.6072897404089668
ScheduledDomestic,Vistara,2015,5,907,,913.0,93037.0,96151.0,135196.0,71.12,1599.0,0.0,1599.0,7211.291,1787.539,0.0,8998.83,13702.32,65.674,2015-05-01,0.6554540765077093
ScheduledDomestic,Vistara,2015,6,982,1540.56,986.0,84313.0,86520.0,145985.0,59.266,1694.742,0.0,1694.742,6489.017,1918.391,0.0,8407.408,14795.76,56.823,2015-06-01,0.6417644629351014
ScheduledDomestic,Vistara,2015,7,1063,1686.45,1071.0,94871.0,95612.0,158522.0,60.315,1972.0,0.0,1972.0,7170.891,2294.077,0.0,9464.968,16066.44,58.911,2015-07-01,0.7029781000955572
ScheduledDomestic,Vistara,2015,8,1079,1672.38,1074.0,99070.0,100029.0,159022.0,62.903,1682.0,0.0,1682.0,7502.161,1924.141,0.0,9426.302,16117.14,58.486,2015-08-01,0.7354461902372952
ScheduledDomestic,Vistara,2015,9,1068,1622.14,1056.0,97578.0,97475.0,156247.0,62.385,1486.0,0.0,1486.0,7310.641,1698.094,0.0,9008.735,15835.86,56.888,2015-09-01,0.7350704493362761
ScheduledDomestic,Vistara,2015,10,1250,1921.25,1262.0,122815.0,125179.0,186760.0,67.027,2151.0,0.0,2151.0,9388.418,2418.551,0.0,11806.969,18928.425,62.377,2015-10-01,0.8761874349806357
ScheduledDomestic,Vistara,2015,11,1268,1979.86,1297.0,136357.0,138517.0,191935.0,72.169,1754.0,0.0,1754.0,10388.797,1978.374,0.0,12367.171,19452.84,63.575,2015-11-01,0.9352913150844627
ScheduledDomestic,Vistara,2015,12,1374,2233.97,1440.0,158348.0,165414.0,213191.0,77.59,1751.0,0.0,1751.0,12406.0,1982.0,0.0,14388.0,21607.0,66.59,2015-12-01,1.031600266427896
ScheduledDomestic,Vistara,2016,1,1347,2240.0,1438.0,150066.0,159221.0,212803.0,74.821,1684.0,0.0,1684.0,11942.0,1912.0,0.0,13854.0,21568.0,64.234,2016-01-01,0.9845714647877233
ScheduledDomestic,Vistara,2016,2,1341,2173.08,1390.0,148657.0,151970.0,205711.0,73.875,1610.0,0.0,1610.0,11398.0,1849.0,0.0,13247.0,20849.0,63.538,2016-02-01,0.9985634529148283
ScheduledDomestic,Vistara,2016,3,1427,2311.23,1475.0,158084.0,163102.0,218315.0,74.709,1630.0,0.0,1630.0,12233.0,1842.0,0.0,14075.0,22121.0,63.627,2016-03-01,1.0087804046301645
ScheduledDomestic,Vistara,2016,4,1548,2476.65,1586.0,182880.0,187761.0,241145.0,77.862,1914.0,0.0,1914.0,14082.0,1914.0,0.0,15996.0,23785.0,67.252,2016-04-01,1.1579168640004862
ScheduledDomestic,Vistara,2016,5,1797,2879.23,1824.0,221225.0,223694.0,279241.0,80.108,1795.0,0.0,1795.0,16777.0,2123.0,0.0,18900.0,27361.0,69.076,2016-05-01,1.2827045447719403
ScheduledDomestic,Vistara,2016,6,1890,3088.08,1990.0,226938.0,241416.0,305671.0,78.979,2839.0,0.0,2839.0,18106.0,2839.0,0.0,20945.0,29853.0,70.16,2016-06-01,1.4301990057464333
ScheduledDomestic,Vistara,2016,7,1969,3278.35,2118.0,225103.0,248636.0,330543.0,75.22,2410.0,0.0,2410.0,18648.0,2910.0,0.0,21558.0,31765.0,67.867,2016-07-01,1.3280051009819085
ScheduledDomestic,Vistara,2016,8,1892,3207.7,2067.0,205157.0,225991.0,326607.0,69.194,2740.0,0.0,2740.0,16949.0,2740.0,0.0,19689.0,31007.0,63.499,2016-08-01,1.2285559477804586
ScheduledDomestic,Vistara,2016,9,1765,2962.8,1945.0,203216.0,223479.0,307339.0,72.714,2726.0,0.0,2726.0,16761.0,2726.0,0.0,19487.0,29178.0,66.787,2016-09-01,1.2393267424068246
ScheduledDomestic,Vistara,2016,10,2123,3606.73,2373.0,232371.0,259588.0,375010.0,69.222,3344.0,0.0,3344.0,19469.0,3344.0,0.0,22813.0,35602.0,64.078,2016-10-01,1.3447101677984126
ScheduledDomestic,Vistara,2016,11,2181,3810.016,2466.0,260447.0,289788.0,389729.0,74.356,2588.0,0.0,2588.0,21734.0,2588.0,0.0,24322.0,36999.0,65.737,2016-11-01,1.4563949925157937
ScheduledDomestic,Vistara,2016,12,2260,3920.68,2557.0,304154.0,289788.0,343860.0,84.275,2988.0,0.0,2988.0,25789.0,3159.0,0.0,28948.0,38355.0,75.474,2016-12-01,1.5980781491183025
ScheduledDomestic,Vistara,2017,1,2268,4012.38,2560.0,303208.0,344156.0,404607.0,85.059,3201.0,0.0,3201.0,25812.0,3201.0,0.0,29013.0,38412.0,75.531,2017-01-01,1.6118860488298212
ScheduledDomestic,Vistara,2017,2,2024,3537.98,2293.0,270016.0,308010.0,362317.0,85.011,2282.0,0.0,2282.0,23100.0,2769.0,0.0,25869.0,34397.0,75.207,2017-02-01,1.5887331368912572
ScheduledDomestic,Vistara,2017,3,2265,3943.18,2564.0,291871.0,332989.0,405087.0,82.202,2554.0,0.0,2554.0,24974.0,3105.0,0.0,28079.0,38457.0,73.014,2017-03-01,1.6459601339185614
ScheduledDomestic,Vistara,2017,4,2270,3971.15,2614.0,296589.0,345390.0,413102.0,83.609,2560.0,0.0,2560.0,25904.0,3165.0,0.0,29069.0,39218.0,74.122,2017-04-01,1.6566302578037941
ScheduledDomestic,Vistara,2017,5,2446,4236.04,2770.0,334435.0,380116.0,437763.0,86.831,2736.0,0.0,2736.0,28509.0,3282.0,0.0,31791.0,41559.0,76.496,2017-05-01,1.6765344085959515
ScheduledDomestic,Vistara,2017,6,2554,4322.08,2816.0,343729.0,384365.0,444963.0,86.381,2841.0,0.0,2841.0,28827.0,3385.0,0.0,32212.0,42243.0,76.254,2017-06-01,1.8358426228639635
ScheduledDomestic,Vistara,2017,7,2627,4504.71,2912.0,348947.0,389439.0,460162.0,84.631,3762.0,0.0,3762.0,29208.0,4603.0,0.0,33811.0,43686.0,77.396,2017-07-01,1.8636439645161702
ScheduledDomestic,Vistara,2017,8,2737,4627.72,3003.0,358627.0,395704.0,474454.0,83.402,3892.0,0.0,3892.0,29678.0,4726.0,0.0,34404.0,45043.0,76.38,2017-08-01,1.896402959413845
ScheduledDomestic,Vistara,2017,9,2735,4699.57,3137.0,361728.0,416658.0,495643.0,84.064,4354.0,0.0,4354.0,31249.0,5346.0,0.0,36595.0,47054.0,77.772,2017-09-01,1.93369040490171
ScheduledDomestic,Vistara,2017,10,2910,5027.52,3321.0,369694.0,421189.0,524791.0,80.258,3892.0,0.0,3892.0,31589.0,4798.0,0.0,36387.0,49824.0,73.031,2017-10-01,1.8135419082636062
ScheduledDomestic,Vistara,2017,11,2719,4794.23,3103.0,372467.0,425986.0,490360.0,86.872,3373.0,0.0,3373.0,31948.0,4149.0,0.0,36097.0,46553.0,77.54,2017-11-01,1.8195820101113238
ScheduledDomestic,Vistara,2017,12,2986,5207.0,3388.0,412711.0,469209.0,535316.0,87.651,3614.0,0.0,3614.0,35190.0,4468.0,0.0,39658.0,50821.0,78.035,2017-12-01,1.882884683116262
ScheduledDomestic,Vistara,2018,1,2978,5221.317,3367.0,409713.0,462847.0,532053.0,86.993,3385.466,0.0,3385.466,34713.0,4175.0,0.0,38888.0,50511.0,76.989,2018-01-01,1.78943479938002
ScheduledDomestic,Vistara,2018,2,2680,4796.1,3073.0,384225.0,443008.0,485646.0,91.22,3054.916,0.0,3054.916,33225.0,3922.0,0.0,37147.0,46105.0,80.57,2018-02-01,1.7920596122817405
ScheduledDomestic,Vistara,2018,3,3181,5655.85,3693.0,442122.0,514716.0,583478.0,88.215,3924.483,0.0,3924.483,38603.0,5052.0,0.0,43655.0,55393.0,78.81,2018-03-01,1.914804657633419
ScheduledDomestic,Vistara,2018,4,3309,5917.9,3838.0,462622.0,538297.0,606449.0,88.762,4261.319,0.0,4261.319,40372.0,5506.0,0.0,45878.0,57574.0,79.685,2018-04-01,2.0156946565630527
ScheduledDomestic,Vistara,2018,5,3491,6327.5,4097.9,471499.0,554966.8,647462.2,85.714,5112.6,0.0,5112.6,41621.7,6648.4,0.0,48270.1,61460.3,78.539,2018-05-01,1.9947271402092661
ScheduledDomestic,Vistara,2018,6,3385,6067.2,3941.8,452177.0,528328.4,622800.6,84.831,5030.0,0.0,5030.0,47549.0,6503.4,0.0,54052.4,67789.8,79.735,2018-06-01,2.0028503755690497
ScheduledDomestic,Vistara,2018,7,3405,6033.12,3928.3,451473.0,522033.6,620675.2,84.107,4845.7,0.0,4845.7,46983.0,6271.5,0.0,53254.5,67567.2,78.817,2018-07-01,1.9363188767083408
ScheduledDomestic,Vistara,2018,8,3321,5831.97,3835.42,422985.0,494122.67,605995.89,81.539,4636.248,0.0,4636.248,44471.04,5977.7,0.0,50448.74,65969.17,76.473,2018-08-01,1.8684377080532788
ScheduledDomestic,Vistara,2018,9,3264,5643.4,3737.258,436063.0,502368.423,591914.974,84.872,4848.973,0.0,4848.973,45213.158,6229.075,0.0,51442.234,64280.838,80.027,2018-09-01,1.9186654424181686
ScheduledDomestic,Vistara,2018,10,3470,6022.57,3994.627,434761.0,508194.893,637488.416,79.718,5081.171,0.0,5081.171,45737.54,6534.828,0.0,52272.368,68707.584,76.079,2018-10-01,1.8413677761549774
ScheduledDomestic,Vistara,2018,11,3342,5866.38,3862.618,415432.0,487427.348,621214.532,78.464,4199.041,0.0,4199.041,43868.461,5425.8,0.0,49294.261,66437.03,74.197,2018-11-01,1.7896483409419839
ScheduledDomestic,Vistara,2018,12,3582,6329.85,4182.37,478133.0,563776.79,678617.036,83.077,4218.267,0.0,4218.267,50739.911,5494.585,0.0,56234.496,71936.764,78.172,2018-12-01,1.8898821405222688
ScheduledDomestic,Vistara,2019,1,3454,6240.47,4090.854,470340.0,560324.13,665630.56,84.179,3882.52,0.0,3882.52,50429.172,5101.465,0.0,55530.637,70362.689,78.921,2019-01-01,1.8860260283942474
ScheduledDomestic,Vistara,2019,2,3137,5634.235,3661.567,452362.0,532463.735,597498.662,89.115,3465.235,0.0,3465.235,47921.736,4540.298,0.0,52462.034,62978.952,83.301,2019-02-01,1.9977919982504162
ScheduledDomestic,Vistara,2019,3,3485,6104.63,4081.152,490428.0,579567.694,667765.944,86.792,4122.404,0.0,4122.404,52161.092,5394.544,0.0,57555.636,70195.814,81.993,2019-03-01,2.121629207455803
ScheduledDomestic,Vistara,2019,4,3755,6250.15,4176.91,516629.0,579240.801,685013.24,84.559,4047.301,0.0,4047.301,52131.672,5193.752,0.0,57325.424,71843.0,79.793,2019-04-01,2.35534369492653
ScheduledDomestic,Vistara,2019,5,4143,6710.45,4473.728,578615.0,628383.752,733694.696,85.646,4324.99,0.0,4324.99,56554.538,5386.375,0.0,61940.912,75160.035,82.412,2019-05-01,2.3807889712007713
ScheduledDomestic,Vistara,2019,6,4820,6680.77,5023.979,647799.0,690144.629,828585.091,83.292,4326.765,0.0,4326.765,62113.017,5265.854,0.0,67378.871,85933.17,78.408,2019-06-01,2.7015567546738297
ScheduledDomestic,Vistara,2019,7,5293,6941.467,5468.044,714504.0,745810.334,904827.02,82.426,3724.174,0.0,3724.174,67122.93,4486.218,0.0,71609.148,94377.282,75.875,2019-07-01,3.011242470882354
ScheduledDomestic,Vistara,2019,8,5135,8343.22,5395.226,684209.0,730227.95,892292.28,81.837,2200.391,0.0,2200.391,65720.516,2729.612,0.0,68450.127,92990.607,73.61,2019-08-01,2.909860495246468
ScheduledDomestic,Vistara,2019,9,5055,6796.27,5346.344,664391.0,711176.73,885379.248,80.325,497.758,0.0,497.758,64005.906,628.683,0.0,64634.589,92579.415,69.815,2019-09-01,2.8916565525503026
ScheduledDomestic,Vistara,2019,10,5182,9229.39,5571.612,668715.0,718659.118,922395.884,77.912,262.386,0.0,262.386,64679.321,343.93,0.0,65023.25,95075.898,68.391,2019-10-01,2.7227255145457137
ScheduledDomestic,Vistara,2019,11,5496,9646.28,5823.103,760313.0,809168.923,962231.06,84.093,13.145,0.0,13.145,72825.203,14.249,0.0,72839.453,94018.315,77.474,2019-11-01,2.9446361327747543
ScheduledDomestic,Vistara,2019,12,5914,10490.75,6299.424,791892.0,842999.685,1039351.432,81.108,31.844,0.0,31.844,75869.972,39.902,0.0,75909.874,104900.441,72.364,2019-12-01,3.050335551856305
ScheduledDomestic,Vistara,2020,1,6052,10751.47,6436.737,830945.0,885425.029,1060196.124,83.515,1455.599,,1455.599,79688.253,2017.232,,81705.485,99272.194,82.305,2020-01-01,3.259223644687063
ScheduledDomestic,Vistara,2020,2,5766,10409.52,6086.931,833783.0,882305.913,1002708.516,87.992,1888.45,,1888.45,79407.532,2412.982,,81820.515,94613.628,86.479,2020-02-01,3.3807957317901436
ScheduledDomestic,Vistara,2020,3,4182,7227.35,4456.119,457191.0,488179.074,734927.56,66.425,1360.488,,1360.488,43936.117,1823.306,,45759.422,76843.677,59.549,2020-03-01,2.955096387679048
ScheduledDomestic,Vistara,2020,5,256,378.2,255.284,18416.0,18946.353,42976.544,44.085,67.202,,67.202,1705.172,98.662,,1803.834,4616.115,39.077,2020-05-01,3.3072693118595486
ScheduledDomestic,Vistara,2020,6,1179,1976.14,1360.0,111914.0,130240.0,230117.0,56.597,1168.268,,1168.268,11722.0,1656.0,,13378.0,24866.0,53.8,2020-06-01,2.891512598984454
ScheduledDomestic,Vistara,2020,8,1282,2005.08,1353.047,141648.0,157701.778,230743.078,68.345,2211.73,,2211.73,14193.16,2944.837,,17137.997,19634.804,87.284,2020-08-01,2.5060258698412117
ScheduledDomestic,Vistara,2020,9,2374,3863.24,2645.092,258441.0,294649.239,441959.79,66.669,3756.62,,3756.62,26518.432,5060.777,,31579.208,34568.753,91.352,2020-09-01,3.279968687867843
ScheduledDomestic,Vistara,2020,10,3093,5044.33,3457.575,339454.0,374807.299,574898.178,65.195,4274.462,,4274.462,33732.657,5658.442,,39391.099,60075.112,65.57,2020-10-01,3.221423289557795
ScheduledDomestic,Vistara,2020,11,3324,5440.34,3694.811,397302.0,439851.271,621558.65,70.766,3913.83,,3913.83,39586.614,5155.587,,44742.202,66063.36,67.726,2020-11-01,3.1320175404712494
ScheduledDomestic,Vistara,2020,12,4132,6815.01,4557.624,461382.0,506985.367,759198.836,66.779,3612.017,,3612.017,45628.22,4622.811,,50251.031,79783.91,62.984,2020-12-01,3.157527774188674
ScheduledDomestic,Vistara,2021,1,4359,7169.33,4790.257,514479.0,563747.721,804955.657,70.035,3428.646,,3428.646,50737.295,4389.061,,55126.356,85695.056,64.329,2021-01-01,3.3390286268652916
ScheduledDomestic,Vistara,2021,2,4344,7290.26,4867.434,540244.0,599906.941,813739.75,73.722,3772.591,,3772.591,53991.783,4909.78,,58901.563,85725.444,68.71,2021-02-01,3.465215901544057
ScheduledDomestic,Vistara,2021,3,4678,7813.0,5254.559,499846.0,565503.537,876286.929,64.534,3677.611,,3677.611,50895.318,4795.903,,55691.221,91732.964,60.71,2021-03-01,3.2093624114103587
ScheduledDomestic,Vistara,2021,4,3491,5937.13,3937.354,310936.0,356306.752,652790.98,54.582,2912.029,,2912.029,32067.608,3832.112,,35899.72,67877.282,52.889,2021-04-01,2.752896271120654
ScheduledDomestic,Vistara,2021,5,1464,2336.34,1590.582,97031.0,108606.828,265657.85,40.882,2018.775,,2018.775,9774.615,2603.631,,12378.245,27783.473,44.553,2021-05-01,2.3812784312339623
ScheduledDomestic,Vistara,2021,6,2220,3584.49,2469.887,224532.0,248770.817,414602.379,60.002,3466.108,,3466.108,22389.374,4542.165,,26931.538,43135.363,62.435,2021-06-01,3.706808626833866
ScheduledDomestic,Vistara,2021,7,3458,5751.04,3936.211,406943.0,457545.397,660859.881,69.235,4481.652,,4481.652,41179.086,5894.206,0.0,47073.291,69504.991,67.726,2021-07-01,4.154460167132739
ScheduledDomestic,Vistara,2021,8,4656,7526.1,5185.177,558021.0,617826.255,866416.984,71.308,4536.842,,4536.842,55604.363,5850.099,,61454.462,90470.561,67.928,2021-08-01,4.263571399755748
ScheduledDomestic,Vistara,2021,9,5069,8267.55,5622.432,611819.0,679315.827,938752.252,72.364,4520.08,,4520.08,61138.424,5871.206,0.0,67009.631,98094.556,68.311,2021-09-01,4.438695809763319
ScheduledDomestic,Vistara,2021,10,5576,1201.54,6159.935,696351.0,776158.8,1030600.282,75.311,4659.75,,4659.75,69854.292,6040.421,0.0,75894.713,107843.734,70.375,2021-10-01,3.963681606312465
ScheduledDomestic,Vistara,2021,11,6135,1291.41,6764.922,793152.0,873064.279,1133870.254,76.999,3963.23,316.084,4279.314,78575.785,5200.246,414.718,84190.748,118044.906,71.321,2021-11-01,3.78729001758532
ScheduledDomestic,Vistara,2021,12,6581,10847.5,7199.334,861086.0,943780.693,1208669.462,78.084,4045.183,334.217,4379.4,84940.262,5256.886,433.012,90630.16,123870.935,73.165,2021-12-01,3.8592681174093513
ScheduledDomestic,Vistara,2022,1,4665,7570.48,5120.606,478514.0,529409.023,858964.366,61.633,3991.716,385.194,4376.91,47646.812,5139.695,480.315,53266.822,89082.717,59.795,2022-01-01,3.732221379691288
ScheduledDomestic,Vistara,2022,2,5115,8377.15,5664.2,748507.0,828043.82,950495.142,87.117,4001.37,396.952,4398.322,74523.944,5209.875,493.804,80227.623,98292.648,81.621,2022-02-01,4.8631293649182785
ScheduledDomestic,Vistara,2022,3,6641,10852.92,7368.502,956179.0,1068514.155,1241274.456,86.082,4649.62,384.6,5034.22,96166.206,5949.659,489.934,102605.799,128281.47,79.985,2022-03-01,4.501936129297015
ScheduledDomestic,Vistara,2022,4,6492,10677.35,7273.899,904428.0,1020302.203,1230668.368,82.906,4675.509,404.003,5079.512,91827.198,6039.979,502.849,98370.026,129183.336,76.148,2022-04-01,4.2867591966243905
ScheduledDomestic,Vistara,2022,5,6917,11544.85,7750.206,982676.0,1105461.794,1303587.3,84.802,5265.57,383.95,5649.52,99491.561,6749.396,465.599,106706.557,136706.823,78.055,2022-05-01,4.283521565292018
ScheduledDomestic,Vistara,2022,6,7191,11668.43,7828.635,991500.0,1101157.503,1313677.044,83.823,5787.689,404.85,6192.539,99104.175,7345.528,484.893,106934.596,137458.027,77.794,2022-06-01,4.7151282619509365
ScheduledDomestic,Vistara,2022,7,7287,11915.57,7948.856,1013331.0,1124680.071,1333901.392,84.315,6295.64,423.23,6718.87,101221.206,7941.237,500.923,109663.367,139593.142,78.559,2022-07-01,5.220700109861644
ScheduledDomestic,Vistara,2022,8,6987,11452.2,7691.606,981028.0,1091970.713,1293317.04,84.432,5239.79,297.87,5537.66,98277.364,6598.865,364.914,105241.143,135583.059,77.621,2022-08-01,4.849017951135354
ScheduledDomestic,Vistara,2022,9,6982,11455.12,7700.176,996471.0,1105468.999,1294808.976,85.377,4056.748,440.26,4497.008,99492.21,5218.884,532.195,105243.289,135752.785,77.526,2022-09-01,4.815343013654516
ScheduledDomestic,Vistara,2022,10,7282,11845.22,8016.386,1048868.0,1155735.457,1351229.94,85.532,5711.019,384.87,6095.889,104016.191,7286.793,440.572,111743.556,141736.371,78.839,2022-10-01,4.599904025769019
ScheduledDomestic,Vistara,2022,11,7056,11458.65,7675.688,1087214.0,1186387.404,1293679.48,91.706,4619.224,404.755,5023.978,106774.866,5891.452,491.726,113158.045,135514.557,83.503,2022-11-01,4.654734624460401
ScheduledDomestic,Vistara,2022,12,7579,12364.95,8242.185,1170412.0,1273866.718,1386625.788,91.868,4325.409,425.279,4750.689,114648.005,5620.225,476.637,120744.866,145320.109,83.089,2022-12-01,4.595093351206796
ScheduledDomestic,Vistara,2023,1,7374,12071.05,7914.68,1105388.0,1189556.732,1330001.656,89.44,4860.848,388.863,5249.71,107060.027,6397.535,462.068,113919.63,139132.435,81.879,2023-01-01,4.403575547755929
ScheduledDomestic,Vistara,2023,2,6752,11091.633,7214.225,1052571.0,1128150.07,1215465.154,92.816,5070.302,371.408,5441.71,101533.404,6622.734,448.075,108604.213,127234.68,85.357,2023-02-01,4.360865740631794
ScheduledDomestic,Vistara,2023,3,7467,12184.183,7991.974,1149276.0,1233831.742,1347557.36,91.561,5842.202,502.167,6344.369,111044.857,6594.573,445.707,118085.137,140982.346,83.759,2023-03-01,4.4569085541778355
ScheduledDomestic,Vistara,2023,4,7218,11679.717,7755.459,1122536.0,1205413.77,1309449.61,92.055,5118.487,424.507,5542.994,108487.083,6633.681,508.144,115628.908,137074.149,84.355,2023-04-01,4.354827321601346
ScheduledDomestic,Vistara,2023,5,7564,12184.683,8113.8,1194522.0,1283096.456,1376246.621,93.232,6720.659,490.025,7210.684,115478.681,7848.972,571.488,123899.141,144379.418,85.815,2023-05-01,4.519848447675384
ScheduledDomestic,Vistara,2023,6,6465,10576.5,7073.169,1011426.0,1110888.706,1193840.268,93.052,6041.564,439.786,6481.35,99979.984,6788.746,502.104,107270.833,124090.631,86.446,2023-06-01,4.050045324584328
ScheduledDomestic,Vistara,2023,7,6888,11479.783,7543.978,1019501.0,1110647.261,1277100.432,86.966,6830.812,396.797,7227.609,99958.253,8679.36,489.305,109126.918,132927.878,82.095,2023-07-01,4.212803604619162
ScheduledDomestic,Vistara,2023,8,7813,12805.517,8482.307,1216689.0,1318118.448,1444073.452,91.278,7099.862,489.382,7589.244,118630.683,8958.76,597.561,128187.004,150903.654,84.946,2023-08-01,4.897049934422326
ScheduledDomestic,Vistara,2023,9,7814,13065.083,8468.408,1229406.0,1330166.894,1446308.144,91.97,6844.484,449.269,7293.754,119714.918,8643.211,544.804,128902.933,151742.324,84.949,2023-09-01,5.019397709509838
ScheduledDomestic,Vistara,2023,10,8088,13152.9,8663.237,1230575.0,1318667.722,1478793.688,89.172,7189.357,436.593,7625.95,118679.598,8895.738,533.504,128108.84,155400.72,82.438,2023-10-01,4.869035863832624
ScheduledDomestic,Vistara,2023,11,7903,13058.517,8482.604,1197231.0,1285031.061,1438035.308,89.36,6635.758,420.611,7056.37,115652.795,8214.52,519.491,124386.806,150384.297,82.713,2023-11-01,4.700408169547012
ScheduledDomestic,Vistara,2023,12,8347,13685.15,8922.878,1317548.0,1406772.322,1508457.24,93.259,6510.727,486.511,6997.238,126625.873,8137.607,596.662,135360.142,157654.72,85.859,2023-12-01,4.774640815136122
ScheduledDomestic,Vistara,2024,1,8227,13022.567,8754.576,1303105.0,1392873.435,1478119.988,94.233,6340.482,424.724,6765.207,125358.561,7897.868,521.614,133778.043,154330.434,86.683,2024-01-01,4.961713356701387
ScheduledDomestic,Vistara,2024,2,7909,11923.6,8367.314,1255231.0,1333499.635,1409682.192,94.596,6144.95,408.79,6553.74,120014.844,7691.449,496.896,128203.188,147023.835,87.199,2024-02-01,4.962444175858479
ScheduledDomestic,Vistara,2024,3,8265,13532.75,8843.67,1283738.0,1375526.465,1488942.789,92.383,6352.264,405.755,6758.019,111776.734,7123.487,508.752,119408.973,139327.22,85.704,2024-03-01,4.801724604839151
ScheduledDomestic,Vistara,2024,4,7971,9675.66,8319.128,1217667.0,1281430.031,1409129.138,90.938,5476.925,335.179,5812.104,115326.4,6872.325,400.76,122599.485,148299.0,82.67,2024-04-01,4.612358227788262
ScheduledDomestic,Vistara,2024,5,8092,13291.683,8683.315,1270944.0,1365228.882,1461994.78,93.381,7002.308,380.578,7382.885,122870.641,8856.874,450.123,132177.638,152392.895,86.735,2024-05-01,4.606438090767283
ScheduledDomestic,Vistara,2024,6,8349,13772.717,8959.558,1276193.0,1372648.824,1507971.156,91.026,7236.659,386.285,7622.944,123538.394,8892.669,458.493,132889.557,157318.948,84.471,2024-06-01,4.831931023181584
ScheduledDomestic,Vistara,2024,7,8550,14369.3,9146.064,1293519.0,1386126.915,1540458.245,89.981,7360.863,424.606,7785.468,124751.341,9141.867,507.149,134400.358,160783.118,83.591,2024-07-01,4.980396354411119
ScheduledDomestic,Vistara,2024,8,9068,14883.45,9565.573,1353907.0,1429645.382,1611462.916,88.717,7471.076,418.134,7889.21,128667.725,9290.867,492.627,138451.219,168265.793,82.281,2024-08-01,5.155502384145733
ScheduledDomestic,Vistara,2024,9,8582,14081.017,9118.022,1308202.0,1397469.638,1537125.558,90.914,7452.644,427.907,7880.551,125772.109,9353.0,509.47,135634.579,160593.885,84.458,2024-09-01,5.020988174404959
ScheduledDomestic,Vistara,2024,10,8559,13998.75,9135.55,1243110.0,1324020.59,1538192.978,86.076,7174.246,385.571,7559.817,119160.966,8935.573,459.673,128556.212,160466.925,80.114,2024-10-01,4.551118227588934
ScheduledDomestic,Vistara,2024,11,2786,4521.833,2988.928,415141.0,443377.094,503556.103,88.049,1249.098,72.404,1321.502,39903.538,1597.413,86.042,41586.992,52588.572,79.08,2024-11-01,1.4566078977052077
ScheduledDomestic,Zoom Air,2017,2,36,48.5,31.524,1141.0,907.0,1545.0,58.706,0.0,0.0,0.0,249.565,0.0,0.0,249.565,1467.442,17.007,2017-02-01,0.006713470717264624
ScheduledDomestic,Zoom Air,2017,3,100,126.55,81.444,2452.0,2976.0,3991.0,74.568,0.0,0.0,0.0,873.43,0.0,0.0,873.43,6113.784,14.286,2017-03-01,0.013827664442059379
ScheduledDomestic,Zoom Air,2017,4,120,143.0,78.84,2669.0,3078.0,3863.0,79.679,0.0,0.0,0.0,499.0,0.0,0.0,499.0,7215.0,6.916,2017-04-01,0.014907991051854003
ScheduledDomestic,Zoom Air,2017,5,116,132.49,76.212,2573.0,2990.0,3734.0,80.075,0.0,0.0,0.0,499.0,0.0,0.0,499.0,7093.0,7.035,2017-05-01,0.012898539427145436
ScheduledDomestic,Zoom Air,2017,6,116,132.03,77.148,2399.0,2783.865,3780.0,73.647,0.0,0.0,0.0,1108.84,0.0,0.0,1108.84,8151.0,13.604,2017-06-01,0.012812961525651454
ScheduledDomestic,Zoom Air,2017,7,45,55.15,30.059,813.0,929.0,1473.0,63.069,0.0,0.0,0.0,1109.0,0.0,0.0,1109.0,2744.0,40.415,2017-07-01,0.0043420420383371875
ScheduledDomestic,Zoom Air,2017,8,0,0.0,0.0,0.0,0.0,0.0,0.0,0.0,0.0,0.0,0.0,0.0,0.0,0.0,0.0,0.0,2017-08-01,0.0
ScheduledDomestic,Zoom Air,2017,9,52,65.18,40.0,1056.0,1067.44,1948.0,54.797,0.0,0.0,0.0,540.0,0.0,0.0,540.0,3440.0,15.698,2017-09-01,0.005645062222377604
ScheduledDomestic,Zoom Air,2017,10,114,148.36,87.0,3098.0,2966.0,4270.0,69.461,0.0,0.0,0.0,540.0,0.0,0.0,540.0,7541.0,7.161,2017-10-01,0.015197305966016901
ScheduledDomestic,Zoom Air,2017,11,120,159.45,92.0,3623.0,3527.0,4495.0,78.465,0.0,0.0,0.0,540.0,0.0,0.0,540.0,7938.0,6.803,2017-11-01,0.0176991401188114
ScheduledDomestic,Zoom Air,2017,12,124,172.35,95.0,3798.0,3663.0,4645.0,78.859,0.0,0.0,0.0,540.0,0.0,0.0,540.0,8202.0,6.584,2017-12-01,0.017327369579380157
ScheduledDomestic,Zoom Air,2018,1,101,129.25,77.0,2772.0,2774.0,3779.0,73.406,0.0,0.0,0.0,540.0,0.0,0.0,540.0,6646.0,8.125,2018-01-01,0.01210679979371271
ScheduledDomestic,Zoom Air,2018,2,100,127.0,77.0,2911.0,2891.0,3746.0,77.176,0.0,0.0,0.0,540.0,0.0,0.0,540.0,6615.0,8.163,2018-02-01,0.01357716320216578
ScheduledDomestic,Zoom Air,2018,3,60,73.54,46.0,1365.0,1422.0,2238.0,63.539,0.0,0.0,0.0,540.0,0.0,0.0,540.0,3899.0,13.85,2018-03-01,0.005911735579024833
ScheduledDomestic,Zoom Air,2018,4,88,115.13,67.0,2254.0,2244.0,3270.0,68.624,0.0,0.0,0.0,1211.0,0.0,0.0,1211.0,6214.0,19.488,2018-04-01,0.009820924547239693
ScheduledDomestic,Zoom Air,2018,5,169,217.56,122.0,4772.0,4169.0,5963.0,69.914,0.0,0.0,0.0,1211.0,0.0,0.0,1211.0,16579.0,7.304,2018-05-01,0.02018845832775598
ScheduledDomestic,Zoom Air,2018,6,152,188.01,109.0,4258.0,3881.0,15608.0,24.865,0.0,0.0,0.0,1231.68,0.0,0.0,1231.68,14847.292,8.296,2018-06-01,0.01886017400082935
ScheduledDomestic,Zoom Air,2018,7,0,0.0,0.0,0.0,0.0,0.0,0.0,0.0,0.0,0.0,0.0,0.0,0.0,0.0,0.0,0.0,2018-07-01,0.0
ScheduledDomestic,Zoom Air,2018,8,0,0.0,0.0,0.0,0.0,0.0,0.0,0.0,0.0,0.0,0.0,0.0,0.0,0.0,0.0,0.0,2018-08-01,0.0
ScheduledDomestic,Zoom Air,2018,9,0,0.0,0.0,0.0,0.0,0.0,0.0,0.0,0.0,0.0,0.0,0.0,0.0,0.0,0.0,0.0,2018-09-01,0.0
ScheduledDomestic,Zoom Air,2018,10,0,0.0,0.0,0.0,0.0,0.0,0.0,0.0,0.0,0.0,0.0,0.0,0.0,0.0,0.0,0.0,2018-10-01,0.0
ScheduledDomestic,Zoom Air,2018,11,0,0.0,0.0,0.0,0.0,0.0,0.0,0.0,0.0,0.0,0.0,0.0,0.0,0.0,0.0,0.0,2018-11-01,0.0
ScheduledDomestic,Zoom Air,2018,12,0,0.0,0.0,0.0,0.0,0.0,0.0,0.0,0.0,0.0,0.0,0.0,0.0,0.0,0.0,0.0,2018-12-01,0.0
