Year,Month,Airline,Flights,Passengers,PLF,PaxKm,MarketShare,FlightHours,Date,MonthName
2015,1,Air Costa,1032,65179.0,76.492,51209.0,0.524255345708995,1150.0,2015-01-01,Jan 2015
2015,1,Air India,8840,1104361.0,82.634,1074907.0,8.882725384595215,15537.0,2015-01-01,Jan 2015
2015,1,Air India Express,71,14633.0,84.234,9403.0,0.11769785473480299,122.0,2015-01-01,Jan 2015
2015,1,AirAsia India,598,81434.0,76.271,68778.0,0.6549994602934427,784.4,2015-01-01,Jan 2015
2015,1,Alliance Air,581,19612.0,67.261,12072.0,0.15774552908214012,895.0,2015-01-01,Jan 2015
2015,1,Go First,3947,552971.0,79.214,533961.0,4.4477209342280295,7459.0,2015-01-01,Jan 2015
2015,1,IndiGo,16280,2276404.0,85.162,2378975.0,18.30983853684989,28759.21,2015-01-01,Jan 2015
2015,1,Jet Airways,11179,1221962.0,86.96,1024836.0,9.828627483595254,17606.0,2015-01-01,Jan 2015
2015,1,JetLite,2152,277588.0,87.367,216745.0,2.232728223886045,3172.0,2015-01-01,Jan 2015
2015,1,SpiceJet,5667,587198.0,80.033,533684.627,4.723019538342572,7301.0,2015-01-01,Jan 2015
2015,1,Total Domestic,50563,6216341.0,83.611,5918413.627,50.0,83076.77,2015-01-01,Jan 2015
2015,1,Vistara,216,14999.0,45.417,13843.0,0.12064170868361307,291.16,2015-01-01,Jan 2015
2015,2,Air Costa,950,61717.0,77.885,47820.0,0.5152792052358652,1310.0,2015-02-01,Feb 2015
2015,2,Air India,7974,1010005.0,83.58,972342.0,8.432596751045095,14006.0,2015-02-01,Feb 2015
2015,2,Air India Express,63,12083.0,69.235,7728.0,0.10088174468728163,120.0,2015-02-01,Feb 2015
2015,2,AirAsia India,526,72278.0,77.852,64777.0,0.6034536739640272,725.5,2015-02-01,Feb 2015
2015,2,Alliance Air,669,22047.0,65.559,12788.0,0.18407182199126856,1003.0,2015-02-01,Feb 2015
2015,2,Go First,3545,534795.0,85.897,518968.0,4.465037875530479,6721.32,2015-02-01,Feb 2015
2015,2,IndiGo,15285,2230645.0,88.032,2311979.0,18.6237986740016,27131.57,2015-02-01,Feb 2015
2015,2,Jet Airways,10598,1186492.0,89.509,994733.0,9.906098073119436,16845.0,2015-02-01,Feb 2015
2015,2,JetLite,2057,272590.0,89.673,209149.0,2.2758714544654555,3033.0,2015-02-01,Feb 2015
2015,2,SpiceJet,4860,552726.0,85.573,490208.771,4.614744948607334,6273.0,2015-02-01,Feb 2015
2015,2,Total Domestic,46913,5988695.0,86.565,5662817.771,50.0,77742.71,2015-02-01,Feb 2015
2015,2,Vistara,386,33317.0,58.578,32325.0,0.278165777352161,574.32,2015-02-01,Feb 2015
2015,3,Air Costa,1046,61790.0,69.232,46619.0,0.49425230720400537,1432.0,2015-03-01,Mar 2015
2015,3,Air India,8804,996246.0,74.128,956765.0,7.968876582663238,15531.0,2015-03-01,Mar 2015
2015,3,Air India Express,58,8430.0,56.292,4697.0,0.06743076468246909,92.0,2015-03-01,Mar 2015
2015,3,AirAsia India,546,68790.0,71.675,62519.0,0.5502446384943118,750.5,2015-03-01,Mar 2015
2015,3,Alliance Air,774,25651.0,64.654,16810.0,0.20517989856109306,1218.0,2015-03-01,Mar 2015
2015,3,Go First,3907,550969.0,80.018,532427.0,4.407148396955553,7456.48,2015-03-01,Mar 2015
2015,3,IndiGo,17661,2286128.0,77.006,2332457.0,18.286519478292256,31408.29,2015-03-01,Mar 2015
2015,3,Jet Airways,11926,1296682.0,86.576,1089823.0,10.372035446025313,19015.0,2015-03-01,Mar 2015
2015,3,JetLite,2279,294766.0,87.763,226377.0,2.3578050750169255,3346.0,2015-03-01,Mar 2015
2015,3,SpiceJet,5551,608801.0,83.376,539460.694,4.869741040267125,7153.0,2015-03-01,Mar 2015
2015,3,Total Domestic,53254,6250856.0,78.781,5866034.694,50.0,88517.43,2015-03-01,Mar 2015
2015,3,Vistara,702,52603.0,53.63,58080.0,0.4207663718377131,1115.16,2015-03-01,Mar 2015
2015,4,Air Costa,980,66134.0,76.859,51417.0,0.5057293923340251,1382.0,2015-04-01,Apr 2015
2015,4,Air India,8384,999526.0,78.72,970285.0,7.643416043216181,14863.0,2015-04-01,Apr 2015
2015,4,Air India Express,55,13226.0,74.543,7467.0,0.10113976083421261,108.0,2015-04-01,Apr 2015
2015,4,AirAsia India,536,72313.0,74.412,65906.0,0.5529804570697427,749.5,2015-04-01,Apr 2015
2015,4,Alliance Air,900,33047.0,69.259,20020.0,0.252711755352202,1392.0,2015-04-01,Apr 2015
2015,4,Go First,3808,574464.0,85.541,550878.0,4.392949611966212,7210.04,2015-04-01,Apr 2015
2015,4,IndiGo,17508,2481285.0,85.694,2541928.0,18.974487483859008,30796.04,2015-04-01,Apr 2015
2015,4,Jet Airways,12286,1283278.0,81.962,1089818.0,9.813279147422252,19775.0,2015-04-01,Apr 2015
2015,4,JetLite,1972,229057.0,81.883,203694.0,1.7516082109029365,3085.0,2015-04-01,Apr 2015
2015,4,SpiceJet,6013,706732.0,88.725,618597.851,5.404408396634262,7728.0,2015-04-01,Apr 2015
2015,4,Total Domestic,53256,6538477.0,83.416,6203034.851,50.0,88373.59,2015-04-01,Apr 2015
2015,4,Vistara,814,79415.0,67.307,83024.0,0.6072897404089668,1285.01,2015-04-01,Apr 2015
2015,5,Air Costa,801,61345.0,81.206,51616.0,0.43218107122290517,1221.0,2015-05-01,May 2015
2015,5,Air India,8600,1043708.0,80.575,1024659.0,7.353017222005312,15390.0,2015-05-01,May 2015
2015,5,Air India Express,66,18674.0,93.827,10396.0,0.13156001832287115,117.85,2015-05-01,May 2015
2015,5,Air Pegasus,124,6348.0,77.953,2871.0,0.044722233924900184,151.0,2015-05-01,May 2015
2015,5,AirAsia India,646,93778.0,81.356,96130.0,0.6606744885017785,997.1,2015-05-01,May 2015
2015,5,Alliance Air,1029,38835.0,72.06,22802.0,0.27359608608593233,1561.0,2015-05-01,May 2015
2015,5,Go First,3892,612994.0,89.366,596484.0,4.318598151001932,7420.5,2015-05-01,May 2015
2015,5,IndiGo,18477,2769283.0,91.866,2841729.0,19.509849106844573,32107.18,2015-05-01,May 2015
2015,5,Jet Airways,12800,1296787.0,81.169,1121388.0,9.135981657966214,20666.0,2015-05-01,May 2015
2015,5,JetLite,2012,225116.0,79.392,206667.0,1.5859625728162932,3220.0,2015-05-01,May 2015
2015,5,SpiceJet,6836,837236.0,93.093,737036.775,5.898403314799579,8711.0,2015-05-01,May 2015
2015,5,Total Domestic,56190,7097141.0,86.954,6807929.775,50.0,91562.63,2015-05-01,May 2015
2015,5,Vistara,907,93037.0,71.12,96151.0,0.6554540765077093,0.0,2015-05-01,May 2015
2015,6,Air Costa,946,65903.0,79.171,53277.41,0.5016332404351878,1359.0,2015-06-01,Jun 2015
2015,6,Air India,8390,934155.0,73.691,913497.0,7.110498759066094,15099.0,2015-06-01,Jun 2015
2015,6,Air India Express,68,15851.0,85.129,9663.0,0.1206529064555204,121.35,2015-06-01,Jun 2015
2015,6,Air Pegasus,196,9353.0,73.134,4210.4,0.07119214144713155,243.05,2015-06-01,Jun 2015
2015,6,AirAsia India,846,125721.0,83.998,144151.0,0.956949344047346,1413.3,2015-06-01,Jun 2015
2015,6,Alliance Air,938,31659.0,65.277,18470.0,0.24097851021861844,1410.0,2015-06-01,Jun 2015
2015,6,Go First,3827,572147.0,83.581,545826.0,4.355005896776647,7347.13,2015-06-01,Jun 2015
2015,6,IndiGo,17808,2536554.0,86.646,2603141.0,19.307464038948716,31337.16,2015-06-01,Jun 2015
2015,6,Jet Airways,12410,1206583.0,77.684,1044457.0,9.184136384443958,20247.0,2015-06-01,Jun 2015
2015,6,JetLite,1724,186556.0,78.099,172598.0,1.4200065369198198,2813.0,2015-06-01,Jun 2015
2015,6,SpiceJet,6575,800048.0,93.24,684397.023,6.08971777830586,8483.0,2015-06-01,Jun 2015
2015,6,Total Domestic,54710,6568843.0,82.344,6280207.833,50.0,91413.55,2015-06-01,Jun 2015
2015,6,Vistara,982,84313.0,59.266,86520.0,0.6417644629351014,1540.56,2015-06-01,Jun 2015
2015,7,Air Costa,938,68327.0,81.673,55519.0,0.5062915395139626,1356.0,2015-07-01,Jul 2015
2015,7,Air India,8755,1032276.0,78.204,1010073.0,7.648990958820308,15809.0,2015-07-01,Jul 2015
2015,7,Air India Express,11,13999.0,78.159,8506.0,0.1037302276063044,116.0,2015-07-01,Jul 2015
2015,7,Air Pegasus,234,10749.0,71.515,4775.705,0.07964827605830174,272.0,2015-07-01,Jul 2015
2015,7,AirAsia India,989,142636.0,80.228,155029.0,1.056908689538741,1589.4,2015-07-01,Jul 2015
2015,7,Alliance Air,946,30552.0,60.736,17401.0,0.22638516421371616,1353.0,2015-07-01,Jul 2015
2015,7,Go First,3909,566402.0,81.2,528659.0,4.19694323713594,7447.0,2015-07-01,Jul 2015
2015,7,IndiGo,18471,2416916.0,78.439,2470014.0,17.90893969464382,32872.0,2015-07-01,Jul 2015
2015,7,Jet Airways,12878,1329409.0,81.018,1128803.0,9.850696346301131,20947.0,2015-07-01,Jul 2015
2015,7,JetLite,1800,201874.0,80.06,187992.0,1.495852272861997,2947.0,2015-07-01,Jul 2015
2015,7,SpiceJet,6940,831436.0,93.352,707098.0,6.160800451466198,8978.0,2015-07-01,Jul 2015
2015,7,Total Domestic,57078,6747792.0,80.189,6372872.705,50.0,95562.85,2015-07-01,Jul 2015
2015,7,TruJet,144,8345.0,80.738,3391.0,0.06183504174402531,190.0,2015-07-01,Jul 2015
2015,7,Vistara,1063,94871.0,60.315,95612.0,0.7029781000955572,1686.45,2015-07-01,Jul 2015
2015,8,Air Costa,883,62026.0,77.325,51422.0,0.4604500393222819,1282.5,2015-08-01,Aug 2015
2015,8,Air India,8753,1058866.0,79.652,1029339.0,7.860492234498877,15650.0,2015-08-01,Aug 2015
2015,8,Air India Express,64,17014.0,89.827,9519.0,0.1263034367689244,113.18,2015-08-01,Aug 2015
2015,8,Air Pegasus,292,14480.0,77.078,6305.01,0.10749228661185055,335.43,2015-08-01,Aug 2015
2015,8,AirAsia India,1026,134408.0,72.12,144349.0,0.9977778493733155,1631.3,2015-08-01,Aug 2015
2015,8,Alliance Air,854,29539.0,62.238,17581.0,0.2192827799880838,1287.0,2015-08-01,Aug 2015
2015,8,Go First,4072,549462.0,75.586,505306.0,4.0789314078950705,7506.22,2015-08-01,Aug 2015
2015,8,IndiGo,18510,2384943.0,76.84,2431071.0,17.70462544951151,32595.43,2015-08-01,Aug 2015
2015,8,Jet Airways,12938,1333154.0,80.797,1133189.0,9.89666932774413,20705.0,2015-08-01,Aug 2015
2015,8,JetLite,1830,204803.0,78.744,189635.0,1.520355164017046,2960.0,2015-08-01,Aug 2015
2015,8,SpiceJet,6960,829670.0,92.123,709557.871,6.1590556238435115,8976.0,2015-08-01,Aug 2015
2015,8,Total Domestic,57561,6735367.0,78.989,6335025.881,50.0,95132.48,2015-08-01,Aug 2015
2015,8,TruJet,300,17932.0,83.736,7723.0,0.1331182101881011,418.04,2015-08-01,Aug 2015
2015,8,Vistara,1079,99070.0,62.903,100029.0,0.7354461902372952,1672.38,2015-08-01,Aug 2015
2015,9,Air Costa,839,59341.0,78.929,50220.0,0.44702510334362217,1230.0,2015-09-01,Sep 2015
2015,9,Air India,8364,990986.0,77.21,949092.0,7.465253687367633,14905.0,2015-09-01,Sep 2015
2015,9,Air India Express,66,15460.0,82.557,9054.0,0.11646261602757618,117.35,2015-09-01,Sep 2015
2015,9,Air Pegasus,318,15271.0,73.23,6401.0,0.11503884924690269,365.24,2015-09-01,Sep 2015
2015,9,AirAsia India,1017,124861.0,67.686,133601.0,0.9405975873104261,1599.8,2015-09-01,Sep 2015
2015,9,Alliance Air,898,29211.0,62.329,16390.0,0.22005106576853348,1173.0,2015-09-01,Sep 2015
2015,9,Go First,4085,579120.0,79.828,535519.0,4.3626022117651955,7316.59,2015-09-01,Sep 2015
2015,9,IndiGo,18402,2430449.0,79.415,2489033.0,18.308955282122024,32127.4,2015-09-01,Sep 2015
2015,9,Jet Airways,12646,1272577.0,77.879,1072992.0,9.586523060577285,20154.0,2015-09-01,Sep 2015
2015,9,JetLite,1700,184198.0,74.936,163819.0,1.3875925580237696,2715.0,2015-09-01,Sep 2015
2015,9,SpiceJet,6767,818950.0,93.015,702162.801,6.169279391706566,8593.0,2015-09-01,Sep 2015
2015,9,Total Domestic,56510,6637323.0,79.321,6232045.801,50.0,92384.81,2015-09-01,Sep 2015
2015,9,TruJet,340,19321.0,78.953,6287.0,0.14554813740419142,466.29,2015-09-01,Sep 2015
2015,9,Vistara,1068,97578.0,62.385,97475.0,0.7350704493362761,1622.14,2015-09-01,Sep 2015
2015,10,Air Costa,773,57942.0,78.431,50267.0,0.41337012871105316,972.11,2015-10-01,Oct 2015
2015,10,Air India,8812,1015358.0,74.735,980553.0,7.243772516443987,15867.0,2015-10-01,Oct 2015
2015,10,Air India Express,43,11644.0,77.741,4750.0,0.08307068756189814,68.0,2015-10-01,Oct 2015
2015,10,Air Pegasus,383,19484.0,77.288,8089.0,0.13900285781999513,428.14,2015-10-01,Oct 2015
2015,10,AirAsia India,1048,150139.0,80.601,163238.0,1.071122463058728,1600.0,2015-10-01,Oct 2015
2015,10,Alliance Air,851,36433.0,68.224,19744.0,0.25992050497617963,1374.0,2015-10-01,Oct 2015
2015,10,Go First,4132,594406.0,81.228,563459.0,4.240614489086021,7482.47,2015-10-01,Oct 2015
2015,10,IndiGo,19105,2589861.0,82.441,2691402.0,18.476600305714967,33699.34,2015-10-01,Oct 2015
2015,10,Jet Airways,13264,1316959.0,77.072,1133496.0,9.395455996292496,21424.0,2015-10-01,Oct 2015
2015,10,JetLite,1641,171551.0,75.86,147201.0,1.2238800688707652,2509.0,2015-10-01,Oct 2015
2015,10,SpiceJet,7414,899332.0,92.083,781628.0,6.416019201856492,9408.0,2015-10-01,Oct 2015
2015,10,Total Domestic,59137,7008489.0,80.509,6678597.0,50.0,97315.67,2015-10-01,Oct 2015
2015,10,TruJet,421,22565.0,75.8,9591.0,0.16098334462678046,562.36,2015-10-01,Oct 2015
2015,10,Vistara,1250,122815.0,67.027,125179.0,0.8761874349806357,1921.25,2015-10-01,Oct 2015
2015,11,Air Costa,628,45620.0,78.01,39962.0,0.3129138202963778,813.0,2015-11-01,Nov 2015
2015,11,Air India,8732,1119595.0,81.964,1071721.0,7.679455252843558,15816.0,2015-11-01,Nov 2015
2015,11,Air India Express,36,9807.0,80.968,4033.0,0.06726755448589604,56.0,2015-11-01,Nov 2015
2015,11,Air Pegasus,440,22296.0,78.08,9081.074,0.15293131383884348,480.0,2015-11-01,Nov 2015
2015,11,AirAsia India,1098,161812.0,82.983,181137.0,1.1098906420385244,1446.0,2015-11-01,Nov 2015
2015,11,Alliance Air,934,34705.0,70.686,20142.0,0.23804634224870216,1299.0,2015-11-01,Nov 2015
2015,11,Go First,4088,602623.0,83.455,568787.0,4.133473588962387,7373.0,2015-11-01,Nov 2015
2015,11,IndiGo,18710,2597765.0,83.925,2683285.0,17.818425479662864,33250.0,2015-11-01,Nov 2015
2015,11,Jet Airways,12995,1355202.0,80.595,1187543.0,9.29551589419754,21140.0,2015-11-01,Nov 2015
2015,11,JetLite,1789,200683.0,79.159,167900.0,1.376512148148575,2768.0,2015-11-01,Nov 2015
2015,11,SpiceJet,7885,977293.0,90.724,872118.867,6.7033863695508105,10299.0,2015-11-01,Nov 2015
2015,11,Total Domestic,59057,7289547.0,83.261,6954948.941,50.0,97334.73,2015-11-01,Nov 2015
2015,11,TruJet,454,25789.0,79.658,10722.0,0.17689027864145743,614.87,2015-11-01,Nov 2015
2015,11,Vistara,1268,136357.0,72.169,138517.0,0.9352913150844627,1979.86,2015-11-01,Nov 2015
2015,12,Air Costa,691,55444.0,87.056,45720.0,0.36120472106896373,833.1,2015-12-01,Dec 2015
2015,12,Air India,8857,1217671.0,86.947,1158949.0,7.9328423978927605,16222.0,2015-12-01,Dec 2015
2015,12,Air India Express,56,10568.0,62.255,5532.0,0.0688480537525577,97.0,2015-12-01,Dec 2015
2015,12,Air Pegasus,384,20554.0,82.615,8516.0,0.13390451332608544,424.02,2015-12-01,Dec 2015
2015,12,AirAsia India,1230,181483.0,82.728,206958.0,1.1823193924276523,1726.0,2015-12-01,Dec 2015
2015,12,Alliance Air,827,33139.0,72.196,17631.0,0.21589285137263528,1166.0,2015-12-01,Dec 2015
2015,12,Go First,4200,639264.0,86.502,603414.0,4.164655775366677,7560.3,2015-12-01,Dec 2015
2015,12,IndiGo,18677,2743325.0,88.493,2835728.0,17.872122166988582,33391.32,2015-12-01,Dec 2015
2015,12,Jet Airways,12595,1393452.0,83.707,1226114.0,9.078014590992527,20707.0,2015-12-01,Dec 2015
2015,12,JetLite,1807,217169.0,83.0,175735.0,1.4148053544085164,2739.0,2015-12-01,Dec 2015
2015,12,SpiceJet,7653,976517.0,92.13,869627.138,6.361780365848446,9933.0,2015-12-01,Dec 2015
2015,12,Total Domestic,58821,7674872.0,86.973,7331974.138,50.0,97684.9,2015-12-01,Dec 2015
2015,12,TruJet,470,27938.0,82.729,12636.0,0.18200955012669917,652.19,2015-12-01,Dec 2015
2015,12,Vistara,1374,158348.0,77.59,165414.0,1.031600266427896,2233.97,2015-12-01,Dec 2015
2016,1,Air Costa,765,58607.0,83.985,47775.0,0.38451601186687256,903.36,2016-01-01,Jan 2016
2016,1,Air India,8964,1157645.0,82.018,1099577.0,7.59521965904458,16491.0,2016-01-01,Jan 2016
2016,1,Air India Express,169,9535.0,62.312,6248.0,0.06255840041549013,170.0,2016-01-01,Jan 2016
2016,1,Air Pegasus,428,23487.0,83.776,9528.31,0.15409639754154345,464.24,2016-01-01,Jan 2016
2016,1,AirAsia India,1196,174996.0,81.921,198046.0,1.1481352741593194,1667.0,2016-01-01,Jan 2016
2016,1,Alliance Air,884,29601.0,64.447,17226.0,0.19420988051378324,1210.0,2016-01-01,Jan 2016
2016,1,Blue Dart Aviation,455,0.0,0.0,0.0,0.0,855.3,2016-01-01,Jan 2016
2016,1,Go First,4116,618650.0,84.872,584844.0,4.058914988677816,7517.09,2016-01-01,Jan 2016
2016,1,IndiGo,19350,2725711.0,84.659,2818080.0,17.88317987990624,34712.57,2016-01-01,Jan 2016
2016,1,Jet Airways,13044,1426254.0,82.496,1255562.0,9.357542614178758,21606.0,2016-01-01,Jan 2016
2016,1,JetLite,1751,206231.0,82.467,164717.0,1.3530657027883528,2638.0,2016-01-01,Jan 2016
2016,1,SpiceJet,8014,1010933.0,92.114,896984.433,6.6326535298618445,10372.0,2016-01-01,Jan 2016
2016,1,Total Domestic,60969,7620879.0,84.258,7270990.743,50.0,101540.73,2016-01-01,Jan 2016
2016,1,TruJet,486,29163.0,83.11,13182.0,0.19133619625767578,694.17,2016-01-01,Jan 2016
2016,1,Vistara,1347,150066.0,74.821,159221.0,0.9845714647877233,2240.0,2016-01-01,Jan 2016
2016,2,Air Costa,690,56760.0,87.055,44041.0,0.38127004841645973,798.0,2016-02-01,Feb 2016
2016,2,Air India,8482,1085634.0,80.195,1015279.0,7.292454681863194,15485.0,2016-02-01,Feb 2016
2016,2,Air India Express,144,6724.0,53.495,3444.0,0.0451666632408787,130.0,2016-02-01,Feb 2016
2016,2,Air Pegasus,340,19135.0,85.418,7789.24,0.12853422086767013,371.14,2016-02-01,Feb 2016
2016,2,AirAsia India,1084,166829.0,86.772,189144.0,1.120628980043509,1526.0,2016-02-01,Feb 2016
2016,2,Alliance Air,775,35835.0,66.036,19904.0,0.24071198352719936,1423.0,2016-02-01,Feb 2016
2016,2,Blue Dart Aviation,479,0.0,0.0,0.0,0.0,832.55,2016-02-01,Feb 2016
2016,2,Go First,3923,595139.0,86.354,560809.0,3.9976863168520693,7099.13,2016-02-01,Feb 2016
2016,2,IndiGo,19056,2754131.0,86.047,2824045.0,18.500134949176754,34033.75,2016-02-01,Feb 2016
2016,2,Jet Airways,12438,1366421.0,83.04,1187499.0,9.178565906047698,20383.0,2016-02-01,Feb 2016
2016,2,JetLite,1746,206391.0,80.895,167434.0,1.3863760846145445,2730.0,2016-02-01,Feb 2016
2016,2,SpiceJet,7642,976302.0,92.31,860370.314,6.558046349702017,9829.0,2016-02-01,Feb 2016
2016,2,Total Domestic,58590,7443543.0,84.847,7043336.554,50.0,97464.566,2016-02-01,Feb 2016
2016,2,TruJet,450,25585.0,78.859,11608.0,0.17186036273317692,650.916,2016-02-01,Feb 2016
2016,2,Vistara,1341,148657.0,73.875,151970.0,0.9985634529148283,2173.08,2016-02-01,Feb 2016
2016,3,Air Costa,608,54387.0,82.081,44391.0,0.3470594106084155,775.43,2016-03-01,Mar 2016
2016,3,Air India,9029,1086743.0,75.922,1026262.0,6.93482606253004,16452.0,2016-03-01,Mar 2016
2016,3,Air India Express,156,6715.0,54.652,3883.0,0.042850385978919776,141.0,2016-03-01,Mar 2016
2016,3,Air Pegasus,284,14420.0,76.563,5968.4,0.09201825254147777,325.1,2016-03-01,Mar 2016
2016,3,AirAsia India,1216,176832.0,82.666,205005.0,1.1284168955211231,2043.0,2016-03-01,Mar 2016
2016,3,Alliance Air,960,37784.0,64.934,20673.0,0.24111079431533952,1485.0,2016-03-01,Mar 2016
2016,3,Blue Dart Aviation,507,0.0,0.0,0.0,0.0,909.0,2016-03-01,Mar 2016
2016,3,Go First,4308,655518.0,86.327,620742.0,4.183052764874094,7780.77,2016-03-01,Mar 2016
2016,3,IndiGo,21267,3023228.0,85.118,3086455.0,19.292105242334724,37886.86,2016-03-01,Mar 2016
2016,3,Jet Airways,13293,1381232.0,79.151,1200354.0,8.81404680959573,21878.0,2016-03-01,Mar 2016
2016,3,JetLite,1885,206092.0,76.988,177966.0,1.315133543881986,2995.0,2016-03-01,Mar 2016
2016,3,SpiceJet,8008,1006417.0,91.114,887421.715,6.422242279336785,10300.0,2016-03-01,Mar 2016
2016,3,Total Domestic,63444,7835402.0,82.814,7454918.115,50.0,105991.29,2016-03-01,Mar 2016
2016,3,TruJet,496,27950.0,77.893,12695.0,0.1783571538512,708.9,2016-03-01,Mar 2016
2016,3,Vistara,1427,158084.0,74.709,163102.0,1.0087804046301645,2311.23,2016-03-01,Mar 2016
2016,4,Air Costa,714,64459.0,84.009,52416.0,0.40812643884846533,879.19,2016-04-01,Apr 2016
2016,4,Air India,9008,1117795.0,79.197,1059358.0,7.077393268785125,16248.0,2016-04-01,Apr 2016
2016,4,Air India Express,146,6740.0,55.579,3631.0,0.04267475756432238,126.0,2016-04-01,Apr 2016
2016,4,Air Pegasus,398,20385.0,78.099,8338.09,0.1290689811496605,442.75,2016-04-01,Apr 2016
2016,4,AirAsia India,1110,167422.0,84.814,187232.0,1.0600435105243298,1813.0,2016-04-01,Apr 2016
2016,4,Alliance Air,918,44691.0,69.567,25333.0,0.28296403417019755,1695.0,2016-04-01,Apr 2016
2016,4,Blue Dart Aviation,482,0.0,0.0,0.0,0.0,859.1,2016-04-01,Apr 2016
2016,4,Go First,4349,676012.0,87.764,641370.0,4.2802148680374925,7780.067,2016-04-01,Apr 2016
2016,4,IndiGo,21328,3066556.0,85.832,3141475.0,19.41610294620448,37918.45,2016-04-01,Apr 2016
2016,4,Jet Airways,12302,1255053.0,78.476,1108620.0,7.946451410293101,19966.0,2016-04-01,Apr 2016
2016,4,JetLite,2124,240818.0,78.3,211297.0,1.5247551583271495,3432.0,2016-04-01,Apr 2016
2016,4,SpiceJet,8002,1021299.0,93.199,888876.861,6.466422437045235,10208.0,2016-04-01,Apr 2016
2016,4,Total Domestic,63017,7896940.0,84.031,7530391.951,50.0,104680.697,2016-04-01,Apr 2016
2016,4,TruJet,588,32830.0,78.057,14684.0,0.20786532504995606,836.49,2016-04-01,Apr 2016
2016,4,Vistara,1548,182880.0,77.862,187761.0,1.1579168640004862,2476.65,2016-04-01,Apr 2016
2016,5,Air Costa,714,65321.0,85.679,53773.46,0.3787435577762365,906.417,2016-05-01,May 2016
2016,5,Air India,9390,1246137.0,85.057,1193980.0,7.225338878103611,17137.0,2016-05-01,May 2016
2016,5,Air India Express,170,12727.0,74.013,9490.0,0.07379356194513498,181.0,2016-05-01,May 2016
2016,5,Air Pegasus,398,21015.0,80.031,8661.54,0.12184895924232039,445.85,2016-05-01,May 2016
2016,5,AirAsia India,1218,190379.0,86.76,215828.0,1.1038535813273238,2050.0,2016-05-01,May 2016
2016,5,Alliance Air,1005,50046.0,70.887,28705.0,0.29017620814852085,1809.0,2016-05-01,May 2016
2016,5,Blue Dart Aviation,503,0.0,0.0,0.0,0.0,900.5,2016-05-01,May 2016
2016,5,Go First,4490,700766.0,88.585,670288.0,4.063174293238348,8085.966,2016-05-01,May 2016
2016,5,IndiGo,22781,3336839.0,87.237,3408589.0,19.347625948569362,40739.85,2016-05-01,May 2016
2016,5,Jet Airways,12812,1387661.0,82.615,1230675.0,8.045921895367954,21040.0,2016-05-01,May 2016
2016,5,JetLite,2172,254309.0,80.856,225511.0,1.4745318570523558,3576.0,2016-05-01,May 2016
2016,5,QuikJet Cargo,50,0.0,0.0,0.0,0.0,111.783,2016-05-01,May 2016
2016,5,SpiceJet,8659,1096114.0,93.521,943748.375,6.355477045488307,10946.0,2016-05-01,May 2016
2016,5,Total Domestic,66878,8623381.0,86.436,8231315.375,50.0,111832.976,2016-05-01,May 2016
2016,5,TruJet,719,40842.0,80.696,18372.0,0.23680966896858666,1024.38,2016-05-01,May 2016
2016,5,Vistara,1797,221225.0,80.108,223694.0,1.2827045447719403,2879.23,2016-05-01,May 2016
2016,6,Air Costa,698,62187.0,81.51,49822.0,0.39191226489329,876.183,2016-06-01,Jun 2016
2016,6,Air India,8972,1156490.0,82.532,1116084.0,7.288382060984465,16245.0,2016-06-01,Jun 2016
2016,6,Air India Express,145,7897.0,66.913,4344.0,0.049768137325523196,125.0,2016-06-01,Jun 2016
2016,6,Air Pegasus,278,14296.0,75.21,5457.34,0.09009564280178291,306.683,2016-06-01,Jun 2016
2016,6,AirAsia India,1080,173192.0,90.175,205349.0,1.091483251827531,1863.0,2016-06-01,Jun 2016
2016,6,Alliance Air,955,44202.0,65.504,25925.0,0.2785679632851432,1745.0,2016-06-01,Jun 2016
2016,6,Blue Dart Aviation,515,0.0,0.0,0.0,0.0,911.5,2016-06-01,Jun 2016
2016,6,Go First,4431,663991.0,84.578,612664.0,4.184575822579647,7960.98,2016-06-01,Jun 2016
2016,6,IndiGo,23025,3023081.0,77.853,3088436.0,19.05193242423452,41265.45,2016-06-01,Jun 2016
2016,6,Jet Airways,12342,1290114.0,79.079,1125175.0,8.13050154711663,20435.0,2016-06-01,Jun 2016
2016,6,JetLite,2086,226769.0,75.166,199153.0,1.4291339411386057,3388.0,2016-06-01,Jun 2016
2016,6,QuikJet Cargo,57,0.0,0.0,0.0,0.0,126.983,2016-06-01,Jun 2016
2016,6,SpiceJet,8072,1010110.0,93.039,877889.454,6.365872254512377,10238.0,2016-06-01,Jun 2016
2016,6,Total Domestic,65144,7933791.0,81.002,7567262.794,50.0,109407.942,2016-06-01,Jun 2016
2016,6,TruJet,598,34524.0,80.975,15548.0,0.2175756835540538,833.083,2016-06-01,Jun 2016
2016,6,Vistara,1890,226938.0,78.979,241416.0,1.4301990057464333,3088.08,2016-06-01,Jun 2016
2016,7,Air Costa,744,65239.0,80.808,52340.0,0.38488036491276756,936.0,2016-07-01,Jul 2016
2016,7,Air India,9218,1177504.0,80.752,1121939.0,6.946736908999885,16991.0,2016-07-01,Jul 2016
2016,7,Air India Express,150,7740.0,71.702,4799.0,0.0456624722087221,130.0,2016-07-01,Jul 2016
2016,7,Air Pegasus,256,14231.0,83.951,5530.0,0.08395641369539072,274.383,2016-07-01,Jul 2016
2016,7,AirAsia India,1232,190509.0,85.723,217444.0,1.1239162684769302,2084.0,2016-07-01,Jul 2016
2016,7,Alliance Air,1045,47610.0,65.197,27778.0,0.280877299981558,1917.0,2016-07-01,Jul 2016
2016,7,Blue Dart Aviation,506,0.0,0.0,0.0,0.0,943.083,2016-07-01,Jul 2016
2016,7,Go First,4507,716125.0,90.281,664584.0,4.2248110995440715,8085.966,2016-07-01,Jul 2016
2016,7,IndiGo,23869,3383768.0,83.592,3416019.0,19.96268892257922,42696.016,2016-07-01,Jul 2016
2016,7,Jet Airways,12659,1385366.0,83.827,1191830.0,8.173027968205233,20680.0,2016-07-01,Jul 2016
2016,7,JetLite,2033,238924.0,80.88,216257.0,1.4095427015499638,3393.0,2016-07-01,Jul 2016
2016,7,QuikJet Cargo,0,0.0,0.0,0.0,0.0,0.0,2016-07-01,Jul 2016
2016,7,SpiceJet,8148,993785.0,92.027,861733.018,5.862878545729314,10241.0,2016-07-01,Jul 2016
2016,7,Total Domestic,66859,8475231.0,84.131,8041828.018,50.0,112375.664,2016-07-01,Jul 2016
2016,7,TruJet,523,29327.0,79.38,12939.0,0.17301593313503785,725.866,2016-07-01,Jul 2016
2016,7,Vistara,1969,225103.0,75.22,248636.0,1.3280051009819085,3278.35,2016-07-01,Jul 2016
2016,8,Air Carnival,88,4036.0,65.572,1683.306,0.024169059818782354,122.26,2016-08-01,Aug 2016
2016,8,Air Costa,721,55188.0,70.827,43382.0,0.3304861430324481,885.933,2016-08-01,Aug 2016
2016,8,Air India,9171,1134913.0,78.021,1075713.0,6.796278539671392,16844.0,2016-08-01,Aug 2016
2016,8,Air India Express,152,9139.0,69.841,4870.0,0.054727710030686806,132.0,2016-08-01,Aug 2016
2016,8,Air Pegasus,0,0.0,0.0,0.0,0.0,0.0,2016-08-01,Aug 2016
2016,8,AirAsia India,1236,187620.0,83.347,212354.0,1.123537909613465,2094.0,2016-08-01,Aug 2016
2016,8,Alliance Air,1160,54618.0,66.933,28830.0,0.32707277234446347,2079.0,2016-08-01,Aug 2016
2016,8,Blue Dart Aviation,541,0.0,0.0,0.0,0.0,945.416,2016-08-01,Aug 2016
2016,8,Go First,4449,674131.0,86.046,622573.0,4.036945605722391,7968.6,2016-08-01,Aug 2016
2016,8,IndiGo,23650,3341081.0,82.11,3321459.0,20.0076279852322,42057.93,2016-08-01,Aug 2016
2016,8,Jet Airways,12697,1365257.0,81.714,1165058.0,8.175663553273374,20625.0,2016-08-01,Aug 2016
2016,8,JetLite,2021,234241.0,78.934,210492.0,1.402721690042467,3332.0,2016-08-01,Aug 2016
2016,8,QuikJet Cargo,0,0.0,0.0,0.0,0.0,0.0,2016-08-01,Aug 2016
2016,8,SpiceJet,8283,1053603.0,93.234,912117.463,6.3093642052152,10531.0,2016-08-01,Aug 2016
2016,8,Total Domestic,66620,8349518.0,82.239,7837666.769,50.0,111550.706,2016-08-01,Aug 2016
2016,8,TruJet,559,30534.0,77.679,13144.0,0.18284887822267107,725.867,2016-08-01,Aug 2016
2016,8,Vistara,1892,205157.0,69.194,225991.0,1.2285559477804586,3207.7,2016-08-01,Aug 2016
2016,9,Air Carnival,150,6357.0,60.423,2603.822,0.03876860139693815,153.517,2016-09-01,Sep 2016
2016,9,Air Costa,648,50799.0,73.716,43269.0,0.3098011927580716,836.15,2016-09-01,Sep 2016
2016,9,Air India,8885,1117959.0,79.385,1062026.0,6.8179497953625265,16081.0,2016-09-01,Sep 2016
2016,9,Air India Express,146,9666.0,74.835,4889.0,0.05894876531426839,126.0,2016-09-01,Sep 2016
2016,9,Air Pegasus,0,0.0,0.0,0.0,0.0,0.0,2016-09-01,Sep 2016
2016,9,AirAsia India,1260,187920.0,82.824,213672.0,1.146043035160078,2119.0,2016-09-01,Sep 2016
2016,9,Alliance Air,1169,52990.0,65.834,27763.0,0.32316315683872154,2058.0,2016-09-01,Sep 2016
2016,9,Blue Dart Aviation,520,0.0,0.0,0.0,0.0,932.33,2016-09-01,Sep 2016
2016,9,Go First,4380,686692.0,89.42,632943.0,4.187838356216179,7709.38,2016-09-01,Sep 2016
2016,9,IndiGo,23382,3295826.0,82.052,3275496.0,20.099821372921987,41133.45,2016-09-01,Sep 2016
2016,9,Jet Airways,12545,1326741.0,79.928,1126285.0,8.091221171303307,20088.0,2016-09-01,Sep 2016
2016,9,JetLite,1734,198098.0,77.468,186487.0,1.2081142676625223,2884.0,2016-09-01,Sep 2016
2016,9,QuikJet Cargo,0,0.0,0.0,0.0,0.0,0.0,2016-09-01,Sep 2016
2016,9,SpiceJet,8048,1029704.0,93.476,900939.075,6.279720612369482,10272.0,2016-09-01,Sep 2016
2016,9,Total Domestic,65251,8198645.0,82.528,7714374.897,50.0,108061.493,2016-09-01,Sep 2016
2016,9,TruJet,619,32677.0,75.589,14523.0,0.19928293028909044,705.866,2016-09-01,Sep 2016
2016,9,Vistara,1765,203216.0,72.714,223479.0,1.2393267424068246,2962.8,2016-09-01,Sep 2016
2016,10,Air Carnival,188,7708.0,58.548,3140.474,0.0446055057360435,216.03,2016-10-01,Oct 2016
2016,10,Air Costa,657,51223.0,70.657,48181.0,0.2964229138969066,911.266,2016-10-01,Oct 2016
2016,10,Air India,9117,1030490.0,71.866,980105.0,5.96335334794181,16320.0,2016-10-01,Oct 2016
2016,10,Air India Express,192,11707.0,54.156,5751.45,0.06774736061907906,175.0,2016-10-01,Oct 2016
2016,10,Air Pegasus,0,0.0,0.0,0.0,0.0,0.0,2016-10-01,Oct 2016
2016,10,AirAsia India,1666,235607.0,78.276,239585.0,1.3634366100093414,2547.0,2016-10-01,Oct 2016
2016,10,Alliance Air,1174,57813.0,69.243,30088.0,0.33455865375167143,2090.0,2016-10-01,Oct 2016
2016,10,Blue Dart Aviation,608,0.0,0.0,0.0,0.0,1157.33,2016-10-01,Oct 2016
2016,10,Go First,4651,688261.0,84.39,651560.0,3.9829047721062585,8451.983,2016-10-01,Oct 2016
2016,10,IndiGo,25461,3692828.0,84.897,3706073.0,21.370064937236904,44856.8,2016-10-01,Oct 2016
2016,10,Jet Airways,12773,1265690.0,75.502,1093649.0,7.324434685398665,20466.0,2016-10-01,Oct 2016
2016,10,JetLite,1989,209117.0,71.101,187954.0,1.210141352231994,3234.0,2016-10-01,Oct 2016
2016,10,QuikJet Cargo,26,0.0,0.0,0.0,0.0,75.62,2016-10-01,Oct 2016
2016,10,SpiceJet,8768,1118352.0,91.871,959465.0,6.471802873756581,10989.0,2016-10-01,Oct 2016
2016,10,Total Domestic,70121,8640189.0,81.094,8182443.924,50.0,116108.409,2016-10-01,Oct 2016
2016,10,TruJet,728,39022.0,75.768,17304.0,0.22581681951633234,1011.65,2016-10-01,Oct 2016
2016,10,Vistara,2123,232371.0,69.222,259588.0,1.3447101677984126,3606.73,2016-10-01,Oct 2016
2016,11,Air Carnival,194,9232.0,68.003,3758.463,0.051624470893908585,213.066,2016-11-01,Nov 2016
2016,11,Air Costa,646,52240.0,74.143,49775.0,0.2921211394603319,928.966,2016-11-01,Nov 2016
2016,11,Air India,8887,1068768.0,75.158,1009057.0,5.9764495784598015,16340.0,2016-11-01,Nov 2016
2016,11,Air India Express,205,13865.0,54.457,6765.65,0.07753176873310685,187.0,2016-11-01,Nov 2016
2016,11,Air Pegasus,0,0.0,0.0,0.0,0.0,0.0,2016-11-01,Nov 2016
2016,11,AirAsia India,1634,251322.0,86.911,249659.0,1.4053688555024797,2434.0,2016-11-01,Nov 2016
2016,11,Alliance Air,1117,58611.0,73.528,30073.0,0.32774716893012085,2050.0,2016-11-01,Nov 2016
2016,11,Blue Dart Aviation,496,0.0,0.0,0.0,0.0,882.583,2016-11-01,Nov 2016
2016,11,Go First,4674,719566.0,87.26,671781.0,4.023745019849027,8476.133,2016-11-01,Nov 2016
2016,11,IndiGo,25084,3772583.0,87.947,3807017.0,21.095927348175294,44899.316,2016-11-01,Nov 2016
2016,11,Jet Airways,12318,1327494.0,80.353,1173892.0,7.423220901737249,20345.0,2016-11-01,Nov 2016
2016,11,JetLite,1942,217905.0,74.649,181055.0,1.2185041518779407,3136.0,2016-11-01,Nov 2016
2016,11,QuikJet Cargo,8,0.0,0.0,0.0,0.0,23.433,2016-11-01,Nov 2016
2016,11,SpiceJet,8917,1148498.0,92.533,1005560.0,6.422292198084079,11522.0,2016-11-01,Nov 2016
2016,11,Total Domestic,69012,8941496.0,84.484,8496468.113,50.0,116256.829,2016-11-01,Nov 2016
2016,11,TruJet,709,40965.0,81.239,18287.0,0.2290724057808671,1009.316,2016-11-01,Nov 2016
2016,11,Vistara,2181,260447.0,74.356,289788.0,1.4563949925157937,3810.016,2016-11-01,Nov 2016
2016,12,Air Carnival,234,9752.0,58.908,4007.39,0.05123870838523144,257.067,2016-12-01,Dec 2016
2016,12,Air Costa,582,49599.0,76.893,46128.0,0.26060179421647806,824.833,2016-12-01,Dec 2016
2016,12,Air India,9524,1245063.0,81.54,1180309.0,6.541778094569464,17461.0,2016-12-01,Dec 2016
2016,12,Air India Express,167,10308.0,65.885,5164.98,0.05416002933090297,140.0,2016-12-01,Dec 2016
2016,12,Air Pegasus,0,0.0,0.0,0.0,0.0,0.0,2016-12-01,Dec 2016
2016,12,AirAsia India,1816,277261.0,86.275,277173.0,1.456777637981712,2705.0,2016-12-01,Dec 2016
2016,12,Alliance Air,955,53803.0,74.53,24858.0,0.2826903432373469,1714.0,2016-12-01,Dec 2016
2016,12,Blue Dart Aviation,562,0.0,0.0,0.0,0.0,1021.33,2016-12-01,Dec 2016
2016,12,Go First,4886,780622.0,90.717,736296.0,4.101524099374091,8568.383,2016-12-01,Dec 2016
2016,12,IndiGo,24822,3848322.0,91.405,3893161.0,20.219754791885833,44453.05,2016-12-01,Dec 2016
2016,12,Jet Airways,12662,1449939.0,86.049,1305273.0,7.6182323213057925,21117.0,2016-12-01,Dec 2016
2016,12,JetLite,1970,246132.0,85.659,207488.0,1.2932204442446458,3144.0,2016-12-01,Dec 2016
2016,12,QuikJet Cargo,0,0.0,0.0,0.0,0.0,0.0,2016-12-01,Dec 2016
2016,12,SpiceJet,9284,1210229.0,93.728,1094325.0,6.358754184818525,12241.0,2016-12-01,Dec 2016
2016,12,Total Domestic,70274,9516243.0,88.687,9078808.37,50.0,118384.776,2016-12-01,Dec 2016
2016,12,TruJet,550,31059.0,79.072,14837.0,0.1631894015316759,817.433,2016-12-01,Dec 2016
2016,12,Vistara,2260,304154.0,84.275,289788.0,1.5980781491183025,3920.68,2016-12-01,Dec 2016
2017,1,Air Carnival,278,11041.0,56.559,4552.54,0.05869513292897963,315.016,2017-01-01,Jan 2017
2017,1,Air Costa,490,44092.0,81.12,41089.0,0.23439777204098994,721.3,2017-01-01,Jan 2017
2017,1,Air India,9536,1265046.0,81.754,1207166.0,6.725119385134858,17701.0,2017-01-01,Jan 2017
2017,1,Air India Express,211,9970.0,50.964,5133.69,0.05300158276441689,145.0,2017-01-01,Jan 2017
2017,1,Alliance Air,1027,53021.0,68.235,24534.0,0.281865287838731,1858.0,2017-01-01,Jan 2017
2017,1,Blue Dart Aviation,524,0.0,0.0,0.0,0.0,977.933,2017-01-01,Jan 2017
2017,1,Go First,4945,788337.0,90.81,735410.0,4.1908835257524695,8960.15,2017-01-01,Jan 2017
2017,1,IndiGo,24948,3809228.0,90.006,3854899.0,20.250262097345463,45065.783,2017-01-01,Jan 2017
2017,1,Jet Airways,12661,1476032.0,86.825,1335886.0,7.8467434514471215,21390.0,2017-01-01,Jan 2017
2017,1,JetLite,1907,239705.0,85.448,202121.0,1.2742973316494033,3068.0,2017-01-01,Jan 2017
2017,1,QuikJet Cargo,0,0.0,0.0,0.0,0.0,0.0,2017-01-01,Jan 2017
2017,1,SpiceJet,9490,1229436.0,93.605,1137644.0,6.535812829243095,12721.0,2017-01-01,Jan 2017
2017,1,Total Domestic,70749,9548612.0,88.261,9184893.23,50.761439238044574,120523.478,2017-01-01,Jan 2017
2017,1,TruJet,621,33031.0,74.759,14782.0,0.1755963169800857,874.916,2017-01-01,Jan 2017
2017,1,Vistara,2268,303208.0,85.059,344156.0,1.6118860488298212,4012.38,2017-01-01,Jan 2017
2017,2,Air Carnival,266,13629.0,73.609,5661.302,0.08019096617493386,272.75,2017-02-01,Feb 2017
2017,2,Air Costa,440,40234.0,84.885,35228.0,0.23673074569537672,577.717,2017-02-01,Feb 2017
2017,2,Air India,8445,1084609.0,80.089,1031172.0,6.381674637319601,15452.0,2017-02-01,Feb 2017
2017,2,Air India Express,165,6105.0,40.304,3484.76,0.03592089283865076,145.0,2017-02-01,Feb 2017
2017,2,Alliance Air,1005,51519.0,69.739,24357.0,0.3031299718516705,1847.0,2017-02-01,Feb 2017
2017,2,Blue Dart Aviation,495,0.0,0.0,0.0,0.0,897.833,2017-02-01,Feb 2017
2017,2,Go First,4673,749352.0,90.908,685872.0,4.4090733645255735,8315.533,2017-02-01,Feb 2017
2017,2,IndiGo,22935,3418605.0,87.664,3431547.0,20.114552639258918,41111.3,2017-02-01,Feb 2017
2017,2,Jet Airways,11475,1358382.0,86.888,1231148.0,7.9925133916383455,19497.0,2017-02-01,Feb 2017
2017,2,JetLite,1706,214665.0,84.892,178586.0,1.2630562590022876,2765.0,2017-02-01,Feb 2017
2017,2,QuikJet Cargo,0,0.0,0.0,0.0,0.0,0.0,2017-02-01,Feb 2017
2017,2,SpiceJet,8677,1131788.0,93.647,1040012.0,6.659268708283516,11607.0,2017-02-01,Feb 2017
2017,2,Total Domestic,64556,8616856.0,87.164,8227608.062,50.70027206913756,109411.313,2017-02-01,Feb 2017
2017,2,TruJet,701,38779.0,77.014,16980.0,0.22816974666503487,970.7,2017-02-01,Feb 2017
2017,2,Vistara,2024,270016.0,85.011,308010.0,1.5887331368912572,3537.98,2017-02-01,Feb 2017
2017,2,Zoom Air,36,1141.0,58.706,907.0,0.006713470717264624,48.5,2017-02-01,Feb 2017
2017,3,Air Carnival,280,12970.0,64.799,5376.773,0.07314225441007755,253.15,2017-03-01,Mar 2017
2017,3,Air India,9105,1089418.0,74.748,1046249.0,6.143599731296674,16518.0,2017-03-01,Mar 2017
2017,3,Air India Express,156,5017.0,38.157,2931.6,0.028292574431407792,136.0,2017-03-01,Mar 2017
2017,3,Alliance Air,1156,56487.0,67.764,25526.0,0.3185494622098728,2049.0,2017-03-01,Mar 2017
2017,3,Blue Dart Aviation,505,0.0,0.0,0.0,0.0,905.75,2017-03-01,Mar 2017
2017,3,Go First,5392,802114.0,84.771,741179.0,4.523394468302617,9549.416,2017-03-01,Mar 2017
2017,3,IndiGo,25996,3611371.0,81.583,3592642.0,20.365753003174724,46243.2,2017-03-01,Mar 2017
2017,3,Jet Airways,12772,1388369.0,79.791,1255713.0,7.829486400390513,21458.0,2017-03-01,Mar 2017
2017,3,JetLite,1975,230359.0,79.161,190197.0,1.2990729825482694,3148.0,2017-03-01,Mar 2017
2017,3,QuikJet Cargo,0,0.0,0.0,0.0,0.0,0.0,2017-03-01,Mar 2017
2017,3,SpiceJet,9421,1193225.0,91.412,1065559.0,6.729002815610238,12326.0,2017-03-01,Mar 2017
2017,3,Total Domestic,71713,9007696.0,81.785,8548137.373,50.797470507373774,120620.829,2017-03-01,Mar 2017
2017,3,TruJet,758,41219.0,75.952,17911.0,0.23244800189120945,1054.583,2017-03-01,Mar 2017
2017,3,Vistara,2265,291871.0,82.202,332989.0,1.6459601339185614,3943.18,2017-03-01,Mar 2017
2017,3,Zoom Air,100,2452.0,74.568,2976.0,0.013827664442059379,126.55,2017-03-01,Mar 2017
2017,4,Air Carnival,21,1008.0,66.714,421.368,0.0056302941102543405,4.68,2017-04-01,Apr 2017
2017,4,Air India,8654,1086116.0,78.9,1048550.0,6.066619561362107,15815.0,2017-04-01,Apr 2017
2017,4,Air India Express,150,6895.0,46.741,3327.27,0.03851277568472587,194.0,2017-04-01,Apr 2017
2017,4,Alliance Air,1209,63087.0,72.229,29013.0,0.3523793298944599,2185.0,2017-04-01,Apr 2017
2017,4,Blue Dart Aviation,474,0.0,0.0,0.0,0.0,884.5,2017-04-01,Apr 2017
2017,4,Go First,5005,739401.0,84.665,683452.0,4.130005054976358,8905.883,2017-04-01,Apr 2017
2017,4,IndiGo,25648,3778780.0,86.909,3725376.0,21.106788470185414,45355.666,2017-04-01,Apr 2017
2017,4,Jet Airways,12283,1380986.0,82.784,1273122.0,7.713648156888592,20865.0,2017-04-01,Apr 2017
2017,4,JetLite,1811,222476.0,83.313,180706.0,1.2426640004691911,2860.0,2017-04-01,Apr 2017
2017,4,QuikJet Cargo,0,0.0,0.0,0.0,0.0,0.0,2017-04-01,Apr 2017
2017,4,SpiceJet,9058,1176610.0,93.374,1067416.0,6.5720836835975796,12007.0,2017-04-01,Apr 2017
2017,4,Total Domestic,69474,9100687.0,85.56,8688833.638,50.83288136445262,117314.779,2017-04-01,Apr 2017
2017,4,TruJet,903,47846.0,74.593,20604.0,0.26724905952304484,1248.9,2017-04-01,Apr 2017
2017,4,Vistara,2270,296589.0,83.609,345390.0,1.6566302578037941,3971.15,2017-04-01,Apr 2017
2017,4,Zoom Air,120,2669.0,79.679,3078.0,0.014907991051854003,143.0,2017-04-01,Apr 2017
2017,5,Air India,9539,1219997.0,81.062,1197696.0,6.115887837349067,17678.0,2017-05-01,May 2017
2017,5,Air India Express,150,7818.0,51.466,3867.73,0.03919190876075515,136.0,2017-05-01,May 2017
2017,5,Alliance Air,1309,71136.0,74.698,31326.0,0.35660726804874376,2304.0,2017-05-01,May 2017
2017,5,Blue Dart Aviation,506,0.0,0.0,0.0,0.0,879.0,2017-05-01,May 2017
2017,5,Go First,5334,863570.0,92.953,817288.0,4.329106759852306,9593.33,2017-05-01,May 2017
2017,5,IndiGo,27058,4190914.0,91.145,4137195.0,21.00919917014216,47853.4,2017-05-01,May 2017
2017,5,Jet Airways,13359,1541722.0,85.272,1440543.0,7.72870656925671,22529.0,2017-05-01,May 2017
2017,5,JetLite,2018,246048.0,84.294,204140.0,1.2334472712671123,3219.0,2017-05-01,May 2017
2017,5,QuikJet Cargo,0,0.0,0.0,0.0,0.0,0.0,2017-05-01,May 2017
2017,5,SpiceJet,9748,1278606.0,94.284,1149628.0,6.409696814140969,12829.0,2017-05-01,May 2017
2017,5,Total Domestic,74578,10140073.0,88.866,9716981.73,50.8325423181628,125749.143,2017-05-01,May 2017
2017,5,TruJet,903,51103.0,80.281,21940.0,0.25618113499627404,1222.883,2017-05-01,May 2017
2017,5,Vistara,2446,334435.0,86.831,380116.0,1.6765344085959515,4236.04,2017-05-01,May 2017
2017,5,Zoom Air,116,2573.0,80.075,2990.0,0.012898539427145436,132.49,2017-05-01,May 2017
2017,6,Air India,9517,1149333.0,76.991,1138882.0,6.138540854173223,17660.0,2017-06-01,Jun 2017
2017,6,Air India Express,151,4174.0,36.266,2724.44,0.02229316440519765,137.0,2017-06-01,Jun 2017
2017,6,Alliance Air,1264,72723.0,75.888,31357.0,0.3884105881742187,2275.0,2017-06-01,Jun 2017
2017,6,Blue Dart Aviation,502,0.0,0.0,0.0,0.0,899.083,2017-06-01,Jun 2017
2017,6,Go First,5155,805483.0,89.432,767968.0,4.302051975225639,9400.417,2017-06-01,Jun 2017
2017,6,IndiGo,25778,3825814.0,87.815,3788390.0,20.43351712642713,45507.033,2017-06-01,Jun 2017
2017,6,Jet Airways,13102,1449797.0,80.986,1337018.0,7.743306869947853,22224.0,2017-06-01,Jun 2017
2017,6,JetLite,1800,217672.0,82.836,182852.0,1.1625773077163832,2939.0,2017-06-01,Jun 2017
2017,6,QuikJet Cargo,0,0.0,0.0,0.0,0.0,0.0,2017-06-01,Jun 2017
2017,6,SpiceJet,9761,1273391.0,94.543,1148919.0,6.801129591542655,12954.0,2017-06-01,Jun 2017
2017,6,Total Domestic,72739,9536983.0,85.935,9143756.305,50.93663870353979,122744.693,2017-06-01,Jun 2017
2017,6,TruJet,781,41730.0,75.67,17603.0,0.22287823445828892,1061.05,2017-06-01,Jun 2017
2017,6,Vistara,2554,343729.0,86.381,384365.0,1.8358426228639635,4322.08,2017-06-01,Jun 2017
2017,6,Zoom Air,116,2399.0,73.647,2783.865,0.012812961525651454,132.03,2017-06-01,Jun 2017
2017,7,Air India,9914,1179933.0,75.437,1148303.0,6.301745004208256,18540.0,2017-07-01,Jul 2017
2017,7,Air India Express,159,4723.0,40.371,3153.57,0.02522443363722821,143.0,2017-07-01,Jul 2017
2017,7,Alliance Air,1441,83846.0,76.455,36923.0,0.4478017918160145,2633.0,2017-07-01,Jul 2017
2017,7,Blue Dart Aviation,498,0.0,0.0,0.0,0.0,892.583,2017-07-01,Jul 2017
2017,7,Go First,5113,741855.0,82.495,703764.0,3.962073304244322,9369.883,2017-07-01,Jul 2017
2017,7,IndiGo,25941,3699451.0,83.657,3618780.0,19.757898844733756,45614.15,2017-07-01,Jul 2017
2017,7,Jet Airways,13595,1503844.0,80.195,1357514.0,8.031677573310146,23128.0,2017-07-01,Jul 2017
2017,7,JetLite,1926,224811.0,80.693,188990.0,1.2006627462246264,3134.0,2017-07-01,Jul 2017
2017,7,QuikJet Cargo,0,0.0,0.0,0.0,0.0,0.0,2017-07-01,Jul 2017
2017,7,SpiceJet,10463,1358206.0,94.415,1191217.0,7.253859223520045,13751.0,2017-07-01,Jul 2017
2017,7,Total Domestic,74715,9533226.0,83.192,8995059.57,50.914720852360475,126025.309,2017-07-01,Jul 2017
2017,7,TruJet,780,44254.0,80.684,18563.0,0.23635021939061976,1041.833,2017-07-01,Jul 2017
2017,7,Vistara,2627,348947.0,84.631,389439.0,1.8636439645161702,4504.71,2017-07-01,Jul 2017
2017,7,Zoom Air,45,813.0,63.069,929.0,0.0043420420383371875,55.15,2017-07-01,Jul 2017
2017,8,Air India,9770,1176397.0,76.063,1133874.0,6.220732828943635,18117.0,2017-08-01,Aug 2017
2017,8,Air India Express,168,5224.0,45.727,3213.61,0.0276242699517268,149.0,2017-08-01,Aug 2017
2017,8,Alliance Air,1441,88714.0,77.472,39270.0,0.46911552153474184,2724.0,2017-08-01,Aug 2017
2017,8,Blue Dart Aviation,500,0.0,0.0,0.0,0.0,895.417,2017-08-01,Aug 2017
2017,8,Go First,5187,775836.0,85.409,747563.0,4.102584820495389,9511.1,2017-08-01,Aug 2017
2017,8,IndiGo,25543,3678245.0,83.555,3595123.0,19.45038913257836,45100.783,2017-08-01,Aug 2017
2017,8,Jet Airways,13602,1522338.0,80.726,1360306.0,8.050052808149287,22864.0,2017-08-01,Aug 2017
2017,8,JetLite,1949,236394.0,82.768,196109.0,1.2500405189449666,3136.0,2017-08-01,Aug 2017
2017,8,QuikJet Cargo,0,0.0,0.0,0.0,0.0,0.0,2017-08-01,Aug 2017
2017,8,SpiceJet,10494,1359166.0,94.454,1208184.0,7.1872068325437795,13844.0,2017-08-01,Aug 2017
2017,8,Total Domestic,74902,9663380.0,83.537,9092204.22,51.09950569795515,125519.67,2017-08-01,Aug 2017
2017,8,TruJet,786,46586.0,83.196,19229.0,0.2463446094891165,1047.65,2017-08-01,Aug 2017
2017,8,Vistara,2737,358627.0,83.402,395704.0,1.896402959413845,4627.72,2017-08-01,Aug 2017
2017,8,Zoom Air,0,0.0,0.0,0.0,0.0,0.0,2017-08-01,Aug 2017
2017,9,Air India,9465,1163026.0,78.637,1137188.0,6.217191416896719,17385.0,2017-09-01,Sep 2017
2017,9,Air India Express,181,9559.0,56.57,9650.35,0.05109957365881393,219.0,2017-09-01,Sep 2017
2017,9,Alliance Air,1730,105919.0,78.781,46396.0,0.5662115014507703,3076.0,2017-09-01,Sep 2017
2017,9,Blue Dart Aviation,541,0.0,0.0,0.0,0.0,1035.917,2017-09-01,Sep 2017
2017,9,Go First,5165,808539.0,88.539,774630.0,4.322209246419475,9426.25,2017-09-01,Sep 2017
2017,9,IndiGo,25114,3664509.0,85.173,3597420.0,19.589376249491224,43928.533,2017-09-01,Sep 2017
2017,9,Jet Airways,13307,1459934.0,80.16,1333583.0,7.804373362277108,22330.0,2017-09-01,Sep 2017
2017,9,JetLite,1835,221236.0,83.331,185557.0,1.1826619183995564,2935.0,2017-09-01,Sep 2017
2017,9,QuikJet Cargo,0,0.0,0.0,0.0,0.0,0.0,2017-09-01,Sep 2017
2017,9,SpiceJet,10238,1319755.0,94.159,1170124.0,7.0550180807707905,13295.0,2017-09-01,Sep 2017
2017,9,Total Domestic,73772,9550493.0,84.477,9066246.79,51.05409776456605,123288.15,2017-09-01,Sep 2017
2017,9,TruJet,775,40860.0,74.354,16752.0,0.21842541894540615,1018.7,2017-09-01,Sep 2017
2017,9,Vistara,2735,361728.0,84.064,416658.0,1.93369040490171,4699.57,2017-09-01,Sep 2017
2017,9,Zoom Air,52,1056.0,54.797,1067.44,0.005645062222377604,65.18,2017-09-01,Sep 2017
2017,10,Air India,9933,1216153.0,76.645,1173067.0,5.965864829725421,18337.0,2017-10-01,Oct 2017
2017,10,Air India Express,208,13660.0,61.751,16565.789,0.0670094252730119,316.0,2017-10-01,Oct 2017
2017,10,Alliance Air,1989,120496.0,76.243,53781.0,0.5910957326278801,3563.0,2017-10-01,Oct 2017
2017,10,Blue Dart Aviation,500,0.0,0.0,0.0,0.0,879.416,2017-10-01,Oct 2017
2017,10,Go First,5930,924189.0,87.629,888031.0,4.533629116664685,10981.716,2017-10-01,Oct 2017
2017,10,IndiGo,27562,4133027.0,87.324,4052585.0,20.27465328754323,48633.883,2017-10-01,Oct 2017
2017,10,Jet Airways,14047,1571142.0,80.529,1433400.0,7.707271042627413,23745.0,2017-10-01,Oct 2017
2017,10,JetLite,1794,213497.0,82.133,194506.0,1.0473141484269561,2999.0,2017-10-01,Oct 2017
2017,10,QuikJet Cargo,0,0.0,0.0,0.0,0.0,0.0,2017-10-01,Oct 2017
2017,10,SpiceJet,10627,1364334.0,93.673,1211569.0,6.692769928289123,13883.0,2017-10-01,Oct 2017
2017,10,Total Domestic,79543,10418436.0,84.824,9894070.789,51.10786300173184,133994.761,2017-10-01,Oct 2017
2017,10,TruJet,813,37466.0,65.737,15009.0,0.18379027286080993,1053.866,2017-10-01,Oct 2017
2017,10,Vistara,2910,369694.0,80.258,421189.0,1.8135419082636062,5027.52,2017-10-01,Oct 2017
2017,10,Zoom Air,114,3098.0,69.461,2966.0,0.015197305966016901,148.36,2017-10-01,Oct 2017
2017,11,Air India,9410,1271612.0,84.077,1217645.0,6.212100183483854,17765.0,2017-11-01,Nov 2017
2017,11,Air India Express,189,10515.0,56.826,13746.754,0.051368053643196764,268.0,2017-11-01,Nov 2017
2017,11,Alliance Air,2033,124946.0,78.148,55943.0,0.6103882863055504,3621.0,2017-11-01,Nov 2017
2017,11,Blue Dart Aviation,508,0.0,0.0,0.0,0.0,914.416,2017-11-01,Nov 2017
2017,11,Go First,5819,933709.0,89.989,879987.0,4.56137080353168,10876.65,2017-11-01,Nov 2017
2017,11,IndiGo,26545,4131844.0,90.679,4040152.0,20.184953327372394,47091.33,2017-11-01,Nov 2017
2017,11,Jet Airways,13122,1578170.0,87.324,1461348.0,7.709702445847251,22544.0,2017-11-01,Nov 2017
2017,11,JetLite,1845,240703.0,89.55,195528.0,1.1758863163174884,3008.0,2017-11-01,Nov 2017
2017,11,QuikJet Cargo,0,0.0,0.0,0.0,0.0,0.0,2017-11-01,Nov 2017
2017,11,SpiceJet,10152,1320213.0,95.487,1175231.0,6.449526600517902,13338.0,2017-11-01,Nov 2017
2017,11,Total Domestic,75944,10453411.0,89.198,9887558.754,51.06717803161038,129225.742,2017-11-01,Nov 2017
2017,11,TruJet,594,28708.0,68.539,11383.0,0.14024480114017052,775.666,2017-11-01,Nov 2017
2017,11,Vistara,2719,372467.0,86.872,425986.0,1.8195820101113238,4794.23,2017-11-01,Nov 2017
2017,11,Zoom Air,120,3623.0,78.465,3527.0,0.0176991401188114,159.45,2017-11-01,Nov 2017
2017,12,Air Deccan,37,252.0,39.613,84.538,0.0011496832896271192,36.0,2017-12-01,Dec 2017
2017,12,Air India,9975,1298442.0,81.823,1253744.0,5.923797896627049,18695.0,2017-12-01,Dec 2017
2017,12,Air India Express,214,15888.0,63.447,19565.912,0.0724847940698241,327.0,2017-12-01,Dec 2017
2017,12,Alliance Air,2095,141201.0,82.229,63542.0,0.6441921832485671,3952.0,2017-12-01,Dec 2017
2017,12,Blue Dart Aviation,506,0.0,0.0,0.0,0.0,949.517,2017-12-01,Dec 2017
2017,12,Go First,6601,1080481.0,92.003,1029625.0,4.929408533569839,12454.216,2017-12-01,Dec 2017
2017,12,IndiGo,28741,4430070.0,90.79,4352831.0,20.21102163046989,50863.6,2017-12-01,Dec 2017
2017,12,Jet Airways,13375,1617784.0,88.514,1521413.0,7.380711234230635,23118.0,2017-12-01,Dec 2017
2017,12,JetLite,1955,255811.0,89.068,200908.0,1.1670699682650914,3123.0,2017-12-01,Dec 2017
2017,12,QuikJet Cargo,0,0.0,0.0,0.0,0.0,0.0,2017-12-01,Dec 2017
2017,12,SpiceJet,10947,1427146.0,95.599,1291141.0,6.510975825627718,14540.0,2017-12-01,Dec 2017
2017,12,Total Domestic,81306,11206075.0,89.495,10671932.45,51.124750673842144,138668.566,2017-12-01,Dec 2017
2017,12,TruJet,560,29421.0,75.672,10859.0,0.1342255240639662,705.883,2017-12-01,Dec 2017
2017,12,Vistara,2986,412711.0,87.651,469209.0,1.882884683116262,5207.0,2017-12-01,Dec 2017
2017,12,Zoom Air,124,3798.0,78.859,3663.0,0.017327369579380157,172.35,2017-12-01,Dec 2017
2018,1,Air Deccan,120,1071.0,50.294,342.0,0.004677627193025365,81.2,2018-01-01,Jan 2018
2018,1,Air India,10159,1369342.0,84.761,1326153.0,5.980645542251858,19364.0,2018-01-01,Jan 2018
2018,1,Air India Express,211,16417.0,61.944,20280.397,0.0717017792977567,307.0,2018-01-01,Jan 2018
2018,1,AirAsia India,3264,489432.0,84.468,457114.0,2.1376101142266952,4686.0,2018-01-01,Jan 2018
2018,1,Alliance Air,2013,134627.0,81.649,60834.0,0.5879877834877926,3859.0,2018-01-01,Jan 2018
2018,1,Blue Dart Aviation,506,0.0,0.0,0.0,0.0,893.833,2018-01-01,Jan 2018
2018,1,Go First,6829,1095127.0,90.031,1031414.0,4.783002647074032,12871.866,2018-01-01,Jan 2018
2018,1,IndiGo,30101,4556904.0,89.683,4416727.0,19.902425832311913,53160.833,2018-01-01,Jan 2018
2018,1,Jet Airways,13163,1629327.0,88.761,1517279.0,7.116138451475668,23051.0,2018-01-01,Jan 2018
2018,1,JetLite,1981,262951.0,89.655,204351.0,1.148447010301786,3142.0,2018-01-01,Jan 2018
2018,1,SpiceJet,11145,1447537.0,95.047,1313294.0,6.322164737731427,14914.0,2018-01-01,Jan 2018
2018,1,Total Domestic,83188,11448112.0,89.064,10825347.397,50.0,142439.465,2018-01-01,Jan 2018
2018,1,TruJet,617,32892.0,76.975,11938.0,0.14365687547431402,758.166,2018-01-01,Jan 2018
2018,1,Vistara,2978,409713.0,86.993,462847.0,1.78943479938002,5221.317,2018-01-01,Jan 2018
2018,1,Zoom Air,101,2772.0,73.406,2774.0,0.01210679979371271,129.25,2018-01-01,Jan 2018
2018,2,Air Deccan,78,927.0,68.173,299.963,0.004323610542221806,78.0,2018-02-01,Feb 2018
2018,2,Air India,9158,1259379.0,86.99,1225278.0,5.873855794015918,17631.0,2018-02-01,Feb 2018
2018,2,Air India Express,216,16920.0,67.552,21403.301,0.07891638659589316,335.0,2018-02-01,Feb 2018
2018,2,Air Odisha,8,42.0,29.24,12.5,0.00019589173977703974,22.24,2018-02-01,Feb 2018
2018,2,AirAsia India,2933,455887.0,88.011,430094.0,2.126297561231793,5233.0,2018-02-01,Feb 2018
2018,2,Alliance Air,2000,132115.0,82.049,59386.0,0.6161961238248478,3763.0,2018-02-01,Feb 2018
2018,2,Blue Dart Aviation,478,0.0,0.0,0.0,0.0,875.5,2018-02-01,Feb 2018
2018,2,Go First,6357,1020977.0,90.392,963904.0,4.761927638151017,12030.166,2018-02-01,Feb 2018
2018,2,IndiGo,27700,4290189.0,91.789,4146528.0,20.009823504340915,49289.733,2018-02-01,Feb 2018
2018,2,Jet Airways,12456,1562820.0,90.456,1457811.0,7.289131637103649,21978.0,2018-02-01,Feb 2018
2018,2,JetLite,1721,231564.0,90.332,179729.0,1.0800351149935816,2824.0,2018-02-01,Feb 2018
2018,2,SpiceJet,10230,1331645.0,96.277,1198160.0,6.210910852747526,13732.0,2018-02-01,Feb 2018
2018,2,Total Domestic,76683,10720207.0,90.984,10139537.764,50.0,133431.639,2018-02-01,Feb 2018
2018,2,TruJet,568,30606.0,76.949,11033.0,0.14274910922895426,716.9,2018-02-01,Feb 2018
2018,2,Vistara,2680,384225.0,91.22,443008.0,1.7920596122817405,4796.1,2018-02-01,Feb 2018
2018,2,Zoom Air,100,2911.0,77.176,2891.0,0.01357716320216578,127.0,2018-02-01,Feb 2018
2018,3,Air Deccan,32,302.0,53.061,93.724,0.0013079444284728936,32.0,2018-03-01,Mar 2018
2018,3,Air India,10242,1365653.0,84.032,1330262.2,5.914563684030769,19540.5,2018-03-01,Mar 2018
2018,3,Air India Express,243,18994.0,72.332,25180.8,0.08226190885567596,372.8,2018-03-01,Mar 2018
2018,3,Air Odisha,16,75.0,26.201,22.26,0.00032482063621015565,12.5,2018-03-01,Mar 2018
2018,3,AirAsia India,3625,523568.0,82.049,482817.9,2.2675425447903836,6370.8,2018-03-01,Mar 2018
2018,3,Alliance Air,2304,142441.0,76.176,62562.0,0.6169036832321437,4247.0,2018-03-01,Mar 2018
2018,3,Blue Dart Aviation,501,0.0,0.0,0.0,0.0,921.667,2018-03-01,Mar 2018
2018,3,Go First,6641,1039974.0,87.996,997302.6,4.504066884293605,12030.166,2018-03-01,Mar 2018
2018,3,IndiGo,30502,4576236.0,89.046,4428533.0,19.81941185290424,54229.1,2018-03-01,Mar 2018
2018,3,Jet Airways,14330,1732912.0,86.206,1592578.9,7.505141044482844,24813.0,2018-03-01,Mar 2018
2018,3,JetLite,1455,184334.0,87.138,146720.5,0.7983398287355046,2414.0,2018-03-01,Mar 2018
2018,3,SpiceJet,11517,1474206.0,95.023,1322851.5,6.384700410997716,15241.0,2018-03-01,Mar 2018
2018,3,Total Domestic,85495,11544833.0,87.995,10920177.484,50.0,146985.873,2018-03-01,Mar 2018
2018,3,TruJet,846,42651.0,71.979,15114.1,0.1847189993999913,1031.95,2018-03-01,Mar 2018
2018,3,Vistara,3181,442122.0,88.215,514716.0,1.914804657633419,5655.85,2018-03-01,Mar 2018
2018,3,Zoom Air,60,1365.0,63.539,1422.0,0.005911735579024833,73.54,2018-03-01,Mar 2018
2018,4,Air Deccan,78,468.0,34.959,158.983,0.002039127190819954,68.0,2018-04-01,Apr 2018
2018,4,Air India,9913,1345592.0,84.377,1318494.0,5.86289152767052,19068.8,2018-04-01,Apr 2018
2018,4,Air India Express,250,18590.0,66.356,22784.464,0.08099866341312595,372.7,2018-04-01,Apr 2018
2018,4,Air Odisha,134,666.0,26.027,138.419,0.00290183484847455,74.0,2018-04-01,Apr 2018
2018,4,AirAsia India,3731,579203.0,87.49,550403.7,2.523650825436944,6722.2,2018-04-01,Apr 2018
2018,4,Alliance Air,2255,139655.0,76.348,61099.0,0.6084921107563263,4251.0,2018-04-01,Apr 2018
2018,4,Blue Dart Aviation,472,0.0,0.0,0.0,0.0,854.0,2018-04-01,Apr 2018
2018,4,Go First,6349,1009963.0,89.522,974781.9,4.4005192628677205,12114.25,2018-04-01,Apr 2018
2018,4,IndiGo,29818,4579916.0,91.919,4420575.0,19.95519497280205,52951.0,2018-04-01,Apr 2018
2018,4,Jet Airways,14001,1683573.0,85.629,1572237.9,7.335511713740004,24594.0,2018-04-01,Apr 2018
2018,4,JetLite,1321,173248.0,84.373,141474.0,0.7548604862290073,2261.0,2018-04-01,Apr 2018
2018,4,SpiceJet,11026,1426801.0,95.512,1284336.8,6.216728023480985,14732.0,2018-04-01,Apr 2018
2018,4,Total Domestic,83695,11475498.0,89.488,10905934.266,50.0,145279.463,2018-04-01,Apr 2018
2018,4,TruJet,950,52947.0,79.727,18909.1,0.23069587045372672,1183.483,2018-04-01,Apr 2018
2018,4,Vistara,3309,462622.0,88.762,538297.0,2.0156946565630527,5917.9,2018-04-01,Apr 2018
2018,4,Zoom Air,88,2254.0,68.624,2244.0,0.009820924547239693,115.13,2018-04-01,Apr 2018
2018,5,Air Deccan,172,1391.0,48.743,470.17,0.005884774839461143,160.0,2018-05-01,May 2018
2018,5,Air India,10291,1333851.0,81.697,1318502.8,5.642999859374611,19998.2,2018-05-01,May 2018
2018,5,Air India Express,240,17789.0,73.342,25441.6,0.0752582743487953,336.9,2018-05-01,May 2018
2018,5,Air Odisha,156,867.0,32.063,190.32,0.0036679365821803093,99.21,2018-05-01,May 2018
2018,5,AirAsia India,4078,647586.0,89.727,611718.1,2.739682098624934,7299.7,2018-05-01,May 2018
2018,5,Alliance Air,2320,137718.0,72.942,60114.0,0.5826307845729041,4385.0,2018-05-01,May 2018
2018,5,Blue Dart Aviation,497,0.0,0.0,0.0,0.0,906.283,2018-05-01,May 2018
2018,5,Go First,6542,1034197.0,89.159,1005378.7,4.375281441154706,12657.33,2018-05-01,May 2018
2018,5,IndiGo,32110,4852909.0,90.968,4677509.0,20.53075253874517,57307.333,2018-05-01,May 2018
2018,5,Jet Airways,14328,1618129.0,80.366,1517637.0,6.845668458808353,25490.0,2018-05-01,May 2018
2018,5,JetLite,1459,182103.0,80.211,151125.6,0.7704062923007854,2548.0,2018-05-01,May 2018
2018,5,SpiceJet,11488,1459005.0,94.798,1319542.9,6.17247729306111,15429.0,2018-05-01,May 2018
2018,5,Total Domestic,88321,11818634.0,87.814,11267295.49,50.0,154401.316,2018-05-01,May 2018
2018,5,TruJet,980,56818.0,82.688,20529.5,0.24037464904996636,1239.3,2018-05-01,May 2018
2018,5,Vistara,3491,471499.0,85.714,554966.8,1.9947271402092661,6327.5,2018-05-01,May 2018
2018,5,Zoom Air,169,4772.0,69.914,4169.0,0.02018845832775598,217.56,2018-05-01,May 2018
2018,6,Air Deccan,75,573.0,44.699,201.467,0.002538017778880981,67.24,2018-06-01,Jun 2018
2018,6,Air India,9921,1238131.0,81.381,1228357.5,5.484116039413069,19060.0,2018-06-01,Jun 2018
2018,6,Air India Express,251,13637.0,65.223,21642.1,0.06040305139720758,372.83,2018-06-01,Jun 2018
2018,6,Air Odisha,72,468.0,33.49,124.751,0.0020729359869394405,92.39,2018-06-01,Jun 2018
2018,6,AirAsia India,3849,600731.0,74.039,594715.2,2.660848094807942,12364.7,2018-06-01,Jun 2018
2018,6,Alliance Air,2152,131358.0,72.548,56370.0,0.5818306097700663,4133.0,2018-06-01,Jun 2018
2018,6,Blue Dart Aviation,509,0.0,0.0,0.0,0.0,951.0,2018-06-01,Jun 2018
2018,6,Go First,6663,1054793.0,88.584,1027052.997,4.6720477958799425,12868.483,2018-06-01,Jun 2018
2018,6,IndiGo,31979,4672686.0,88.313,4565770.0,20.696963600572875,56937.083,2018-06-01,Jun 2018
2018,6,Jet Airways,13543,1502783.0,79.463,1411035.5,6.656352481326524,23952.0,2018-06-01,Jun 2018
2018,6,JetLite,1558,194304.0,79.647,159300.0,0.860640500013421,2615.0,2018-06-01,Jun 2018
2018,6,SpiceJet,11015,1370265.0,93.307,1226187.116,6.0693838250931025,14724.0,2018-06-01,Jun 2018
2018,6,Total Domestic,86062,11288337.0,85.329,10841706.531,50.0,155578.77,2018-06-01,Jun 2018
2018,6,TruJet,938,52173.0,78.994,18740.5,0.2310924983901526,1185.833,2018-06-01,Jun 2018
2018,6,Vistara,3385,452177.0,84.831,528328.4,2.0028503755690497,6067.2,2018-06-01,Jun 2018
2018,6,Zoom Air,152,4258.0,24.865,3881.0,0.01886017400082935,188.01,2018-06-01,Jun 2018
2018,7,Air Deccan,17,58.0,18.977,18.114,0.0002487557281367518,16.0,2018-07-01,Jul 2018
2018,7,Air India,9631,1255241.0,82.872,1222820.3,5.383592912794906,18311.6,2018-07-01,Jul 2018
2018,7,Air India Express,252,14499.0,62.1,20645.0,0.06218464314232354,396.67,2018-07-01,Jul 2018
2018,7,Air Odisha,24,186.0,6.697,7.264,0.0007977338867833766,30.0,2018-07-01,Jul 2018
2018,7,AirAsia India,3885,557633.0,80.386,556996.3,2.391627637035885,12459.8,2018-07-01,Jul 2018
2018,7,Alliance Air,2259,134169.0,72.072,57904.0,0.5754363325582734,4254.0,2018-07-01,Jul 2018
2018,7,Blue Dart Aviation,497,0.0,0.0,0.0,0.0,913.417,2018-07-01,Jul 2018
2018,7,Go First,6537,1026758.0,87.185,1002176.5,4.403654032935086,12562.266,2018-07-01,Jul 2018
2018,7,IndiGo,33767,5002416.0,88.334,4804228.0,21.454821284878236,59674.55,2018-07-01,Jul 2018
2018,7,Jet Airways,12697,1565793.0,83.875,1473747.6,6.715516859076363,22789.0,2018-07-01,Jul 2018
2018,7,JetLite,1342,171138.0,80.452,132752.2,0.7339923758942661,2191.0,2018-07-01,Jul 2018
2018,7,SpiceJet,11401,1427257.0,93.76,1248730.6,6.121350935746138,15101.0,2018-07-01,Jul 2018
2018,7,Total Domestic,86694,11658023.0,86.615,11060615.778,50.0,155962.539,2018-07-01,Jul 2018
2018,7,TruJet,980,51402.0,74.762,18556.3,0.22045761961526408,1230.117,2018-07-01,Jul 2018
2018,7,Vistara,3405,451473.0,84.107,522033.6,1.9363188767083408,6033.12,2018-07-01,Jul 2018
2018,7,Zoom Air,0,0.0,0.0,0.0,0.0,0.0,2018-07-01,Jul 2018
2018,8,Air Deccan,152,1374.0,52.347,442.647,0.006069324942646204,120.0,2018-08-01,Aug 2018
2018,8,Air India,9639,1265214.0,83.109,1239689.66,5.588788128082369,18228.93,2018-08-01,Aug 2018
2018,8,Air India Express,203,16703.0,68.865,21767.81,0.07378161172999967,330.83,2018-08-01,Aug 2018
2018,8,Air Odisha,146,553.0,24.938,124.06,0.002442748685067941,92.39,2018-08-01,Aug 2018
2018,8,AirAsia India,3916,537079.0,76.602,550158.29,2.3724213761801174,7443.65,2018-08-01,Aug 2018
2018,8,Alliance Air,2358,132970.0,68.464,56929.0,0.5873640011817073,4416.0,2018-08-01,Aug 2018
2018,8,Blue Dart Aviation,496,0.0,0.0,0.0,0.0,895.917,2018-08-01,Aug 2018
2018,8,Go First,6687,1014015.0,84.609,992139.22,4.479175059474084,12742.066,2018-08-01,Aug 2018
2018,8,IndiGo,34409,4757378.0,82.846,4610890.0,21.014609139007508,60802.9,2018-08-01,Aug 2018
2018,8,Jet Airways,13005,1552418.0,81.985,1460931.2,6.8574448972437665,22839.0,2018-08-01,Aug 2018
2018,8,JetLite,1295,163476.0,79.22,130673.13,0.7221171501630501,2127.0,2018-08-01,Aug 2018
2018,8,SpiceJet,11328,1404424.0,93.588,1229718.59,6.203715875728496,14816.0,2018-08-01,Aug 2018
2018,8,Total Domestic,87903,11319216.0,83.41,10805587.347,50.0,151850.736,2018-08-01,Aug 2018
2018,8,TruJet,948,50627.0,75.723,18001.07,0.22363297952791078,1164.083,2018-08-01,Aug 2018
2018,8,Vistara,3321,422985.0,81.539,494122.67,1.8684377080532788,5831.97,2018-08-01,Aug 2018
2018,8,Zoom Air,0,0.0,0.0,0.0,0.0,0.0,2018-08-01,Aug 2018
2018,9,Air Deccan,192,1268.0,42.496,377.093,0.005579165810871911,150.0,2018-09-01,Sep 2018
2018,9,Air India,9180,1173238.0,82.11,1150285.403,5.162215565943011,17076.917,2018-09-01,Sep 2018
2018,9,Air India Express,226,15855.0,66.591,22424.954,0.06976157250108371,360.67,2018-09-01,Sep 2018
2018,9,Air Odisha,64,295.0,0.0,0.0,0.0012979920459047427,0.0,2018-09-01,Sep 2018
2018,9,AirAsia India,3861,498138.0,71.188,490208.02,2.1917937686877855,12077.0,2018-09-01,Sep 2018
2018,9,Alliance Air,2396,129952.0,65.042,54847.0,0.5717852960997055,4430.0,2018-09-01,Sep 2018
2018,9,Blue Dart Aviation,466,0.0,0.0,0.0,0.0,857.083,2018-09-01,Sep 2018
2018,9,Go First,6086,989309.0,90.59,960011.867,4.352932925227035,11526.633,2018-09-01,Sep 2018
2018,9,IndiGo,35602,4920335.0,82.703,4753181.0,21.64934133283631,62407.7,2018-09-01,Sep 2018
2018,9,Jet Airways,12706,1604196.0,84.903,1502921.719,7.058419146007473,22153.0,2018-09-01,Sep 2018
2018,9,JetLite,1397,182290.0,82.992,143058.194,0.8020710849083916,2240.0,2018-09-01,Sep 2018
2018,9,SpiceJet,10975,1362564.0,93.171,1214945.834,5.995244861139491,14500.0,2018-09-01,Sep 2018
2018,9,Total Domestic,87353,11363706.0,83.965,10812669.802,50.0,154580.703,2018-09-01,Sep 2018
2018,9,TruJet,938,50203.0,76.073,18040.295,0.22089184637476542,1158.3,2018-09-01,Sep 2018
2018,9,Vistara,3264,436063.0,84.872,502368.423,1.9186654424181686,5643.4,2018-09-01,Sep 2018
2018,9,Zoom Air,0,0.0,0.0,0.0,0.0,0.0,2018-09-01,Sep 2018
2018,10,Air Deccan,80,203.0,18.619,52.406,0.0008597773456208362,60.0,2018-10-01,Oct 2018
2018,10,Air India,10234,1276807.0,79.424,1254204.383,5.407732676502971,19104.35,2018-10-01,Oct 2018
2018,10,Air India Express,263,15386.0,57.321,18625.76,0.06516519329912407,391.17,2018-10-01,Oct 2018
2018,10,Air Odisha,0,0.0,0.0,0.0,0.0,0.0,2018-10-01,Oct 2018
2018,10,AirAsia India,4315,643358.0,83.695,635667.4,2.7248504114479313,7995.08,2018-10-01,Oct 2018
2018,10,Alliance Air,2369,123014.0,65.534,51236.0,0.5210081300206973,4086.0,2018-10-01,Oct 2018
2018,10,Blue Dart Aviation,539,0.0,0.0,0.0,0.0,947.666,2018-10-01,Oct 2018
2018,10,Go First,6902,1047651.0,84.101,1019261.21,4.4371753493449,13074.833,2018-10-01,Oct 2018
2018,10,IndiGo,37403,5074853.0,83.106,4998733.0,21.4938110431327,64970.366,2018-10-01,Oct 2018
2018,10,Jet Airways,13078,1562304.0,81.609,1490663.53,6.616914217600074,22935.0,2018-10-01,Oct 2018
2018,10,JetLite,1506,188698.0,80.198,149785.45,0.7992032786401999,2441.0,2018-10-01,Oct 2018
2018,10,SpiceJet,11518,1382010.0,90.799,1239910.21,5.853304873997301,18367.0,2018-10-01,Oct 2018
2018,10,Total Domestic,92661,11805382.0,83.007,11386615.685,50.0,161629.501,2018-10-01,Oct 2018
2018,10,TruJet,984,56337.0,81.706,20281.443,0.23860727251350275,1234.466,2018-10-01,Oct 2018
2018,10,Vistara,3470,434761.0,79.718,508194.893,1.8413677761549774,6022.57,2018-10-01,Oct 2018
2018,10,Zoom Air,0,0.0,0.0,0.0,0.0,0.0,2018-10-01,Oct 2018
2018,11,Air Deccan,0,0.0,0.0,0.0,0.0,0.0,2018-11-01,Nov 2018
2018,11,Air India,9822,1242223.0,76.868,1177788.474,5.351398859572623,14215.0,2018-11-01,Nov 2018
2018,11,Air India Express,292,17038.0,60.334,22344.562,0.07339836226619403,431.82,2018-11-01,Nov 2018
2018,11,Air Odisha,0,0.0,0.0,0.0,0.0,0.0,2018-11-01,Nov 2018
2018,11,AirAsia India,3969,617740.0,88.225,613381.53,2.6611752732902163,7323.78,2018-11-01,Nov 2018
2018,11,Alliance Air,2439,129339.0,68.006,54169.0,0.5571822266197483,4163.0,2018-11-01,Nov 2018
2018,11,Blue Dart Aviation,479,0.0,0.0,0.0,0.0,869.167,2018-11-01,Nov 2018
2018,11,Go First,6502,1019398.0,87.579,1007827.395,4.391486306927671,12871.866,2018-11-01,Nov 2018
2018,11,IndiGo,36011,5005919.0,84.855,4916916.0,21.565104838433136,63706.45,2018-11-01,Nov 2018
2018,11,Jet Airways,12086,1477384.0,82.116,1422400.902,6.364453928763869,21820.0,2018-11-01,Nov 2018
2018,11,JetLite,1341,174535.0,80.876,138431.774,0.7518830354578105,2174.0,2018-11-01,Nov 2018
2018,11,SpiceJet,11794,1454822.0,91.053,1330630.801,6.267258609509857,16007.0,2018-11-01,Nov 2018
2018,11,Total Domestic,89032,11606526.0,84.141,11190323.201,50.0,150652.429,2018-11-01,Nov 2018
2018,11,TruJet,955,52696.0,78.811,19005.415,0.22701021821688935,1203.967,2018-11-01,Nov 2018
2018,11,Vistara,3342,415432.0,78.464,487427.348,1.7896483409419839,5866.38,2018-11-01,Nov 2018
2018,11,Zoom Air,0,0.0,0.0,0.0,0.0,0.0,2018-11-01,Nov 2018
2018,12,Air Deccan,0,0.0,0.0,0.0,0.0,0.0,2018-12-01,Dec 2018
2018,12,Air India,10515,1372904.0,79.639,1313600.0,5.426579529653015,19972.0,2018-12-01,Dec 2018
2018,12,Air India Express,300,19040.0,65.742,25437.0,0.07525804735407093,446.48,2018-12-01,Dec 2018
2018,12,Air Odisha,0,0.0,0.0,0.0,0.0,0.0,2018-12-01,Dec 2018
2018,12,AirAsia India,4213,673179.0,89.625,654723.77,2.6608265262482202,7726.65,2018-12-01,Dec 2018
2018,12,Alliance Air,3201,143712.0,69.238,61431.0,0.5680401523817354,4613.0,2018-12-01,Dec 2018
2018,12,Blue Dart Aviation,488,0.0,0.0,0.0,0.0,885.167,2018-12-01,Dec 2018
2018,12,Go First,6853,1111770.0,88.506,1090067.199,4.394413829140516,13106.933,2018-12-01,Dec 2018
2018,12,IndiGo,37305,5478523.0,88.925,5425426.0,21.65456635317052,66564.5,2018-12-01,Dec 2018
2018,12,Jet Airways,11741,1537426.0,87.03,1471987.26,6.076873881900202,21349.0,2018-12-01,Dec 2018
2018,12,JetLite,1579,214385.0,85.688,166417.618,0.8473842690127362,2592.0,2018-12-01,Dec 2018
2018,12,SpiceJet,12473,1563700.0,92.73,1448751.49,6.1807252440945755,17115.0,2018-12-01,Dec 2018
2018,12,Total Domestic,93259,12649810.0,87.493,12242201.326,50.0,161978.746,2018-12-01,Dec 2018
2018,12,TruJet,1009,57038.0,80.333,20583.199,0.22545002652213747,1278.167,2018-12-01,Dec 2018
2018,12,Vistara,3582,478133.0,83.077,563776.79,1.8898821405222688,6329.85,2018-12-01,Dec 2018
2018,12,Zoom Air,0,0.0,0.0,0.0,0.0,0.0,2018-12-01,Dec 2018
2019,1,Air Heritage,36,307.0,34.238,103.721,0.0012310456068313008,25.0,2019-01-01,Jan 2019
2019,1,Air India,10378,1343960.0,78.452,1278677.705,5.3891728135407,19895.483,2019-01-01,Jan 2019
2019,1,Air India Express,294,18115.0,65.784,24981.0,0.07263971064413358,440.57,2019-01-01,Jan 2019
2019,1,AirAsia India,4190,666971.0,89.486,714801.97,2.674500714768337,7626.43,2019-01-01,Jan 2019
2019,1,Alliance Air,2606,138705.0,65.695,58712.999,0.5561960289756859,4638.0,2019-01-01,Jan 2019
2019,1,Blue Dart Aviation,467,0.0,,0.0,0.0,840.416,2019-01-01,Jan 2019
2019,1,Go First,6813,1087717.0,87.386,1060701.668,4.361658743731993,10786.133,2019-01-01,Jan 2019
2019,1,IndiGo,37199,5321832.0,86.441,5282940.0,21.34012346545353,67118.433,2019-01-01,Jan 2019
2019,1,Jet Airways,11388,1481560.0,86.151,1408836.7,5.940937880315902,20674.0,2019-01-01,Jan 2019
2019,1,JetLite,1599,215128.0,84.152,166936.92,0.8626461866658112,2626.0,2019-01-01,Jan 2019
2019,1,SpiceJet,13271,1665660.0,90.855,1568335.01,6.67916425236034,18645.0,2019-01-01,Jan 2019
2019,1,Star Air,24,637.0,54.254,1780.278,0.002554319386161363,25.0,2019-01-01,Jan 2019
2019,1,Total Domestic,92783,12469075.0,85.928,12148303.733,50.0,160917.985,2019-01-01,Jan 2019
2019,1,TruJet,1064,58143.0,78.03,21171.632,0.23314881015632674,1337.05,2019-01-01,Jan 2019
2019,1,Vistara,3454,470340.0,84.179,560324.13,1.8860260283942474,6240.47,2019-01-01,Jan 2019
2019,2,Air Heritage,26,225.0,96.041,87.552,0.0009936802817352996,22.0,2019-02-01,Feb 2019
2019,2,Air India,9320,1286834.0,84.013,1235346.0,5.683118096295834,17775.0,2019-02-01,Feb 2019
2019,2,Air India Express,256,14354.0,62.211,20106.0,0.0633923856179044,380.87,2019-02-01,Feb 2019
2019,2,AirAsia India,3528,583216.0,92.939,634592.868,2.57568995196682,6521.83,2019-02-01,Feb 2019
2019,2,Alliance Air,2214,127312.0,69.047,53354.0,0.5622552179034865,4015.0,2019-02-01,Feb 2019
2019,2,Blue Dart Aviation,432,0.0,,0.0,0.0,771.833,2019-02-01,Feb 2019
2019,2,Go First,6037,1026676.0,92.554,999484.096,4.5341675419149805,9467.95,2019-02-01,Feb 2019
2019,2,IndiGo,33596,4930608.0,88.409,4841086.0,21.775324206961432,60391.583,2019-02-01,Feb 2019
2019,2,Jet Airways,8312,1129751.0,89.393,1060084.925,4.98938351986994,15013.0,2019-02-01,Feb 2019
2019,2,JetLite,1156,158576.0,87.917,111303.688,0.7003281971398083,1755.0,2019-02-01,Feb 2019
2019,2,SpiceJet,12059,1557868.0,94.041,1464787.81,6.880100947317367,16961.0,2019-02-01,Feb 2019
2019,2,Star Air,100,2603.0,52.506,1194.397,0.011495776770475488,104.0,2019-02-01,Feb 2019
2019,2,Total Domestic,81139,11321549.0,89.113,10972362.789,50.0,140023.118,2019-02-01,Feb 2019
2019,2,TruJet,966,51164.0,75.903,18471.718,0.22595847970979943,1209.817,2019-02-01,Feb 2019
2019,2,Vistara,3137,452362.0,89.115,532463.735,1.9977919982504162,5634.235,2019-02-01,Feb 2019
2019,3,Air India,10247,1345336.0,79.608,1275956.51,5.820026897815297,18983.0,2019-03-01,Mar 2019
2019,3,Air India Express,277,13074.0,55.772,19537.0,0.05655912847202274,401.04,2019-03-01,Mar 2019
2019,3,AirAsia India,4358,686701.0,88.51,743864.485,2.970721285059392,8007.73,2019-03-01,Mar 2019
2019,3,Alliance Air,2414,129478.0,64.399,53681.29,0.5601317757610954,4314.0,2019-03-01,Mar 2019
2019,3,Blue Dart Aviation,464,0.0,,0.0,0.0,860.083,2019-03-01,Mar 2019
2019,3,Go First,6862,1148587.0,91.386,1114700.284,4.968875607640752,10448.85,2019-03-01,Mar 2019
2019,3,IndiGo,38220,5440796.0,85.95,5391425.0,23.5373015109429,67719.3,2019-03-01,Mar 2019
2019,3,Jet Airways,4442,529832.0,86.672,488152.561,2.292093938854884,7694.0,2019-03-01,Mar 2019
2019,3,JetLite,967,134037.0,87.517,101133.182,0.5798543600278807,1445.0,2019-03-01,Mar 2019
2019,3,SpiceJet,12968,1581456.0,93.035,1458326.357,6.841500158853542,17576.0,2019-03-01,Mar 2019
2019,3,Star Air,154,4145.0,54.785,1906.451,0.01793158845927293,161.2,2019-03-01,Mar 2019
2019,3,Total Domestic,85931,11557816.0,86.533,11247421.449,50.0,145050.633,2019-03-01,Mar 2019
2019,3,TruJet,1073,53946.0,73.238,19170.635,0.23337454065716223,1335.8,2019-03-01,Mar 2019
2019,3,Vistara,3485,490428.0,86.792,579567.694,2.121629207455803,6104.63,2019-03-01,Mar 2019
2019,4,Air India,10377,1344054.0,82.153,1314554.09,6.127625655046042,18942.0,2019-04-01,Apr 2019
2019,4,Air India Express,276,17066.0,64.522,23536.19,0.07780495384040803,417.13,2019-04-01,Apr 2019
2019,4,AirAsia India,4461,677989.0,87.473,742315.96,3.0909939557778268,8049.0,2019-04-01,Apr 2019
2019,4,Alliance Air,2385,134597.0,67.753,56195.0,0.6136360818034337,4257.0,2019-04-01,Apr 2019
2019,4,Blue Dart Aviation,468,0.0,,0.0,0.0,782.666,2019-04-01,Apr 2019
2019,4,Go First,7143,1190386.0,90.832,1142651.091,5.42704369988679,10757.03,2019-04-01,Apr 2019
2019,4,IndiGo,37911,5481088.0,87.771,5399413.0,24.988620580992286,66485.2,2019-04-01,Apr 2019
2019,4,Jet Airways,1086,86256.0,76.318,67994.306,0.3932464607089087,2765.0,2019-04-01,Apr 2019
2019,4,JetLite,127,17053.0,79.091,14638.85,0.07774568603307618,220.0,2019-04-01,Apr 2019
2019,4,SpiceJet,11983,1440598.0,93.738,1317633.332,6.567775746664956,16146.0,2019-04-01,Apr 2019
2019,4,Star Air,148,3956.0,53.552,1790.961,0.01803564967729135,158.0,2019-04-01,Apr 2019
2019,4,Total Domestic,81266,10967168.0,87.489,10680724.081,50.0,136682.409,2019-04-01,Apr 2019
2019,4,TruJet,1146,57496.0,72.6,20760.5,0.2621278346424528,1453.233,2019-04-01,Apr 2019
2019,4,Vistara,3755,516629.0,84.559,579240.801,2.35534369492653,6250.15,2019-04-01,Apr 2019
2019,5,Air India,10757,1429384.0,83.292,1387334.975,5.881392053111037,19769.95,2019-05-01,May 2019
2019,5,Air India Express,291,15861.0,60.977,23121.102,0.06526221040279881,442.96,2019-05-01,May 2019
2019,5,AirAsia India,4860,768200.0,88.527,806091.743,3.1608618644114523,8891.267,2019-05-01,May 2019
2019,5,Alliance Air,2617,152294.0,70.533,64350.0,0.6266340754734154,4703.0,2019-05-01,May 2019
2019,5,Blue Dart Aviation,485,0.0,,0.0,0.0,863.666,2019-05-01,May 2019
2019,5,Go First,8119,1355072.0,93.311,1303857.818,5.575625368825508,12223.9,2019-05-01,May 2019
2019,5,IndiGo,39934,5979551.0,90.91,5871438.0,24.603664048689616,70246.0,2019-05-01,May 2019
2019,5,Jet Airways,0,0.0,0.0,0.0,0.0,0.0,2019-05-01,May 2019
2019,5,JetLite,0,0.0,0.0,0.0,0.0,0.0,2019-05-01,May 2019
2019,5,Pawan Hans,82,237.0,21.93,15.135,0.0009751682659014765,52.0,2019-05-01,May 2019
2019,5,SpiceJet,14773,1802705.0,93.865,1728070.602,7.417471345071397,20854.0,2019-05-01,May 2019
2019,5,Star Air,184,5612.0,62.154,2998.187,0.023091326195101625,201.0,2019-05-01,May 2019
2019,5,Total Domestic,87461,12151749.0,89.884,11838529.314,50.0,146507.009,2019-05-01,May 2019
2019,5,TruJet,1216,64218.0,76.214,22868.0,0.26423356835300005,1548.817,2019-05-01,May 2019
2019,5,Vistara,4143,578615.0,85.646,628383.752,2.3807889712007713,6710.45,2019-05-01,May 2019
2019,6,Air India,10359,1354156.0,81.714,1331384.26,5.647321605439488,19353.95,2019-06-01,Jun 2019
2019,6,Air India Express,287,14298.0,58.011,21996.223,0.05962784517778881,431.93,2019-06-01,Jun 2019
2019,6,AirAsia India,4770,771955.0,90.711,818615.894,3.2193322999174683,8756.15,2019-06-01,Jun 2019
2019,6,Alliance Air,2494,147259.0,70.904,61093.0,0.6141234335596589,4511.0,2019-06-01,Jun 2019
2019,6,Blue Dart Aviation,467,0.0,,0.0,0.0,642.0,2019-06-01,Jun 2019
2019,6,Go First,7889,1330396.0,94.039,1279195.672,5.548233788862046,11980.7,2019-06-01,Jun 2019
2019,6,IndiGo,38698,5778376.0,90.092,5658684.0,24.097923451325403,68381.0,2019-06-01,Jun 2019
2019,6,Jet Airways,0,0.0,0.0,0.0,0.0,0.0,2019-06-01,Jun 2019
2019,6,JetLite,0,0.0,0.0,0.0,0.0,0.0,2019-06-01,Jun 2019
2019,6,Pawan Hans,84,282.0,27.014,22.53,0.001176042267459536,57.0,2019-06-01,Jun 2019
2019,6,SpiceJet,15208,1875606.0,93.697,1818349.0,7.821957209576988,21867.0,2019-06-01,Jun 2019
2019,6,Star Air,202,5473.0,55.819,3179.253,0.022824394786546243,245.0,2019-06-01,Jun 2019
2019,6,Total Domestic,86456,11989365.0,89.345,11705283.461,50.0,144405.883,2019-06-01,Jun 2019
2019,6,TruJet,1178,63765.0,78.007,22619.0,0.2659231744133238,1499.383,2019-06-01,Jun 2019
2019,6,Vistara,4820,647799.0,83.292,690144.629,2.7015567546738297,6680.77,2019-06-01,Jun 2019
2019,7,Air India,10171,1290205.0,78.597,1256187.75,5.4375064270385725,19329.833,2019-07-01,Jul 2019
2019,7,Air India Express,293,12757.0,50.933,19534.966,0.05376375807699635,456.62,2019-07-01,Jul 2019
2019,7,AirAsia India,4835,770996.0,89.548,811080.599,3.249325266311192,8888.833,2019-07-01,Jul 2019
2019,7,Alliance Air,2469,135724.0,66.618,56763.0,0.5720022184872817,4463.0,2019-07-01,Jul 2019
2019,7,Blue Dart Aviation,517,0.0,,0.0,0.0,619.083,2019-07-01,Jul 2019
2019,7,Go First,8192,1325734.0,90.375,1269121.517,5.587241675193907,12591.683,2019-07-01,Jul 2019
2019,7,IndiGo,39883,5693448.0,86.161,5430427.0,23.994760593866793,70628.55,2019-07-01,Jul 2019
2019,7,Pawan Hans,40,98.0,19.232,6.85,0.00041301624923929147,25.283,2019-07-01,Jul 2019
2019,7,SpiceJet,15005,1847629.0,92.405,1788800.51,7.786742852711663,21954.0,2019-07-01,Jul 2019
2019,7,Star Air,194,4875.0,50.903,2818.623,0.02054545117389333,210.0,2019-07-01,Jul 2019
2019,7,Total Domestic,88200,11863940.0,86.313,11405957.149,50.0,147856.737,2019-07-01,Jul 2019
2019,7,TruJet,1308,67970.0,75.021,25406.0,0.28645627000810864,1748.383,2019-07-01,Jul 2019
2019,7,Vistara,5293,714504.0,82.426,745810.334,3.011242470882354,6941.467,2019-07-01,Jul 2019
2019,8,Air India,10302,1329262.0,79.496,1286024.847,5.653195122590189,19569.0,2019-08-01,Aug 2019
2019,8,Air India Express,298,14903.0,59.278,22263.227,0.06338070817638779,456.68,2019-08-01,Aug 2019
2019,8,AirAsia India,4897,762998.0,87.833,798989.626,3.2449408560133888,9030.317,2019-08-01,Aug 2019
2019,8,Alliance Air,2603,134431.0,63.785,56175.0,0.571719249873179,4532.0,2019-08-01,Aug 2019
2019,8,Blue Dart Aviation,488,0.0,,0.0,0.0,612.333,2019-08-01,Aug 2019
2019,8,Go First,8868,1390927.0,87.507,1311612.309,5.91544912310666,13423.65,2019-08-01,Aug 2019
2019,8,IndiGo,39636,5540693.0,84.319,5278012.0,23.563916401258446,70725.233,2019-08-01,Aug 2019
2019,8,Pawan Hans,76,156.0,14.426,10.4,0.0006634496729193113,49.5,2019-08-01,Aug 2019
2019,8,SpiceJet,14603,1833644.0,92.437,1782977.086,7.798272513143958,21459.0,2019-08-01,Aug 2019
2019,8,Star Air,168,4232.0,53.063,2540.052,0.017998198819195673,201.0,2019-08-01,Aug 2019
2019,8,Total Domestic,88215,11756732.0,85.112,11291303.497,50.0,149885.1,2019-08-01,Aug 2019
2019,8,TruJet,1141,61277.0,77.8,22471.0,0.2606038820992092,1483.167,2019-08-01,Aug 2019
2019,8,Vistara,5135,684209.0,81.837,730227.95,2.909860495246468,8343.22,2019-08-01,Aug 2019
2019,9,Air Heritage,63,520.0,91.711,236.6,0.002263217604281451,48.0,2019-09-01,Sep 2019
2019,9,Air India,10344,1301642.0,78.14,1257937.174,5.6651905555233,19591.1,2019-09-01,Sep 2019
2019,9,Air India Express,286,13572.0,54.605,19985.596,0.05906997947174586,436.99,2019-09-01,Sep 2019
2019,9,AirAsia India,4827,725467.0,84.731,766363.992,3.1574801648562523,8916.817,2019-09-01,Sep 2019
2019,9,Alliance Air,2667,135642.0,62.731,55415.0,0.5903603120768164,4610.0,2019-09-01,Sep 2019
2019,9,Blue Dart Aviation,445,0.0,,0.0,0.0,595.03,2019-09-01,Sep 2019
2019,9,Go First,8494,1326836.0,86.698,1249974.988,5.774843448450736,12882.35,2019-09-01,Sep 2019
2019,9,IndiGo,39058,5559031.0,86.456,5287003.0,24.19480158066599,68815.41,2019-09-01,Sep 2019
2019,9,Pawan Hans,70,175.0,17.874,11.5,0.0007616597706716421,45.16,2019-09-01,Sep 2019
2019,9,SpiceJet,13543,1700367.0,93.03,1653697.899,7.4005779387293025,19047.0,2019-09-01,Sep 2019
2019,9,Star Air,183,4653.0,51.026,2560.528,0.020251445216772287,219.0,2019-09-01,Sep 2019
2019,9,Total Domestic,86221,11488069.0,85.501,11024517.007,50.0,143535.897,2019-09-01,Sep 2019
2019,9,TruJet,1186,55773.0,68.497,20154.0,0.2427431450838257,1532.77,2019-09-01,Sep 2019
2019,9,Vistara,5055,664391.0,80.325,711176.73,2.8916565525503026,6796.27,2019-09-01,Sep 2019
2019,10,Air Heritage,113,991.0,97.435,453.468,0.004034934142220232,91.0,2019-10-01,Oct 2019
2019,10,Air India,11262,1352701.0,74.77,1298576.881,5.507628102033753,21297.283,2019-10-01,Oct 2019
2019,10,Air India Express,220,14043.0,59.696,21771.7,0.05717717473178478,196.08,2019-10-01,Oct 2019
2019,10,AirAsia India,5415,803242.0,83.042,860720.367,3.270462734879176,10227.383,2019-10-01,Oct 2019
2019,10,Alliance Air,2700,145086.0,65.981,58309.0,0.5907290161030924,4667.0,2019-10-01,Oct 2019
2019,10,Blue Dart Aviation,454,0.0,,0.0,0.0,634.35,2019-10-01,Oct 2019
2019,10,Go First,9186,1378207.0,83.11,1289128.0,5.611477779361169,13812.32,2019-10-01,Oct 2019
2019,10,IndiGo,41763,5842318.0,85.123,5611952.0,23.787455467111826,74078.5,2019-10-01,Oct 2019
2019,10,Pawan Hans,102,322.0,22.973,23.8,0.0013110482278455243,70.0,2019-10-01,Oct 2019
2019,10,SpiceJet,16098,2004583.0,90.026,1985372.914,8.161816738258585,23727.0,2019-10-01,Oct 2019
2019,10,Star Air,209,6232.0,59.506,3376.393,0.025374076260662445,208.0,2019-10-01,Oct 2019
2019,10,Total Domestic,93950,12280250.0,83.559,11871150.641,50.0,160082.617,2019-10-01,Oct 2019
2019,10,TruJet,1246,63810.0,73.507,22807.0,0.25980741434417054,1592.31,2019-10-01,Oct 2019
2019,10,Vistara,5182,668715.0,77.912,718659.118,2.7227255145457137,9229.39,2019-10-01,Oct 2019
2019,11,Air Heritage,30,238.0,88.154,109.17,0.0009217564339954617,31.0,2019-11-01,Nov 2019
2019,11,Air India,10449,1377244.0,81.821,1331702.494,5.333964362107755,19997.0,2019-11-01,Nov 2019
2019,11,Air India Express,286,16085.0,66.027,24318.41,0.062296017818558834,433.19,2019-11-01,Nov 2019
2019,11,AirAsia India,5682,877973.0,87.191,916091.382,3.4003246286735194,10306.117,2019-11-01,Nov 2019
2019,11,Alliance Air,2507,134676.0,65.909,54529.0,0.5215902080032471,4410.0,2019-11-01,Nov 2019
2019,11,Blue Dart Aviation,454,0.0,,0.0,0.0,621.25,2019-11-01,Nov 2019
2019,11,Go First,8561,1422119.0,92.659,1352293.297,5.507761925030218,13052.2,2019-11-01,Nov 2019
2019,11,IndiGo,40949,6151347.0,91.417,5863493.0,23.82371292012051,73478.43,2019-11-01,Nov 2019
2019,11,Pawan Hans,98,329.0,25.049,24.5,0.0012741927175819617,66.66,2019-11-01,Nov 2019
2019,11,SpiceJet,16148,2080133.0,92.782,2118378.237,8.056201581160847,23558.0,2019-11-01,Nov 2019
2019,11,Star Air,235,8562.0,75.426,6001.917,0.03315999406667707,208.0,2019-11-01,Nov 2019
2019,11,Total Domestic,92388,12910135.0,89.561,12506421.33,50.0,157833.317,2019-11-01,Nov 2019
2019,11,TruJet,1493,81116.0,77.249,30311.0,0.31415628109233557,2025.19,2019-11-01,Nov 2019
2019,11,Vistara,5496,760313.0,84.093,809168.923,2.9446361327747543,9646.28,2019-11-01,Nov 2019
2019,12,Air Heritage,127,1112.0,97.287,509.81,0.004283378457749556,108.15,2019-12-01,Dec 2019
2019,12,Air India,10377,1349814.0,79.351,1315463.7,5.199428246015072,20023.467,2019-12-01,Dec 2019
2019,12,Air India Express,294,17955.0,73.918,27961.69,0.06916192464828531,451.9,2019-12-01,Dec 2019
2019,12,AirAsia India,6120,911052.0,84.34,958409.291,3.5093349916273815,11361.767,2019-12-01,Dec 2019
2019,12,Alliance Air,2690,145520.0,66.121,58192.0,0.5605370801903916,4690.0,2019-12-01,Dec 2019
2019,12,Blue Dart Aviation,487,0.0,,0.0,0.0,673.05,2019-12-01,Dec 2019
2019,12,Go First,8267,1332368.0,89.668,1262740.787,5.132226968520558,12686.07,2019-12-01,Dec 2019
2019,12,IndiGo,42086,6188457.0,90.102,5890402.0,23.837682914127196,75301.0,2019-12-01,Dec 2019
2019,12,Pawan Hans,78,290.0,27.882,20.8,0.0011170681229742548,51.167,2019-12-01,Dec 2019
2019,12,SpiceJet,16639,2144156.0,92.747,2201985.855,8.259201097530987,25364.0,2019-12-01,Dec 2019
2019,12,Star Air,263,10705.0,82.218,7136.5,0.041235221573928955,320.0,2019-12-01,Dec 2019
2019,12,Total Domestic,94910,12980408.0,87.914,12597794.208,50.0,163616.02,2019-12-01,Dec 2019
2019,12,TruJet,1568,87087.0,77.732,31972.09,0.3354555573291687,2094.7,2019-12-01,Dec 2019
2019,12,Vistara,5914,791892.0,81.108,842999.685,3.050335551856305,10490.75,2019-12-01,Dec 2019
2020,1,Air Deccan,120,465.0,24.703,141.052,0.001823874016667149,112.11,2020-01-01,Jan 2020
2020,1,Air Heritage,100,792.0,88.029,363.44,0.0031064692929040475,98.0,2020-01-01,Jan 2020
2020,1,Air India,10454,1285138.0,76.542,1246625.631,5.040709260282982,20091.433,2020-01-01,Jan 2020
2020,1,Air India Express,293,15335.0,65.475,24825.521,0.060148619452883294,448.96,2020-01-01,Jan 2020
2020,1,AirAsia India,6303,882765.0,79.305,936059.89,3.4624777340283353,11761.433,2020-01-01,Jan 2020
2020,1,Alliance Air,2684,142268.0,64.443,57617.0,0.5580191582864559,4627.0,2020-01-01,Jan 2020
2020,1,Blue Dart Aviation,477,0.0,,0.0,,656.15,2020-01-01,Jan 2020
2020,1,Go First,7846,1247479.0,88.69,1191784.32,4.892998998791223,14916.0,2020-01-01,Jan 2020
2020,1,IndiGo,42555,6119924.0,87.79,5789000.0,24.00423734962943,75909.41,2020-01-01,Jan 2020
2020,1,Pawan Hans,74,278.0,26.765,19.137,0.0010904021002870268,49.0,2020-01-01,Jan 2020
2020,1,SpiceJet,16693,2124455.0,91.494,2170814.842,8.33277048188948,25406.85,2020-01-01,Jan 2020
2020,1,Star Air,278,10921.0,79.736,7601.703,0.0428355443785418,349.0,2020-01-01,Jan 2020
2020,1,Total Domestic,95487,12747591.0,85.961,12342405.013,50.0,167217.917,2020-01-01,Jan 2020
2020,1,TruJet,1558,86826.0,79.152,32127.448,0.340558463163746,2041.1,2020-01-01,Jan 2020
2020,1,Vistara,6052,830945.0,83.515,885425.029,3.259223644687063,10751.47,2020-01-01,Jan 2020
2020,2,Air Heritage,80,692.0,96.11,317.522,0.002805898712733144,69.2,2020-02-01,Feb 2020
2020,2,Air India,9921,1283574.0,80.92,1254070.047,5.204593402164353,18985.0,2020-02-01,Feb 2020
2020,2,Air India Express,275,15345.0,70.072,24892.086,0.06222039847816488,420.01,2020-02-01,Feb 2020
2020,2,AirAsia India,6096,896653.0,83.61,942780.972,3.6357189284224156,11285.683,2020-02-01,Feb 2020
2020,2,Alliance Air,2735,145354.0,65.112,58381.0,0.5893765917494413,4683.0,2020-02-01,Feb 2020
2020,2,Blue Dart Aviation,452,0.0,,0.0,,627.1,2020-02-01,Feb 2020
2020,2,Go First,7639,1231507.0,90.517,1158190.743,4.993473852632739,14245.01,2020-02-01,Feb 2020
2020,2,IndiGo,41162,5931189.0,88.317,5615979.0,24.049588988550553,73172.2,2020-02-01,Feb 2020
2020,2,Pawan Hans,94,324.0,25.89,24.0,0.0013137444839964431,63.33,2020-02-01,Feb 2020
2020,2,SpiceJet,14907,1890633.0,93.025,1884852.114,7.6660761574433565,22321.817,2020-02-01,Feb 2020
2020,2,Star Air,278,11622.0,80.657,8473.734,0.047124501212983526,380.4,2020-02-01,Feb 2020
2020,2,Total Domestic,90959,12331165.0,87.744,11864098.131,50.0,158679.22,2020-02-01,Feb 2020
2020,2,TruJet,1554,90489.0,83.381,33831.0,0.36691180435911774,2016.95,2020-02-01,Feb 2020
2020,2,Vistara,5766,833783.0,87.992,882305.913,3.3807957317901436,10409.52,2020-02-01,Feb 2020
2020,3,Air Heritage,49,406.0,92.088,186.237,0.002624218616284427,43.0,2020-03-01,Mar 2020
2020,3,Air India,7495,722474.0,62.444,722481.532,4.669777636900186,14102.067,2020-03-01,Mar 2020
2020,3,Air India Express,200,10072.0,57.093,15576.903,0.06510130518033683,313.25,2020-03-01,Mar 2020
2020,3,AirAsia India,4911,591780.0,69.115,631541.269,3.8250248589773355,9127.2,2020-03-01,Mar 2020
2020,3,Alliance Air,1987,82612.0,51.406,33510.0,0.5339703160800224,3345.0,2020-03-01,Mar 2020
2020,3,Blue Dart Aviation,354,0.0,,0.0,,496.15,2020-03-01,Mar 2020
2020,3,Go First,5453,767558.0,78.924,729052.525,4.961182247975474,10113.0,2020-03-01,Mar 2020
2020,3,IndiGo,32233,3793464.0,73.426,3660382.0,24.519406032031497,56567.0,2020-03-01,Mar 2020
2020,3,Pawan Hans,60,183.0,23.32,13.6,0.0011828374551232763,38.33,2020-03-01,Mar 2020
2020,3,SpiceJet,10999,1245208.0,83.678,1246162.788,8.048517277700244,16232.25,2020-03-01,Mar 2020
2020,3,Star Air,253,8033.0,68.521,6421.409,0.05192203976505616,330.0,2020-03-01,Mar 2020
2020,3,Total Domestic,69310,7735665.0,73.092,7554543.337,50.00018744418687,119352.597,2020-03-01,Mar 2020
2020,3,TruJet,1134,56626.0,70.85,21036.0,0.36600739745251715,1418.0,2020-03-01,Mar 2020
2020,3,Vistara,4182,457191.0,66.425,488179.074,2.955096387679048,7227.35,2020-03-01,Mar 2020
2020,4,Blue Dart Aviation,188,0.0,,0.0,,261.25,2020-04-01,Apr 2020
2020,4,Total Domestic,188,0.0,,0.0,,261.25,2020-04-01,Apr 2020
2020,5,Air India,457,41595.0,50.139,39002.038,7.469910242549845,832.0,2020-05-01,May 2020
2020,5,Air India Express,29,332.0,14.552,624.0,0.05962279602179465,46.21,2020-05-01,May 2020
2020,5,AirAsia India,267,21941.0,45.999,25328.698,3.9403125527536034,514.517,2020-05-01,May 2020
2020,5,Alliance Air,212,3772.0,23.188,1548.0,0.6774011644403898,281.0,2020-05-01,May 2020
2020,5,Blue Dart Aviation,285,0.0,,0.0,,418.1,2020-05-01,May 2020
2020,5,IndiGo,1575,142254.0,52.562,141383.0,25.546931401458963,2714.58,2020-05-01,May 2020
2020,5,SpiceJet,618,48156.0,57.171,48598.377,8.64817881092031,891.83,2020-05-01,May 2020
2020,5,Star Air,22,403.0,37.482,256.0,0.07237345420717844,26.0,2020-05-01,May 2020
2020,5,Total Domestic,3813,278417.0,50.799,276192.786,50.0,6210.657,2020-05-01,May 2020
2020,5,TruJet,92,1548.0,22.7,506.32,0.27800026578836784,108.22,2020-05-01,May 2020
2020,5,Vistara,256,18416.0,44.085,18946.353,3.3072693118595486,378.2,2020-05-01,May 2020
2020,6,Air India,2211,197747.0,52.081,184473.0,5.1091725960235435,4151.0,2020-06-01,Jun 2020
2020,6,Air India Express,67,3244.0,31.409,5217.326,0.08381495497529862,162.9,2020-06-01,Jun 2020
2020,6,AirAsia India,1373,139934.0,56.54,161108.0,3.615462980737804,2681.0,2020-06-01,Jun 2020
2020,6,Alliance Air,1422,36092.0,33.289,14295.0,0.9325059663897897,2200.0,2020-06-01,Jun 2020
2020,6,Blue Dart Aviation,460,0.0,,0.0,,580.0,2020-06-01,Jun 2020
2020,6,IndiGo,10341,1046836.0,60.681,1038263.0,27.047013627164517,17810.33,2020-06-01,Jun 2020
2020,6,Pawan Hans,28,11.0,4.226,1.11,0.0002842060742072395,18.33,2020-06-01,Jun 2020
2020,6,SpiceJet,3457,334104.0,68.016,362216.0,8.632216928812321,5251.33,2020-06-01,Jun 2020
2020,6,Star Air,217,5952.0,56.32,3645.7,0.15378132306195358,248.0,2020-06-01,Jun 2020
2020,6,Total Domestic,22367,1979472.0,59.478,1999995.136,51.14345146574115,36004.4,2020-06-01,Jun 2020
2020,6,TruJet,781,15125.0,27.506,5337.0,0.39078335203495423,925.37,2020-06-01,Jun 2020
2020,6,Vistara,1179,111914.0,56.597,130240.0,2.891512598984454,1976.14,2020-06-01,Jun 2020
2020,7,Air India,2260,142583.0,41.129,142506.476,3.4628763807315797,4147.167,2020-07-01,Jul 2020
2020,7,Air India Express,53,1732.0,19.004,2729.504,0.04206463527508256,135.77,2020-07-01,Jul 2020
2020,7,AirAsia India,1301,129780.0,56.15,149745.203,3.1519332367206783,2490.3,2020-07-01,Jul 2020
2020,7,Alliance Air,1540,41967.0,33.664,16366.0,1.0192416562294397,2504.0,2020-07-01,Jul 2020
2020,7,Blue Dart Aviation,478,0.0,,0.0,,612.66,2020-07-01,Jul 2020
2020,7,Go First,833,79358.0,50.461,82736.712,1.9273471860046199,1343.0,2020-07-01,Jul 2020
2020,7,IndiGo,13094,1272240.0,60.185,1240088.0,30.89856326926734,22743.5,2020-07-01,Jul 2020
2020,7,Pawan Hans,34,18.0,4.827,1.508,0.0004371613365770704,22.0,2020-07-01,Jul 2020
2020,7,SpiceJet,3548,331197.0,70.04,342586.692,8.043695732795333,5064.583,2020-07-01,Jul 2020
2020,7,Star Air,216,5651.0,54.959,3568.897,0.13724437294427916,247.0,2020-07-01,Jul 2020
2020,7,Total Domestic,24770,2102854.0,57.961,2084440.595,51.07147029257993,39807.35,2020-07-01,Jul 2020
2020,7,TruJet,420,10093.0,33.489,3525.0,0.2451260761151318,497.37,2020-07-01,Jul 2020
2020,8,Air India,2589,224999.0,59.657,251564.875,3.9806655560855266,4926.883,2020-08-01,Aug 2020
2020,8,Air India Express,29,1361.0,13.857,1990.216,0.02407871066908032,65.63,2020-08-01,Aug 2020
2020,8,AirAsia India,1719,192401.0,64.435,201318.137,3.4039441671136825,3206.517,2020-08-01,Aug 2020
2020,8,Alliance Air,1229,45544.0,41.557,18673.0,0.8057610570996281,2371.0,2020-08-01,Aug 2020
2020,8,Blue Dart Aviation,456,0.0,,0.0,,609.0,2020-08-01,Aug 2020
2020,8,Go First,1216,132779.0,61.04,139257.664,2.3491161821673883,1856.0,2020-08-01,Aug 2020
2020,8,IndiGo,15897,1681787.0,65.615,1633951.0,29.754050389434667,27875.0,2020-08-01,Aug 2020
2020,8,Pawan Hans,36,11.0,3.683,1.102,0.0001946111810138747,21.67,2020-08-01,Aug 2020
2020,8,SpiceJet,3937,390885.0,76.05,406988.875,6.9155083173280385,5525.133,2020-08-01,Aug 2020
2020,8,Star Air,230,7339.0,65.63,4761.059,0.12984104158734788,274.0,2020-08-01,Aug 2020
2020,8,Total Domestic,28834,2826148.0,65.702,2818761.814,50.0,48992.913,2020-08-01,Aug 2020
2020,8,TruJet,214,7394.0,48.535,2554.108,0.13081409749241724,257.0,2020-08-01,Aug 2020
2020,8,Vistara,1282,141648.0,68.345,157701.778,2.5060258698412117,2005.08,2020-08-01,Aug 2020
2020,9,Air India,3519,318320.0,58.054,358675.638,4.039914846027108,6869.067,2020-09-01,Sep 2020
2020,9,Air India Express,26,999.0,21.174,1579.158,0.012678672188932776,70.02,2020-09-01,Sep 2020
2020,9,AirAsia India,2239,234679.0,58.381,251896.237,2.978396507133689,4373.433,2020-09-01,Sep 2020
2020,9,Alliance Air,1260,49709.0,41.775,20300.0,0.6308749908304898,2548.0,2020-09-01,Sep 2020
2020,9,Blue Dart Aviation,491,0.0,,0.0,,664.58,2020-09-01,Sep 2020
2020,9,Go First,2548,263659.0,57.637,273752.763,3.3461922228847114,4989.55,2020-09-01,Sep 2020
2020,9,IndiGo,21063,2265539.0,65.392,2233475.0,28.752779091333906,37320.05,2020-09-01,Sep 2020
2020,9,Pawan Hans,44,45.0,9.92,3.769,0.0005711113598618367,27.5,2020-09-01,Sep 2020
2020,9,SpiceJet,5410,529758.0,73.0,560602.198,6.723351372837487,8035.617,2020-09-01,Sep 2020
2020,9,Star Air,240,8463.0,73.788,5923.93,0.10740700974468276,298.0,2020-09-01,Sep 2020
2020,9,Total Domestic,39628,3939687.0,64.338,4004630.932,50.0,69573.957,2020-09-01,Sep 2020
2020,9,TruJet,414,10075.0,35.641,3773.0,0.127865487791289,514.9,2020-09-01,Sep 2020
2020,9,Vistara,2374,258441.0,66.669,294649.239,3.279968687867843,3863.24,2020-09-01,Sep 2020
2020,10,Air India,4518,426369.0,62.285,471208.851,4.046247876134816,8688.667,2020-10-01,Oct 2020
2020,10,Air India Express,38,1786.0,27.449,3096.958,0.016949165410188784,102.7,2020-10-01,Oct 2020
2020,10,AirAsia India,3311,373616.0,62.974,409868.282,3.5456211555952364,6580.317,2020-10-01,Oct 2020
2020,10,Alliance Air,1386,63236.0,46.549,25317.0,0.600110539685721,2874.0,2020-10-01,Oct 2020
2020,10,Blue Dart Aviation,471,0.0,,0.0,,629.33,2020-10-01,Oct 2020
2020,10,Go First,3425,395061.0,61.79,408108.549,3.7491345107024587,6800.52,2020-10-01,Oct 2020
2020,10,IndiGo,24853,2926835.0,68.18,2820750.0,27.775705791338122,43914.95,2020-10-01,Oct 2020
2020,10,Pawan Hans,70,172.0,21.912,14.679,0.0016322824471178446,46.33,2020-10-01,Oct 2020
2020,10,SpiceJet,6837,704498.0,73.999,732301.642,6.685696043195508,10229.67,2020-10-01,Oct 2020
2020,10,Star Air,246,8804.0,73.818,6226.743,0.08355008525828782,309.0,2020-10-01,Oct 2020
2020,10,Total Domestic,49150,5268696.0,66.887,5262536.299,50.0,86314.683,2020-10-01,Oct 2020
2020,10,TruJet,902,28865.0,45.171,10836.296,0.2739292606747476,1094.87,2020-10-01,Oct 2020
2020,10,Vistara,3093,339454.0,65.195,374807.299,3.221423289557795,5044.33,2020-10-01,Oct 2020
2020,11,Air India,5081,558588.0,69.758,613972.451,4.403469939483703,9988.3,2020-11-01,Nov 2020
2020,11,Air India Express,66,3990.0,34.467,6851.065,0.031454032414838795,182.08,2020-11-01,Nov 2020
2020,11,AirAsia India,3541,421272.0,66.269,458360.802,3.3209782314446037,6999.817,2020-11-01,Nov 2020
2020,11,Alliance Air,1600,82656.0,57.111,33735.0,0.6515951136042395,3096.0,2020-11-01,Nov 2020
2020,11,Blue Dart Aviation,447,0.0,,0.0,,600.05,2020-11-01,Nov 2020
2020,11,Go First,4428,577339.0,70.757,587011.683,4.5512881254011575,8796.92,2020-11-01,Nov 2020
2020,11,IndiGo,26786,3423059.0,73.973,3280792.0,26.98471397090368,47267.58,2020-11-01,Nov 2020
2020,11,Pawan Hans,70,163.0,19.796,13.0,0.0012849642314833895,45.83,2020-11-01,Nov 2020
2020,11,SpiceJet,7813,839523.0,77.748,871555.893,6.6181412669179736,11695.917,2020-11-01,Nov 2020
2020,11,Star Air,294,10653.0,75.596,8080.772,0.08397990158277636,397.0,2020-11-01,Nov 2020
2020,11,Total Domestic,54132,6342589.0,72.648,6310968.174,50.0,95387.203,2020-11-01,Nov 2020
2020,11,TruJet,682,28044.0,58.825,10744.237,0.22107691354429554,877.37,2020-11-01,Nov 2020
2020,11,Vistara,3324,397302.0,70.766,439851.271,3.1320175404712494,5440.34,2020-11-01,Nov 2020
2020,12,Air India,5857,627009.0,66.305,686267.616,4.2910177080299325,11809.467,2020-12-01,Dec 2020
2020,12,Air India Express,55,3834.0,37.962,6301.654,0.026238478064249098,151.54,2020-12-01,Dec 2020
2020,12,AirAsia India,4324,502311.0,65.112,540718.942,3.437630713336209,8427.6,2020-12-01,Dec 2020
2020,12,Alliance Air,1787,99226.0,62.062,40329.0,0.679066047053516,3482.0,2020-12-01,Dec 2020
2020,12,Blue Dart Aviation,517,0.0,,0.0,,696.17,2020-12-01,Dec 2020
2020,12,Go First,5349,654539.0,66.259,647184.488,4.4794228465559565,10576.9,2020-12-01,Dec 2020
2020,12,IndiGo,31847,3951522.0,71.501,3768240.0,27.042755168856992,56527.51,2020-12-01,Dec 2020
2020,12,Pawan Hans,80,218.0,23.258,18.528,0.001491911376631795,54.166,2020-12-01,Dec 2020
2020,12,SpiceJet,8719,951550.0,78.005,999565.456,6.512056286394426,13577.7,2020-12-01,Dec 2020
2020,12,Star Air,341,12824.0,76.367,9357.493,0.08776271327489056,468.0,2020-12-01,Dec 2020
2020,12,Total Domestic,64002,7306064.0,70.29,7220783.461,50.0,113831.063,2020-12-01,Dec 2020
2020,12,TruJet,994,41649.0,60.861,15814.917,0.28503035286852124,1245.0,2020-12-01,Dec 2020
2020,12,Vistara,4132,461382.0,66.779,506985.367,3.157527774188674,6815.01,2020-12-01,Dec 2020
2021,1,Air India,6365,672139.0,65.632,729220.203,4.362260388145309,12779.167,2021-01-01,Jan 2021
2021,1,Air India Express,44,3075.0,38.188,5566.496,0.01995710811833092,131.21,2021-01-01,Jan 2021
2021,1,Air Taxi,24,27.0,37.499,6.199,0.00017523314445363732,23.67,2021-01-01,Jan 2021
2021,1,AirAsia India,4495,531578.0,66.83,558871.307,3.4500031282361343,8590.4,2021-01-01,Jan 2021
2021,1,Alliance Air,1652,92039.0,61.449,36600.0,0.5973438289766048,3167.0,2021-01-01,Jan 2021
2021,1,Blue Dart Aviation,440,0.0,,0.0,,598.67,2021-01-01,Jan 2021
2021,1,Flybig,56,1717.0,42.951,777.2,0.011143529963959085,67.0,2021-01-01,Jan 2021
2021,1,Go First,5323,633787.0,64.883,619864.761,4.113351441623609,10287.82,2021-01-01,Jan 2021
2021,1,IndiGo,34461,4202712.0,69.32,3983767.0,27.27609033307537,61464.9,2021-01-01,Jan 2021
2021,1,Pawan Hans,54,182.0,28.281,14.895,0.0011812011959467406,36.0,2021-01-01,Jan 2021
2021,1,SpiceJet,9166,991883.0,76.551,1042368.244,6.4374361859298945,14272.283,2021-01-01,Jan 2021
2021,1,Star Air,436,15518.0,73.208,11175.086,0.10071362724561274,582.0,2021-01-01,Jan 2021
2021,1,Total Domestic,67877,7704022.0,69.226,7568902.449,50.0,120426.3,2021-01-01,Jan 2021
2021,1,TruJet,1002,44886.0,64.955,16923.337,0.2913153674794802,1256.85,2021-01-01,Jan 2021
2021,1,Vistara,4359,514479.0,70.035,563747.721,3.3390286268652916,7169.33,2021-01-01,Jan 2021
2021,2,Air India,6285,786746.0,78.244,849666.055,5.0463211987105465,12700.333,2021-02-01,Feb 2021
2021,2,Air India Express,28,1712.0,33.709,3138.0,0.010981056010697807,84.95,2021-02-01,Feb 2021
2021,2,Air Taxi,125,77.0,21.135,18.89,0.0004938909537521794,135.0,2021-02-01,Feb 2021
2021,2,AirAsia India,4340,520603.0,67.891,542276.763,3.339235223327868,8239.033,2021-02-01,Feb 2021
2021,2,Alliance Air,1660,95469.0,65.271,37382.0,0.6123542268021664,3086.0,2021-02-01,Feb 2021
2021,2,Blue Dart Aviation,424,0.0,,0.0,,544.75,2021-02-01,Feb 2021
2021,2,Flybig,80,2921.0,50.879,1412.57,0.018735785401430078,103.0,2021-02-01,Feb 2021
2021,2,Go First,4143,581273.0,76.511,562958.335,3.728382809875202,8310.97,2021-02-01,Feb 2021
2021,2,IndiGo,32690,4238466.0,74.369,4039127.0,27.186233963456946,58239.43,2021-02-01,Feb 2021
2021,2,Pawan Hans,84,260.0,27.628,22.69,0.0016676837399424238,56.16,2021-02-01,Feb 2021
2021,2,SpiceJet,8752,962081.0,78.887,991225.375,6.170949385413643,13370.05,2021-02-01,Feb 2021
2021,2,Star Air,455,17886.0,80.607,12827.262,0.11472381297157766,599.0,2021-02-01,Feb 2021
2021,2,Total Domestic,64327,7795243.0,74.85,7658045.604,50.0,113903.507,2021-02-01,Feb 2021
2021,2,TruJet,917,47505.0,75.85,18083.723,0.3047050617921725,1144.57,2021-02-01,Feb 2021
2021,2,Vistara,4344,540244.0,73.722,599906.941,3.465215901544057,7290.26,2021-02-01,Feb 2021
2021,3,Air India,7102,785520.0,70.657,850171.134,5.043590148587895,14076.633,2021-03-01,Mar 2021
2021,3,Air India Express,16,689.0,23.655,1306.0,0.004423863953021004,50.04,2021-03-01,Mar 2021
2021,3,Air Taxi,114,79.0,22.176,19.75,0.0005072354895336131,139.73,2021-03-01,Mar 2021
2021,3,AirAsia India,4727,541512.0,65.132,572123.104,3.4768873975737447,9023.3,2021-03-01,Mar 2021
2021,3,Alliance Air,1809,95563.0,57.904,38098.0,0.6135815833708944,3472.0,2021-03-01,Mar 2021
2021,3,Blue Dart Aviation,460,0.0,,0.0,,573.16,2021-03-01,Mar 2021
2021,3,Flybig,90,2600.0,40.627,1278.0,0.016693826237815113,119.0,2021-03-01,Mar 2021
2021,3,Go First,4709,611956.0,71.545,589514.952,3.9291873573801475,9203.8,2021-03-01,Mar 2021
2021,3,IndiGo,36601,4184920.0,66.402,4038028.0,26.87012588429124,64873.2,2021-03-01,Mar 2021
2021,3,Pawan Hans,80,251.0,26.56,21.339,0.0016115963021890742,54.33,2021-03-01,Mar 2021
2021,3,SpiceJet,9520,1002950.0,76.539,1038941.395,6.439643471237179,14443.9,2021-03-01,Mar 2021
2021,3,Star Air,532,18746.0,74.175,13926.577,0.12036248717464697,725.0,2021-03-01,Mar 2021
2021,3,Total Domestic,71458,7787310.0,68.117,7724907.285,50.0,125840.273,2021-03-01,Mar 2021
2021,3,TruJet,1020,42678.0,59.881,15975.497,0.2740227369913359,1273.18,2021-03-01,Mar 2021
2021,3,Vistara,4678,499846.0,64.534,565503.537,3.2093624114103587,7813.0,2021-03-01,Mar 2021
2021,4,Air India,6803,544067.0,52.246,575346.811,4.816939870390694,12807.033,2021-04-01,Apr 2021
2021,4,Air Taxi,34,31.0,29.682,8.13,0.0002744609321684857,38.27,2021-04-01,Apr 2021
2021,4,AirAsia India,3195,354878.0,64.019,403399.335,3.141940215680254,6341.383,2021-04-01,Apr 2021
2021,4,Alliance Air,1530,63147.0,43.922,25269.0,0.5590769188272054,2956.0,2021-04-01,Apr 2021
2021,4,Blue Dart Aviation,473,0.0,,0.0,,628.92,2021-04-01,Apr 2021
2021,4,Flybig,68,1765.0,34.701,803.45,0.01562656597668959,88.0,2021-04-01,Apr 2021
2021,4,Go First,4579,547137.0,65.661,537578.093,4.844120356253832,8843.033,2021-04-01,Apr 2021
2021,4,IndiGo,31374,3083318.0,58.686,3056489.0,27.298397821028097,54525.38,2021-04-01,Apr 2021
2021,4,Pawan Hans,60,116.0,17.385,10.13,0.0010270151010175594,40.0,2021-04-01,Apr 2021
2021,4,SpiceJet,7043,705499.0,70.779,753476.549,6.246190747868855,10998.117,2021-04-01,Apr 2021
2021,4,Star Air,453,12578.0,61.229,10226.53,0.11136030983274882,634.0,2021-04-01,Apr 2021
2021,4,Total Domestic,59967,5647434.0,59.823,5728118.78,50.0,104910.096,2021-04-01,Apr 2021
2021,4,TruJet,864,23962.0,40.378,9205.0,0.2121494469877824,1072.83,2021-04-01,Apr 2021
2021,4,Vistara,3491,310936.0,54.582,356306.752,2.752896271120654,5937.13,2021-04-01,Apr 2021
2021,5,Air India,5384,321041.0,39.578,328374.717,7.878801711224067,9618.933,2021-05-01,May 2021
2021,5,Air Taxi,72,82.0,37.578,21.81,0.002012396361587378,80.44,2021-05-01,May 2021
2021,5,AirAsia India,809,63532.0,44.38,70007.636,1.5591654346874306,1562.15,2021-05-01,May 2021
2021,5,Alliance Air,1042,29756.0,30.972,12178.0,0.7302544650657808,2024.0,2021-05-01,May 2021
2021,5,Blue Dart Aviation,455,0.0,,0.0,,607.3,2021-05-01,May 2021
2021,5,Flybig,54,1323.0,25.767,286.96,0.03246829739487928,59.5,2021-05-01,May 2021
2021,5,Go First,1220,138417.0,63.342,124752.207,3.3969495997785386,2077.45,2021-05-01,May 2021
2021,5,IndiGo,14121,1168738.0,51.189,1168028.0,28.68248901035255,24389.03,2021-05-01,May 2021
2021,5,SpiceJet,2111,198792.0,64.043,225662.506,4.878637774544855,3521.567,2021-05-01,May 2021
2021,5,Star Air,332,6847.0,44.443,5670.236,0.16803509619254609,480.0,2021-05-01,May 2021
2021,5,Total Domestic,27725,2037372.0,49.29,2048225.883,50.0,47577.02,2021-05-01,May 2021
2021,5,TruJet,661,11813.0,25.721,4636.983,0.2899077831638012,820.31,2021-05-01,May 2021
2021,5,Vistara,1464,97031.0,40.882,108606.828,2.3812784312339623,2336.34,2021-05-01,May 2021
2021,6,Air India,4172,376800.0,59.06,388957.213,6.220607711110223,7719.85,2021-06-01,Jun 2021
2021,6,Air Taxi,59,56.0,32.276,16.58,0.0009245064538805002,74.45,2021-06-01,Jun 2021
2021,6,AirAsia India,1081,106632.0,54.446,107461.227,1.760392360539027,1998.433,2021-06-01,Jun 2021
2021,6,Alliance Air,1217,52874.0,47.076,22051.0,0.8728991829013852,2420.0,2021-06-01,Jun 2021
2021,6,Blue Dart Aviation,492,0.0,,0.0,,664.25,2021-06-01,Jun 2021
2021,6,Flybig,96,3253.0,40.557,897.64,0.05370391954416549,103.4,2021-06-01,Jun 2021
2021,6,Go First,2004,258368.0,70.933,235326.108,4.26540863350352,3512.54,2021-06-01,Jun 2021
2021,6,IndiGo,16688,1701955.0,62.697,1607361.0,28.09764967346762,28631.07,2021-06-01,Jun 2021
2021,6,Pawan Hans,60,121.0,18.385,10.7,0.0019975943021346525,40.16,2021-06-01,Jun 2021
2021,6,SpiceJet,2913,280798.0,70.984,298165.838,4.635706486370299,4759.783,2021-06-01,Jun 2021
2021,6,Star Air,379,12492.0,69.454,9940.339,0.20623097539062873,533.0,2021-06-01,Jun 2021
2021,6,Total Domestic,31693,3028643.0,62.752,2923512.618,50.0,54456.777,2021-06-01,Jun 2021
2021,6,TruJet,312,10762.0,49.149,4554.156,0.177670329583249,415.35,2021-06-01,Jun 2021
2021,6,Vistara,2220,224532.0,60.002,248770.817,3.706808626833866,3584.49,2021-06-01,Jun 2021
2021,7,Air India,4940,489993.0,64.832,504753.36,5.002313347751091,9262.383,2021-07-01,Jul 2021
2021,7,Air Taxi,48,52.0,37.548,15.687,0.0005308653268170295,62.05,2021-07-01,Jul 2021
2021,7,AirAsia India,1721,164608.0,53.585,165951.701,1.6804746099364922,3141.533,2021-07-01,Jul 2021
2021,7,Alliance Air,2185,70363.0,54.476,29715.0,0.7183322498235893,2845.0,2021-07-01,Jul 2021
2021,7,Blue Dart Aviation,498,0.0,,0.0,,662.1,2021-07-01,Jul 2021
2021,7,Flybig,144,4982.0,45.221,1620.46,0.050860981888508475,144.0,2021-07-01,Jul 2021
2021,7,Go First,2792,342014.0,67.15,298046.222,3.4916033439615295,4839.07,2021-07-01,Jul 2021
2021,7,IndiGo,26210,2932469.0,66.221,2766997.0,29.937425270496306,45409.19,2021-07-01,Jul 2021
2021,7,Pawan Hans,68,171.0,21.955,13.7,0.0017457302093406165,44.0,2021-07-01,Jul 2021
2021,7,SpiceJet,4737,456239.0,74.567,459778.851,4.6577204969552835,7282.483,2021-07-01,Jul 2021
2021,7,Star Air,470,16469.0,74.863,12926.141,0.1681311743721088,533.0,2021-07-01,Jul 2021
2021,7,Total Domestic,47692,4897664.0,66.463,4702876.165,50.0,80539.23,2021-07-01,Jul 2021
2021,7,TruJet,421,13361.0,44.426,5512.646,0.13640176214619867,563.38,2021-07-01,Jul 2021
2021,7,Vistara,3458,406943.0,69.235,457545.397,4.154460167132739,5751.04,2021-07-01,Jul 2021
2021,8,Air India,6042,648329.0,68.817,674729.318,4.95357160757793,11342.55,2021-08-01,Aug 2021
2021,8,Air Taxi,1,0.0,0.0,0.0,,0.917,2021-08-01,Aug 2021
2021,8,AirAsia India,3292,348656.0,60.326,382173.526,2.663913633990907,6357.567,2021-08-01,Aug 2021
2021,8,Alliance Air,2336,80491.0,57.336,33347.0,0.6149932091045676,3081.0,2021-08-01,Aug 2021
2021,8,Blue Dart Aviation,491,0.0,,0.0,,669.4,2021-08-01,Aug 2021
2021,8,Flybig,164,5663.0,47.035,2036.66,0.04326827276539198,161.5,2021-08-01,Aug 2021
2021,8,Go First,3709,457959.0,67.604,415897.514,3.499045546065009,7237.4,2021-08-01,Aug 2021
2021,8,IndiGo,30288,3816286.0,74.015,3549811.0,29.15841490353995,51609.56,2021-08-01,Aug 2021
2021,8,Pawan Hans,42,102.0,2.15,0.789,0.0007793331841903554,26.5,2021-08-01,Aug 2021
2021,8,SpiceJet,5835,583539.0,79.593,562899.434,4.458542225188782,8725.617,2021-08-01,Aug 2021
2021,8,Star Air,517,18187.0,75.249,14272.447,0.1389581629497058,712.05,2021-08-01,Aug 2021
2021,8,Total Domestic,58101,6544056.0,71.988,6263456.73,50.0,98409.27,2021-08-01,Aug 2021
2021,8,TruJet,728,26823.0,51.665,10462.787,0.20494170587782257,959.11,2021-08-01,Aug 2021
2021,8,Vistara,4656,558021.0,71.308,617826.255,4.263571399755748,7526.1,2021-08-01,Aug 2021
2021,9,Air India,6113,598097.0,63.669,617156.063,4.339143844391906,11502.85,2021-09-01,Sep 2021
2021,9,AirAsia India,3475,412671.0,68.017,448865.64,2.9938936818092254,6675.317,2021-09-01,Sep 2021
2021,9,Alliance Air,2499,91031.0,60.178,38186.0,0.6604223115963457,3277.0,2021-09-01,Sep 2021
2021,9,Blue Dart Aviation,476,0.0,,0.0,,659.15,2021-09-01,Sep 2021
2021,9,Flybig,174,5571.0,43.844,2093.76,0.040417140291804356,203.4,2021-09-01,Sep 2021
2021,9,Go First,4326,579872.0,74.047,527580.77,4.20692298964085,8502.53,2021-09-01,Sep 2021
2021,9,IndiGo,32082,3958375.0,73.575,3668544.0,28.717680434853897,54745.37,2021-09-01,Sep 2021
2021,9,Pawan Hans,78,198.0,23.486,17.96,0.001436473483715179,52.33,2021-09-01,Sep 2021
2021,9,SpiceJet,6292,601529.0,78.841,575449.953,4.364042718109635,9312.95,2021-09-01,Sep 2021
2021,9,Star Air,529,18158.0,73.251,14957.533,0.13173477533990008,764.52,2021-09-01,Sep 2021
2021,9,Total Domestic,61514,6891878.0,72.315,6577718.636,50.0,104485.037,2021-09-01,Sep 2021
2021,9,TruJet,401,14557.0,52.009,5551.13,0.10560982071940334,522.07,2021-09-01,Sep 2021
2021,9,Vistara,5069,611819.0,72.364,679315.827,4.438695809763319,8267.55,2021-09-01,Sep 2021
2021,10,Air India,7405,859763.0,75.667,886480.416,4.89383484605899,14004.25,2021-10-01,Oct 2021
2021,10,Air India Express,4,271.0,71.774,518.514,0.0015425521257392866,12.28,2021-10-01,Oct 2021
2021,10,AirAsia India,4387,571707.0,73.735,617485.833,3.254198701660629,8476.8,2021-10-01,Oct 2021
2021,10,Alliance Air,2572,107718.0,68.736,48771.0,0.6131388556471752,3515.0,2021-10-01,Oct 2021
2021,10,Blue Dart Aviation,473,0.0,,0.0,,617.0,2021-10-01,Oct 2021
2021,10,Flybig,177,8398.0,64.799,3139.44,0.047802039675123725,218.08,2021-10-01,Oct 2021
2021,10,Go First,6451,883763.0,75.354,833800.578,5.030444628412285,12798.36,2021-10-01,Oct 2021
2021,10,IndiGo,36567,4807415.0,77.953,4515676.0,27.364163201331852,63408.19,2021-10-01,Oct 2021
2021,10,Pawan Hans,98,320.0,29.093,27.9,0.0018214637647105967,66.0,2021-10-01,Oct 2021
2021,10,SpiceJet,7837,810239.0,82.179,808847.995,4.611940560172966,11992.167,2021-10-01,Oct 2021
2021,10,Star Air,513,19525.0,79.988,15732.7,0.11113775001867,736.17,2021-10-01,Oct 2021
2021,10,Total Domestic,72491,8784144.0,77.18,8513938.104,50.0,117610.847,2021-10-01,Oct 2021
2021,10,TruJet,431,18674.0,61.87,7298.928,0.10629379481939276,565.01,2021-10-01,Oct 2021
2021,10,Vistara,5576,696351.0,75.311,776158.8,3.963681606312465,1201.54,2021-10-01,Oct 2021
2021,11,Air India,7294,945717.0,81.225,991291.339,4.515785818557775,14167.317,2021-11-01,Nov 2021
2021,11,Air India Express,76,7517.0,52.052,11480.755,0.03589357281099821,202.91,2021-11-01,Nov 2021
2021,11,AirAsia India,4746,622726.0,74.628,669896.994,2.973508184422199,9139.367,2021-11-01,Nov 2021
2021,11,Alliance Air,2907,120306.0,68.461,54410.0,0.5744595145137621,3811.0,2021-11-01,Nov 2021
2021,11,Blue Dart Aviation,452,0.0,,0.0,,633.4,2021-11-01,Nov 2021
2021,11,Flybig,236,10081.0,60.174,3763.2,0.04813663795499174,280.0,2021-11-01,Nov 2021
2021,11,Go First,8086,1155939.0,78.238,1101805.331,5.519593010718698,15902.12,2021-11-01,Nov 2021
2021,11,IndiGo,41846,5706021.0,80.479,5357596.0,27.24617270514631,72562.5,2021-11-01,Nov 2021
2021,11,Pawan Hans,98,428.0,35.435,33.77,0.0020436941816026647,65.0,2021-11-01,Nov 2021
2021,11,SpiceJet,9010,1078210.0,86.679,1081602.223,5.148438092396751,13969.017,2021-11-01,Nov 2021
2021,11,Star Air,525,20541.0,81.555,16253.448,0.09808299575771108,736.17,2021-11-01,Nov 2021
2021,11,Total Domestic,81620,10471234.0,80.05,10165303.98,50.0,133035.36,2021-11-01,Nov 2021
2021,11,TruJet,209,10596.0,72.473,4106.641,0.05059575595388279,275.15,2021-11-01,Nov 2021
2021,11,Vistara,6135,793152.0,76.999,873064.279,3.78729001758532,1291.41,2021-11-01,Nov 2021
2021,12,Air India,7810,935686.0,76.455,988332.989,4.193614978882813,15250.033,2021-12-01,Dec 2021
2021,12,Air India Express,70,7314.0,55.165,10888.549,0.03278033438092362,183.71,2021-12-01,Dec 2021
2021,12,AirAsia India,5347,701054.0,74.185,741750.45,3.142026871627567,10199.2,2021-12-01,Dec 2021
2021,12,Alliance Air,3085,125358.0,66.987,56284.0,0.561837183117832,3958.0,2021-12-01,Dec 2021
2021,12,Blue Dart Aviation,516,0.0,,0.0,,691.05,2021-12-01,Dec 2021
2021,12,Flybig,243,10244.0,61.169,3984.02,0.04591218832351403,291.5,2021-12-01,Dec 2021
2021,12,Go First,8332,1193076.0,78.991,1130994.365,5.347201288194535,16863.2,2021-12-01,Dec 2021
2021,12,IndiGo,44893,6140654.0,80.192,5770309.0,27.521560218424412,78309.18,2021-12-01,Dec 2021
2021,12,Pawan Hans,28,74.0,22.941,6.63,0.00033165774462515007,19.33,2021-12-01,Dec 2021
2021,12,SpiceJet,9609,1150688.0,85.959,1149594.855,5.157224146584118,14746.333,2021-12-01,Dec 2021
2021,12,Star Air,537,21315.0,82.261,17030.776,0.09553087603628478,775.22,2021-12-01,Dec 2021
2021,12,Total Domestic,87258,11156079.0,79.52,10816546.432,50.0,152340.797,2021-12-01,Dec 2021
2021,12,TruJet,207,9530.0,66.958,3590.105,0.04271213927402271,206.54,2021-12-01,Dec 2021
2021,12,Vistara,6581,861086.0,78.084,943780.693,3.8592681174093513,10847.5,2021-12-01,Dec 2021
2022,1,Air India,7187,655809.0,59.17,703328.181,5.115052790083392,13566.233,2022-01-01,Jan 2022
2022,1,Air India Express,36,2514.0,37.435,3934.142,0.019608213236277098,95.46,2022-01-01,Jan 2022
2022,1,AirAsia India,2851,295094.0,60.481,313575.255,2.301617373407301,5296.583,2022-01-01,Jan 2022
2022,1,Alliance Air,2745,79509.0,48.545,33309.0,0.6201389921253603,3369.0,2022-01-01,Jan 2022
2022,1,Blue Dart Aviation,444,0.0,,0.0,,574.2,2022-01-01,Jan 2022
2022,1,Flybig,230,6962.0,43.041,2680.46,0.05430086736315082,278.25,2022-01-01,Jan 2022
2022,1,Go First,5239,635493.0,66.722,603763.254,4.956595964264694,10670.44,2022-01-01,Jan 2022
2022,1,IndiGo,32470,3556558.0,66.563,3370607.0,27.739756424497692,54563.23,2022-01-01,Jan 2022
2022,1,SpiceJet,7007,679827.0,73.403,681716.7,5.3023837628395185,10515.283,2022-01-01,Jan 2022
2022,1,Star Air,479,14884.0,68.059,12659.423,0.11608935791915208,616.19,2022-01-01,Jan 2022
2022,1,Total Domestic,63541,6410579.0,65.367,6257032.427,50.0,107344.69,2022-01-01,Jan 2022
2022,1,TruJet,188,5415.0,42.595,2049.989,0.04223487457217203,229.34,2022-01-01,Jan 2022
2022,1,Vistara,4665,478514.0,61.633,529409.023,3.732221379691288,7570.48,2022-01-01,Jan 2022
2022,2,Air India,6512,855249.0,82.41,903923.032,5.556643459870105,12425.3,2022-02-01,Feb 2022
2022,2,AirAsia India,3030,445563.0,83.198,471344.23,2.894870066974768,5768.567,2022-02-01,Feb 2022
2022,2,Alliance Air,2620,111715.0,71.898,46365.0,0.725824203383329,3302.0,2022-02-01,Feb 2022
2022,2,Blue Dart Aviation,424,0.0,,0.0,,543.5,2022-02-01,Feb 2022
2022,2,Flybig,258,9930.0,54.693,3788.01,0.06451626316606057,308.0,2022-02-01,Feb 2022
2022,2,Go First,4630,734220.0,86.961,716681.981,4.7703052106530714,9317.19,2022-02-01,Feb 2022
2022,2,IndiGo,27191,3950597.0,85.196,3702539.0,25.667447705443042,46105.45,2022-02-01,Feb 2022
2022,2,SpiceJet,6903,820397.0,89.061,790004.289,5.330206319501167,10332.8,2022-02-01,Feb 2022
2022,2,Star Air,473,17500.0,77.58,14287.429,0.11369935603283586,686.7,2022-02-01,Feb 2022
2022,2,Total Domestic,57220,7695734.0,85.339,7477779.791,50.0,97246.117,2022-02-01,Feb 2022
2022,2,TruJet,64,2056.0,50.984,803.0,0.013358050057343456,79.46,2022-02-01,Feb 2022
2022,2,Vistara,5115,748507.0,87.117,828043.82,4.8631293649182785,8377.15,2022-02-01,Feb 2022
2022,3,Air India,7172,936381.0,83.628,986415.702,4.408722064265444,13607.6,2022-03-01,Mar 2022
2022,3,Air India Express,4,277.0,36.022,190.816,0.0013041870902992774,5.93,2022-03-01,Mar 2022
2022,3,AirAsia India,4863,698450.0,81.264,743853.248,3.2884818527780877,9305.25,2022-03-01,Mar 2022
2022,3,Alliance Air,3209,145441.0,73.999,58434.0,0.6847735545134195,4130.0,2022-03-01,Mar 2022
2022,3,Blue Dart Aviation,469,0.0,,0.0,,643.15,2022-03-01,Mar 2022
2022,3,Flybig,366,13096.0,50.879,5402.71,0.06165932900562938,492.0,2022-03-01,Mar 2022
2022,3,Go First,6981,1044026.0,81.358,1013105.997,4.915542350674345,13964.53,2022-03-01,Mar 2022
2022,3,IndiGo,41982,5783838.0,80.96,5397618.0,27.23179368946712,71009.49,2022-03-01,Mar 2022
2022,3,SpiceJet,8722,1020817.0,86.869,1013447.149,4.806268422231183,13264.133,2022-03-01,Mar 2022
2022,3,Star Air,539,21137.0,80.286,16978.773,0.09951842067745786,789.41,2022-03-01,Mar 2022
2022,3,Total Domestic,80948,10619642.0,82.258,10303960.55,50.0,138064.413,2022-03-01,Mar 2022
2022,3,Vistara,6641,956179.0,86.082,1068514.155,4.501936129297015,10852.92,2022-03-01,Mar 2022
2022,4,Air India,6716,826023.0,79.543,877610.752,3.9151393940405086,12944.682,2022-04-01,Apr 2022
2022,4,Air India Express,26,2372.0,48.821,1681.032,0.01124267804003531,40.3,2022-04-01,Apr 2022
2022,4,AirAsia India,4290,591907.0,79.639,630660.732,2.8054889673875127,8069.95,2022-04-01,Apr 2022
2022,4,Alliance Air,2907,120306.0,66.918,48693.097,0.5702199090575413,3837.183,2022-04-01,Apr 2022
2022,4,Blue Dart Aviation,478,0.0,,0.0,,705.0,2022-04-01,Apr 2022
2022,4,Flybig,398,16164.0,55.994,7278.98,0.07661325794229795,554.0,2022-04-01,Apr 2022
2022,4,Go First,7594,1108977.0,80.263,1078573.011,5.256269546713422,14792.31,2022-04-01,Apr 2022
2022,4,IndiGo,43927,5957411.0,79.692,5665270.0,28.236616283796284,75079.52,2022-04-01,Apr 2022
2022,4,SpiceJet,8709,1000901.0,85.872,1011623.065,4.744016733958423,13350.9,2022-04-01,Apr 2022
2022,4,Star Air,519,20599.0,81.943,16512.86,0.0976340324395815,753.96,2022-04-01,Apr 2022
2022,4,Total Domestic,82056,10549088.0,80.508,10358205.732,50.0,140805.155,2022-04-01,Apr 2022
2022,4,Vistara,6492,904428.0,82.906,1020302.203,4.2867591966243905,10677.35,2022-04-01,Apr 2022
2022,5,Air India,6667,822814.0,80.495,883040.33,3.586677107433362,13037.603,2022-05-01,May 2022
2022,5,Air India Express,26,3227.0,66.439,2287.656,0.014066614114110188,41.59,2022-05-01,May 2022
2022,5,AirAsia India,4949,686362.0,79.384,731036.837,2.991877718186829,9372.25,2022-05-01,May 2022
2022,5,Alliance Air,3085,125358.0,65.51,50627.439,0.5464402268722109,4174.749,2022-05-01,May 2022
2022,5,Blue Dart Aviation,531,0.0,,0.0,,729.17,2022-05-01,May 2022
2022,5,Flybig,519,23803.0,62.466,10646.63,0.10375817036199714,738.0,2022-05-01,May 2022
2022,5,Go First,8114,1276216.0,86.504,1238458.961,5.563073442284861,16230.78,2022-05-01,May 2022
2022,5,IndiGo,45450,6376429.0,81.802,6076111.0,27.795093327865356,78683.78,2022-05-01,May 2022
2022,5,SpiceJet,9675,1152182.0,89.091,1181830.842,5.02240458110434,14959.617,2022-05-01,May 2022
2022,5,Star Air,527,21355.0,83.411,16920.0,0.09308724648491572,759.0,2022-05-01,May 2022
2022,5,Total Domestic,86460,11470422.0,82.906,11296421.489,50.0,150271.389,2022-05-01,May 2022
2022,5,Vistara,6917,982676.0,84.802,1105461.794,4.283521565292018,11544.85,2022-05-01,May 2022
2022,6,Air India,6824,783479.0,75.414,860627.289,3.7258739037267348,13487.567,2022-06-01,Jun 2022
2022,6,Air India Express,22,1912.0,46.212,1346.392,0.009092612442612395,34.417,2022-06-01,Jun 2022
2022,6,AirAsia India,4486,589510.0,75.814,635489.169,2.8034445402952057,8544.133,2022-06-01,Jun 2022
2022,6,Alliance Air,2907,120306.0,66.918,48693.097,0.5721212513184764,3837.183,2022-06-01,Jun 2022
2022,6,Blue Dart Aviation,523,0.0,,0.0,,709.5,2022-06-01,Jun 2022
2022,6,Flybig,590,23027.0,54.151,10662.795,0.10950605999792658,817.0,2022-06-01,Jun 2022
2022,6,Go First,7023,998773.0,78.712,963404.879,4.7497153803061245,14255.54,2022-06-01,Jun 2022
2022,6,IndiGo,44205,5982787.0,78.58,5684887.0,28.451445354445443,76159.1,2022-06-01,Jun 2022
2022,6,SpiceJet,8922,1001649.0,84.05,1013624.994,4.763392343373569,13806.85,2022-06-01,Jun 2022
2022,6,Star Air,534,21087.0,81.836,16327.238,0.10028029214297467,761.28,2022-06-01,Jun 2022
2022,6,Total Domestic,83227,10514030.0,79.066,10336220.356,50.0,144081.0,2022-06-01,Jun 2022
2022,6,Vistara,7191,991500.0,83.823,1101157.503,4.7151282619509365,11668.43,2022-06-01,Jun 2022
2022,7,Air India,7464,814028.0,71.08,868922.664,4.193887356678571,14501.033,2022-07-01,Jul 2022
2022,7,AirAsia India,3453,442126.0,75.153,465704.79,2.2778413536866915,6377.467,2022-07-01,Jul 2022
2022,7,Alliance Air,2620,111715.0,71.898,46365.0,0.5755577523762655,3302.0,2022-07-01,Jul 2022
2022,7,Blue Dart Aviation,477,0.0,,0.0,,644.15,2022-07-01,Jul 2022
2022,7,Flybig,632,21775.0,46.79,9498.0,0.11218520393853271,909.48,2022-07-01,Jul 2022
2022,7,Go First,5779,795237.0,76.517,764495.075,4.097075776094923,12010.49,2022-07-01,Jul 2022
2022,7,IndiGo,43029,5711288.0,77.676,5402584.0,29.424661723613987,73669.48,2022-07-01,Jul 2022
2022,7,SpiceJet,6605,775824.0,84.694,793607.194,3.997059639972822,10432.283,2022-07-01,Jul 2022
2022,7,Star Air,529,19610.0,77.842,15090.376,0.10103108377656149,744.24,2022-07-01,Jul 2022
2022,7,Total Domestic,77875,9704934.0,77.976,9490947.17,50.0,134506.193,2022-07-01,Jul 2022
2022,7,Vistara,7287,1013331.0,84.315,1124680.071,5.220700109861644,11915.57,2022-07-01,Jul 2022
2022,8,Air India,7591,861329.0,73.627,922831.956,4.257370618201993,14644.983,2022-08-01,Aug 2022
2022,8,AirAsia India,4471,587836.0,74.912,613154.77,2.9055514382093093,8361.833,2022-08-01,Aug 2022
2022,8,Akasa Air,246,23744.0,52.872,14059.87,0.1173616677931291,348.43,2022-08-01,Aug 2022
2022,8,Alliance Air,3085,125358.0,66.987,56284.0,0.6196185963279598,3958.0,2022-08-01,Aug 2022
2022,8,Blue Dart Aviation,442,0.0,,0.0,,580.55,2022-08-01,Aug 2022
2022,8,Flybig,447,16357.0,49.957,6748.87,0.08084925876399145,616.03,2022-08-01,Aug 2022
2022,8,Go First,5875,870277.0,81.641,842497.374,4.301598726499369,12480.14,2022-08-01,Aug 2022
2022,8,IndiGo,43171,5832025.0,78.272,5421725.0,28.82649008638914,73508.58,2022-08-01,Aug 2022
2022,8,SpiceJet,6850,798347.0,84.585,809044.068,3.9460636538764,10655.467,2022-08-01,Aug 2022
2022,8,Star Air,510,19438.0,79.288,14754.313,0.09607800280335425,713.4,2022-08-01,Aug 2022
2022,8,Total Domestic,79675,10115739.0,78.829,9793070.934,50.0,137319.613,2022-08-01,Aug 2022
2022,8,Vistara,6987,981028.0,84.432,1091970.713,4.849017951135354,11452.2,2022-08-01,Aug 2022
2022,9,Air India,7689,948637.0,79.631,1007718.242,4.584190157510033,14766.164,2022-09-01,Sep 2022
2022,9,AirAsia India,4437,613867.0,77.021,609330.094,2.9664487674634357,8173.517,2022-09-01,Sep 2022
2022,9,Akasa Air,623,92589.0,81.248,61372.0,0.4474267633390816,933.0,2022-09-01,Sep 2022
2022,9,Alliance Air,2907,120306.0,68.461,54410.0,0.5813662982673056,3811.0,2022-09-01,Sep 2022
2022,9,Blue Dart Aviation,473,0.0,,0.0,,631.05,2022-09-01,Sep 2022
2022,9,Flybig,430,16702.0,54.719,6778.77,0.0807106870285816,563.17,2022-09-01,Sep 2022
2022,9,Go First,5323,814678.0,83.214,787899.768,3.9368471492677997,11498.43,2022-09-01,Sep 2022
2022,9,IndiGo,42458,5972449.0,81.397,5535026.0,28.861241889184836,62800.55,2022-09-01,Sep 2022
2022,9,SpiceJet,6233,753485.0,85.765,766968.579,3.641138307731458,5774.455,2022-09-01,Sep 2022
2022,9,Star Air,463,17649.0,79.175,13429.018,0.08528696655295394,650.94,2022-09-01,Sep 2022
2022,9,Total Domestic,78018,10346833.0,81.699,9948401.47,50.0,121057.396,2022-09-01,Sep 2022
2022,9,Vistara,6982,996471.0,85.377,1105468.999,4.815343013654516,11455.12,2022-09-01,Sep 2022
2022,10,Air India,7973,1037506.0,82.661,1083365.786,4.550074962873795,15282.317,2022-10-01,Oct 2022
2022,10,Air India Express,8,972.0,64.651,684.944,0.004262792565935358,12.2,2022-10-01,Oct 2022
2022,10,AirAsia India,5758,866548.0,84.172,887486.466,3.800323428421968,10785.25,2022-10-01,Oct 2022
2022,10,Akasa Air,1155,160617.0,77.466,116847.0,0.7044001579864603,1811.88,2022-10-01,Oct 2022
2022,10,Alliance Air,3619,139768.0,62.004,53463.0,0.6129650116827706,4733.0,2022-10-01,Oct 2022
2022,10,Blue Dart Aviation,449,0.0,,0.0,,601.0,2022-10-01,Oct 2022
2022,10,Flybig,579,26948.0,67.388,11413.9,0.11818285397821608,771.15,2022-10-01,Oct 2022
2022,10,Go First,5042,802322.0,86.716,793379.151,3.518654585479823,11155.56,2022-10-01,Oct 2022
2022,10,IndiGo,45536,6471441.0,82.071,6126040.0,28.381080849474564,77994.1,2022-10-01,Oct 2022
2022,10,India One Air,2,17.0,94.444,6.392,7.455501401327271e-05,3.3,2022-10-01,Oct 2022
2022,10,SpiceJet,6549,828531.0,88.101,872471.671,3.633596489142992,10447.667,2022-10-01,Oct 2022
2022,10,Star Air,459,17439.0,79.438,13293.098,0.076480287610439,646.4,2022-10-01,Oct 2022
2022,10,Total Domestic,84411,11400977.0,83.205,11114186.865,50.0,146089.043,2022-10-01,Oct 2022
2022,10,Vistara,7282,1048868.0,85.532,1155735.457,4.599904025769019,11845.22,2022-10-01,Oct 2022
2022,11,Air India,7761,1062524.0,85.696,1099937.632,4.54902829812729,14921.85,2022-11-01,Nov 2022
2022,11,AirAsia India,5688,884584.0,87.323,902602.89,3.787206357758159,10568.13,2022-11-01,Nov 2022
2022,11,Akasa Air,1483,206775.0,79.249,163281.0,0.8852744280084689,2416.0,2022-11-01,Nov 2022
2022,11,Alliance Air,3548,144477.0,67.284,56621.0,0.6185554033871578,4642.0,2022-11-01,Nov 2022
2022,11,Blue Dart Aviation,486,0.0,,0.0,,652.17,2022-11-01,Nov 2022
2022,11,Flybig,540,25675.0,68.167,11060.54,0.10992344789804104,735.4,2022-11-01,Nov 2022
2022,11,Go First,5140,870316.0,91.319,842496.028,3.726120174521188,10945.58,2022-11-01,Nov 2022
2022,11,IndiGo,43379,6500903.0,86.852,6114319.0,27.83258703839216,74632.53,2022-11-01,Nov 2022
2022,11,India One Air,80,644.0,91.669,174.575,0.0027571840485428795,103.33,2022-11-01,Nov 2022
2022,11,SpiceJet,6337,875668.0,91.958,917841.409,3.749033915247588,9938.6,2022-11-01,Nov 2022
2022,11,Star Air,496,19802.0,81.384,14686.961,0.08477912815100326,697.52,2022-11-01,Nov 2022
2022,11,Total Domestic,81994,11678582.0,87.696,11309408.439,50.0,141711.76,2022-11-01,Nov 2022
2022,11,Vistara,7056,1087214.0,91.706,1186387.404,4.654734624460401,11458.65,2022-11-01,Nov 2022
2022,12,Air India,8239,1170659.0,89.34,1214284.998,4.596063084990924,15839.717,2022-12-01,Dec 2022
2022,12,AirAsia India,6071,971221.0,89.84,986569.553,3.8130599819998565,11250.317,2022-12-01,Dec 2022
2022,12,Akasa Air,1977,292393.0,83.818,235890.0,1.1479488677828054,3298.35,2022-12-01,Dec 2022
2022,12,Alliance Air,4025,169217.0,69.991,66326.0,0.6643540151768441,5128.0,2022-12-01,Dec 2022
2022,12,Blue Dart Aviation,515,0.0,,0.0,,700.267,2022-12-01,Dec 2022
2022,12,Flybig,581,28680.0,70.752,12465.956,0.11259904829462694,830.2,2022-12-01,Dec 2022
2022,12,Go First,5549,951235.0,92.629,927474.194,3.734593992487429,12205.367,2022-12-01,Dec 2022
2022,12,IndiGo,46194,6997472.0,87.467,6606991.0,27.472408914515334,80042.8,2022-12-01,Dec 2022
2022,12,India One Air,60,472.0,91.773,131.08,0.0018530945186563431,77.5,2022-12-01,Dec 2022
2022,12,SpiceJet,6838,963522.0,92.714,999968.668,3.782833340688129,6496.279,2022-12-01,Dec 2022
2022,12,Star Air,500,20171.0,82.832,14540.154,0.07919230833859554,691.02,2022-12-01,Dec 2022
2022,12,Total Domestic,88128,12735454.0,88.837,12338508.321,50.0,148924.766,2022-12-01,Dec 2022
2022,12,Vistara,7579,1170412.0,91.868,1273866.718,4.595093351206796,12364.95,2022-12-01,Dec 2022
2023,1,Air India,8295,1154581.0,87.493,1199173.837,4.599547543037909,16310.467,2023-01-01,Jan 2023
2023,1,AirAsia India,5991,930093.0,87.019,938779.722,3.705246295363217,11073.75,2023-01-01,Jan 2023
2023,1,Akasa Air,2448,356550.0,82.852,281527.161,1.420401579854654,4124.0,2023-01-01,Jan 2023
2023,1,Alliance Air,3729,151400.0,66.01,57292.112,0.6031378465572701,4863.0,2023-01-01,Jan 2023
2023,1,Blue Dart Aviation,468,0.0,,0.0,,638.583,2023-01-01,Jan 2023
2023,1,Flybig,565,21729.0,56.271,9355.4,0.08656263056699419,796.0,2023-01-01,Jan 2023
2023,1,Go First,6242,1052822.0,90.901,1017247.476,4.194166406130239,11722.617,2023-01-01,Jan 2023
2023,1,IndiGo,47977,6847384.0,82.013,6423447.0,27.278179922791985,83764.167,2023-01-01,Jan 2023
2023,1,India One Air,124,989.0,91.381,269.641,0.003939916316018099,159.167,2023-01-01,Jan 2023
2023,1,QuikJet Cargo,79,0.0,,0.0,,177.32,2023-01-01,Jan 2023
2023,1,SpiceJet,6542,913814.0,90.993,948361.9,3.6403950337773128,10332.867,2023-01-01,Jan 2023
2023,1,Star Air,421,16278.0,79.214,11425.175,0.06484727784847584,570.92,2023-01-01,Jan 2023
2023,1,Total Domestic,90255,12551028.0,84.861,12076436.156,50.0,156603.907,2023-01-01,Jan 2023
2023,1,Vistara,7374,1105388.0,89.44,1189556.732,4.403575547755929,12071.05,2023-01-01,Jan 2023
2023,2,Air India,7624,1076299.0,88.973,1117616.528,4.459172289352698,14934.633,2023-02-01,Feb 2023
2023,2,AirAsia India,5276,846141.0,89.485,830874.074,3.505613681779116,9622.2,2023-02-01,Feb 2023
2023,2,Akasa Air,2469,361135.0,83.714,278748.0,1.496204293337991,4089.0,2023-02-01,Feb 2023
2023,2,Alliance Air,3310,133815.0,64.932,51951.0,0.5544036925610182,4398.0,2023-02-01,Feb 2023
2023,2,Blue Dart Aviation,456,0.0,,0.0,,622.083,2023-02-01,Feb 2023
2023,2,Flybig,486,18249.0,56.351,8159.599,0.07560671812237807,617.833,2023-02-01,Feb 2023
2023,2,Go First,5619,963373.0,93.068,925930.793,3.9913129956550892,10392.067,2023-02-01,Feb 2023
2023,2,IndiGo,44905,6741948.0,86.522,6347814.0,27.93230105933095,77935.817,2023-02-01,Feb 2023
2023,2,India One Air,221,1632.0,83.406,448.735,0.006761475367182914,290.0,2023-02-01,Feb 2023
2023,2,QuikJet Cargo,132,0.0,,0.0,,220.3,2023-02-01,Feb 2023
2023,2,SpiceJet,5744,858261.0,94.138,904387.8,3.555827579726578,9171.717,2023-02-01,Feb 2023
2023,2,Star Air,390,14948.0,78.484,10067.511,0.06193047413520233,516.22,2023-02-01,Feb 2023
2023,2,Total Domestic,83384,12068372.0,88.358,11604148.11,50.0,143901.503,2023-02-01,Feb 2023
2023,2,Vistara,6752,1052571.0,92.816,1128150.07,4.360865740631794,11091.633,2023-02-01,Feb 2023
2023,3,Air India,8434,1139044.0,85.124,1186788.756,4.417228713716233,16537.92,2023-03-01,Mar 2023
2023,3,AirAsia India,6193,976060.0,88.572,963603.608,3.7851744606089555,11267.683,2023-03-01,Mar 2023
2023,3,Akasa Air,3199,419911.0,73.603,331953.0,1.6284207865589893,5419.284,2023-03-01,Mar 2023
2023,3,Alliance Air,3548,133282.0,65.541,52237.822,0.5168694777563703,4768.717,2023-03-01,Mar 2023
2023,3,Blue Dart Aviation,508,0.0,,0.0,,692.833,2023-03-01,Mar 2023
2023,3,Flybig,405,16483.0,60.448,7238.0,0.06392130671702294,548.15,2023-03-01,Mar 2023
2023,3,Go First,5392,894655.0,90.165,856771.0,3.4694847212836355,9941.05,2023-03-01,Mar 2023
2023,3,IndiGo,50389,7317288.0,84.023,6903032.0,28.376546173924122,87295.8,2023-03-01,Mar 2023
2023,3,India One Air,254,1780.0,80.674,536.104,0.006902865131123025,332.08,2023-03-01,Mar 2023
2023,3,QuikJet Cargo,146,0.0,,0.0,,298.15,2023-03-01,Mar 2023
2023,3,SpiceJet,5801,827166.0,92.341,877792.727,3.20776142643287,9348.15,2023-03-01,Mar 2023
2023,3,Star Air,502,18252.0,74.115,12385.662,0.07078151369284127,667.83,2023-03-01,Mar 2023
2023,3,Total Domestic,92238,12893197.0,85.661,12426170.421,50.0,159301.831,2023-03-01,Mar 2023
2023,3,Vistara,7467,1149276.0,91.561,1233831.742,4.4569085541778355,12184.183,2023-03-01,Mar 2023
2023,4,Air India,8062,1112789.0,87.901,1168068.555,4.317014278720183,15384.75,2023-04-01,Apr 2023
2023,4,AirAsia India,6108,981066.0,89.402,953984.08,3.8060008953780957,11068.283,2023-04-01,Apr 2023
2023,4,Akasa Air,3322,513025.0,84.909,429326.0,1.9902571380022827,5869.483,2023-04-01,Apr 2023
2023,4,Alliance Air,3392,141648.0,69.291,56181.265,0.54951696912187,4508.0,2023-04-01,Apr 2023
2023,4,Blue Dart Aviation,485,0.0,,0.0,,665.083,2023-04-01,Apr 2023
2023,4,Flybig,452,19895.0,62.873,7961.0,0.07718174701146224,606.767,2023-04-01,Apr 2023
2023,4,Go First,4911,828780.0,91.163,790426.0,3.215214289427478,11340.117,2023-04-01,Apr 2023
2023,4,IndiGo,48752,7406440.0,87.412,6997867.0,28.732946887940404,84231.567,2023-04-01,Apr 2023
2023,4,India One Air,260,1938.0,84.2,551.054,0.007518382795084886,323.65,2023-04-01,Apr 2023
2023,4,QuikJet Cargo,150,0.0,,0.0,,315.1,2023-04-01,Apr 2023
2023,4,SpiceJet,5118,741386.0,92.232,781789.593,2.8761732440231182,8338.75,2023-04-01,Apr 2023
2023,4,Star Air,504,18907.0,75.218,12857.126,0.07334884597867386,677.74,2023-04-01,Apr 2023
2023,4,Total Domestic,88734,12888410.0,88.333,12404425.443,50.0,155009.007,2023-04-01,Apr 2023
2023,4,Vistara,7218,1122536.0,92.055,1205413.77,4.354827321601346,11679.717,2023-04-01,Apr 2023
2023,5,Air India,8763,1244034.0,90.029,1295355.337,4.707192620776677,16525.567,2023-05-01,May 2023
2023,5,AirAsia India,6253,1040605.0,92.82,1010177.678,3.9374552280269786,11323.0,2023-05-01,May 2023
2023,5,Akasa Air,3820,629045.0,91.138,551087.0,2.380188951537068,6932.067,2023-05-01,May 2023
2023,5,Alliance Air,3708,184966.0,80.282,74060.872,0.6998768444388007,5025.0,2023-05-01,May 2023
2023,5,Blue Dart Aviation,465,0.0,,0.0,,642.583,2023-05-01,May 2023
2023,5,Flybig,459,16260.0,52.19,7146.601,0.0615248072109193,621.733,2023-05-01,May 2023
2023,5,Go First,284,48296.0,92.409,45710.0,0.1827430559076604,522.833,2023-05-01,May 2023
2023,5,IndiGo,50956,8109626.0,91.489,7662400.0,30.6853121895854,87917.283,2023-05-01,May 2023
2023,5,India One Air,192,1434.0,84.204,396.961,0.00542598853262351,236.35,2023-05-01,May 2023
2023,5,QuikJet Cargo,153,0.0,,0.0,,321.35,2023-05-01,May 2023
2023,5,SpiceJet,4971,719797.0,94.778,744361.645,2.723577592619808,7924.317,2023-05-01,May 2023
2023,5,Star Air,587,25597.0,81.221,17772.0,0.09685427368867781,795.0,2023-05-01,May 2023
2023,5,Total Domestic,88175,13214182.0,91.66,12691564.55,50.0,150971.767,2023-05-01,May 2023
2023,5,Vistara,7564,1194522.0,93.232,1283096.456,4.519848447675384,12184.683,2023-05-01,May 2023
2023,6,Air India,8676,1212719.0,88.25,1254675.02,4.856081330700004,16441.104,2023-06-01,Jun 2023
2023,6,AirAsia India,6135,1003619.0,91.801,1001160.575,4.018783814746704,11312.833,2023-06-01,Jun 2023
2023,6,Akasa Air,3787,618053.0,91.109,588786.425,2.4748648571376632,7245.083,2023-06-01,Jun 2023
2023,6,Alliance Air,3165,144033.0,73.474,58587.737,0.5767502301066559,4303.0,2023-06-01,Jun 2023
2023,6,Blue Dart Aviation,477,0.0,,0.0,,642.5,2023-06-01,Jun 2023
2023,6,Flybig,543,22277.0,58.356,9058.0,0.08920361914343224,726.0,2023-06-01,Jun 2023
2023,6,IndiGo,49989,7893296.0,90.883,7501735.0,31.607064244304755,86217.35,2023-06-01,Jun 2023
2023,6,India One Air,203,1376.0,78.029,381.066,0.005509906178630998,247.133,2023-06-01,Jun 2023
2023,6,QuikJet Cargo,150,0.0,,0.0,,309.217,2023-06-01,Jun 2023
2023,6,SpiceJet,4087,555248.0,93.588,546278.52,2.223375280430599,6364.55,2023-06-01,Jun 2023
2023,6,Star Air,639,24554.0,72.096,16919.648,0.09832139266722785,895.0,2023-06-01,Jun 2023
2023,6,Total Domestic,84316,12486601.0,90.825,12088470.697,50.0,145280.271,2023-06-01,Jun 2023
2023,6,Vistara,6465,1011426.0,93.052,1110888.706,4.050045324584328,10576.5,2023-06-01,Jun 2023
2023,7,Air India,8958,1198026.0,84.179,1224824.835,4.950508387169288,17257.315,2023-07-01,Jul 2023
2023,7,AirAsia India,6106,901471.0,82.266,911407.705,3.725077541130063,11398.117,2023-07-01,Jul 2023
2023,7,Akasa Air,4017,624086.0,86.636,601639.694,2.5788613747238642,7878.583,2023-07-01,Jul 2023
2023,7,Alliance Air,2956,123706.0,68.269,50629.716,0.5111805507920228,4032.0,2023-07-01,Jul 2023
2023,7,Blue Dart Aviation,501,0.0,,0.0,,686.75,2023-07-01,Jul 2023
2023,7,Flybig,580,24935.0,59.098,9494.36,0.10303693461917038,749.0,2023-07-01,Jul 2023
2023,7,IndiGo,52127,7674890.0,83.65,7174855.0,31.71434285700118,90528.267,2023-07-01,Jul 2023
2023,7,India One Air,121,783.0,73.47,212.368,0.0032355291681095007,150.45,2023-07-01,Jul 2023
2023,7,QuikJet Cargo,134,0.0,,0.0,,279.783,2023-07-01,Jul 2023
2023,7,SpiceJet,3980,504227.0,88.856,502870.518,2.0835774787335235,6348.917,2023-07-01,Jul 2023
2023,7,Star Air,718,28405.0,70.837,19496.293,0.11737574204361476,1011.0,2023-07-01,Jul 2023
2023,7,Total Domestic,87086,12100030.0,84.129,11606077.75,50.0,151799.965,2023-07-01,Jul 2023
2023,7,Vistara,6888,1019501.0,86.966,1110647.261,4.212803604619162,11479.783,2023-07-01,Jul 2023
2023,8,Air India,9027,1211611.0,84.554,1236685.398,4.876611498990595,17161.633,2023-08-01,Aug 2023
2023,8,AirAsia India,5941,878453.0,82.4,890073.0,3.535684308843998,11110.0,2023-08-01,Aug 2023
2023,8,Akasa Air,3369,526972.0,87.271,544498.0,2.1210089004194184,6822.75,2023-08-01,Aug 2023
2023,8,Alliance Air,2906,124526.0,69.963,50562.014,0.5012045314241146,3910.0,2023-08-01,Aug 2023
2023,8,Blue Dart Aviation,522,0.0,,0.0,,718.917,2023-08-01,Aug 2023
2023,8,Flybig,569,23400.0,58.245,9210.82,0.09418262881104573,736.792,2023-08-01,Aug 2023
2023,8,IndiGo,53021,7867259.0,83.593,7329671.0,31.664920263134995,91324.45,2023-08-01,Aug 2023
2023,8,India One Air,179,1174.0,75.41,323.476,0.004725231035220842,219.167,2023-08-01,Aug 2023
2023,8,QuikJet Cargo,148,0.0,,0.0,,306.65,2023-08-01,Aug 2023
2023,8,SpiceJet,3999,541051.0,90.864,533081.279,2.1776754487540644,6193.367,2023-08-01,Aug 2023
2023,8,Star Air,743,31538.0,76.956,21696.698,0.12693725416422055,1040.0,2023-08-01,Aug 2023
2023,8,Total Domestic,88237,12422673.0,84.743,11933920.133,50.0,152349.242,2023-08-01,Aug 2023
2023,8,Vistara,7813,1216689.0,91.278,1318118.448,4.897049934422326,12805.517,2023-08-01,Aug 2023
2023,9,Air India,8622,1174442.0,84.918,1200419.376,4.7949916339697,16786.967,2023-09-01,Sep 2023
2023,9,Air India Express,173,23727.0,76.301,20893.17,0.09687218823849886,316.47,2023-09-01,Sep 2023
2023,9,AirAsia India,5520,815677.0,82.505,823615.0,3.33023205149467,10287.0,2023-09-01,Sep 2023
2023,9,Akasa Air,3224,517170.0,88.071,527077.0,2.1114927968687343,6568.617,2023-09-01,Sep 2023
2023,9,Alliance Air,2880,119632.0,68.605,48241.523,0.48843147567531064,3845.0,2023-09-01,Sep 2023
2023,9,Blue Dart Aviation,479,0.0,,0.0,,650.667,2023-09-01,Sep 2023
2023,9,Flybig,547,24624.0,72.107,9622.26,0.10053444443818417,714.84,2023-09-01,Sep 2023
2023,9,IndiGo,51992,7769790.0,84.699,7273812.0,31.72236521488625,90536.383,2023-09-01,Sep 2023
2023,9,India One Air,213,1511.0,81.009,430.538,0.006169084858109824,266.967,2023-09-01,Sep 2023
2023,9,QuikJet Cargo,127,0.0,,0.0,,231.0,2023-09-01,Sep 2023
2023,9,SpiceJet,4036,544605.0,91.371,537851.403,2.223503943845732,6333.233,2023-09-01,Sep 2023
2023,9,Star Air,667,25965.0,73.005,18810.917,0.10600945621497125,941.0,2023-09-01,Sep 2023
2023,9,Total Domestic,86294,12246549.0,85.625,11790940.081,50.0,150543.227,2023-09-01,Sep 2023
2023,9,Vistara,7814,1229406.0,91.97,1330166.894,5.019397709509838,13065.083,2023-09-01,Sep 2023
2023,10,Air India,8776,1222165.0,85.94,1263861.645,4.835759881779655,16890.483,2023-10-01,Oct 2023
2023,10,Air India Express,731,106111.0,82.47,87592.316,0.4198510976959092,1223.0,2023-10-01,Oct 2023
2023,10,AirAsia India,5622,832328.0,83.374,849790.014,3.293285563636576,10531.833,2023-10-01,Oct 2023
2023,10,Akasa Air,3330,524439.0,86.615,540645.0,2.0750562130650447,6680.45,2023-10-01,Oct 2023
2023,10,Alliance Air,2973,129759.0,71.724,53137.492,0.5134195190500843,4017.0,2023-10-01,Oct 2023
2023,10,Blue Dart Aviation,492,0.0,,0.0,,670.083,2023-10-01,Oct 2023
2023,10,Flybig,429,18700.0,72.42,7041.92,0.07399059029613804,551.96,2023-10-01,Oct 2023
2023,10,IndiGo,54616,7907253.0,83.295,7524483.0,31.286754924647507,94505.5,2023-10-01,Oct 2023
2023,10,India One Air,260,1813.0,79.069,535.865,0.007173526214272634,139.0,2023-10-01,Oct 2023
2023,10,QuikJet Cargo,149,0.0,,0.0,,308.667,2023-10-01,Oct 2023
2023,10,SpiceJet,4603,627964.0,90.121,637102.645,2.4846752430333705,7034.567,2023-10-01,Oct 2023
2023,10,Star Air,818,35635.0,75.695,23643.842,0.14099757674881705,1150.0,2023-10-01,Oct 2023
2023,10,Total Domestic,90887,12636742.0,84.55,12306501.461,50.0,156855.443,2023-10-01,Oct 2023
2023,10,Vistara,8088,1230575.0,89.172,1318667.722,4.869035863832624,13152.9,2023-10-01,Oct 2023
2023,11,Air India,8306,1189143.0,85.36,1224911.359,4.668654146075104,16247.067,2023-11-01,Nov 2023
2023,11,Air India Express,1036,145064.0,80.444,137357.158,0.569530868067372,1854.817,2023-11-01,Nov 2023
2023,11,AirAsia India,5465,835856.0,85.316,846100.908,3.281625994452939,10221.583,2023-11-01,Nov 2023
2023,11,Akasa Air,3270,536309.0,89.409,544841.0,2.1055846407264664,6634.317,2023-11-01,Nov 2023
2023,11,Alliance Air,2759,123592.0,72.984,50002.641,0.4852303744980328,3706.0,2023-11-01,Nov 2023
2023,11,Blue Dart Aviation,567,0.0,,0.0,,790.25,2023-11-01,Nov 2023
2023,11,Flybig,133,3831.0,67.932,1453.07,0.015040759634134601,190.95,2023-11-01,Nov 2023
2023,11,IndiGo,52764,7876294.0,85.634,7438226.0,30.922851699758958,91728.733,2023-11-01,Nov 2023
2023,11,India One Air,336,2523.0,85.063,765.768,0.009905465037045575,466.5,2023-11-01,Nov 2023
2023,11,QuikJet Cargo,135,0.0,,0.0,,286.617,2023-11-01,Nov 2023
2023,11,SpiceJet,5439,784533.0,90.786,799382.428,3.080128498576487,8444.5,2023-11-01,Nov 2023
2023,11,Star Air,887,41018.0,78.594,26776.415,0.16103938362645082,1233.0,2023-11-01,Nov 2023
2023,11,Total Domestic,89000,12735394.0,86.295,12354847.808,50.0,154862.85,2023-11-01,Nov 2023
2023,11,Vistara,7903,1197231.0,89.36,1285031.061,4.700408169547012,13058.517,2023-11-01,Nov 2023
2023,12,Air India,8981,1339630.0,88.476,1374497.465,4.854663416574427,17744.533,2023-12-01,Dec 2023
2023,12,Air India Express,1398,204851.0,83.41,184082.959,0.7423562144388286,2481.0,2023-12-01,Dec 2023
2023,12,AirAsia India,5352,852107.0,89.125,870455.939,3.087936728728817,10062.0,2023-12-01,Dec 2023
2023,12,Akasa Air,3518,602655.0,93.894,618954.0,2.183951674205311,7132.45,2023-12-01,Dec 2023
2023,12,Alliance Air,2804,130927.0,77.043,53599.753,0.47446423052771286,3779.0,2023-12-01,Dec 2023
2023,12,Blue Dart Aviation,529,0.0,,0.0,,726.5,2023-12-01,Dec 2023
2023,12,Flybig,46,206.0,24.964,61.66,0.0007465200568920761,75.83,2023-12-01,Dec 2023
2023,12,IndiGo,53881,8526055.0,90.665,8081248.0,30.897432347888206,93873.467,2023-12-01,Dec 2023
2023,12,India One Air,330,2588.0,89.024,789.555,0.00937861120017812,397.333,2023-12-01,Dec 2023
2023,12,QuikJet Cargo,140,0.0,,0.0,,298.5,2023-12-01,Dec 2023
2023,12,SpiceJet,5234,771972.0,93.484,791503.174,2.797536802714028,8111.717,2023-12-01,Dec 2023
2023,12,Star Air,969,48813.0,83.103,30469.666,0.17689263852948015,1312.833,2023-12-01,Dec 2023
2023,12,Total Domestic,91529,13797352.0,90.711,13412434.493,50.0,159680.313,2023-12-01,Dec 2023
2023,12,Vistara,8347,1317548.0,93.259,1406772.322,4.774640815136122,13685.15,2023-12-01,Dec 2023
2024,1,AIX Connect,5158,802969.0,87.572,824479.344,3.0573913938762844,9689.633,2024-01-01,Jan 2024
2024,1,Air India,8932,1336709.0,88.146,1355378.453,5.089664224542884,17594.667,2024-01-01,Jan 2024
2024,1,Air India Express,1824,262203.0,83.014,234850.598,0.9983663076015928,3216.683,2024-01-01,Jan 2024
2024,1,Akasa Air,3542,595767.0,92.39,610078.526,2.2684473479741962,7145.683,2024-01-01,Jan 2024
2024,1,Alliance Air,2712,132650.0,80.115,53130.559,0.5050792351855291,3648.0,2024-01-01,Jan 2024
2024,1,Blue Dart Aviation,497,0.0,,0.0,,700.8,2024-01-01,Jan 2024
2024,1,Flybig,31,84.0,15.35,25.47,0.00031983909352117945,44.25,2024-01-01,Jan 2024
2024,1,IndiGo,50923,7908647.0,88.35,7362463.0,30.113029612607082,88813.017,2024-01-01,Jan 2024
2024,1,India One Air,322,2411.0,85.502,734.601,0.00918014350570909,439.333,2024-01-01,Jan 2024
2024,1,QuikJet Cargo,111,0.0,,0.0,,241.067,2024-01-01,Jan 2024
2024,1,SpiceJet,4997,740084.0,93.659,723701.856,2.8179499486848636,7553.633,2024-01-01,Jan 2024
2024,1,Star Air,1009,46974.0,76.476,29271.58,0.17885859022695097,1340.75,2024-01-01,Jan 2024
2024,1,Total Domestic,88285,13131603.0,89.193,12586987.422,50.0,153450.083,2024-01-01,Jan 2024
2024,1,Vistara,8227,1303105.0,94.233,1392873.435,4.961713356701387,13022.567,2024-01-01,Jan 2024
2024,2,AIX Connect,4933,768022.0,87.605,791997.592,3.0363067043685037,9296.0,2024-02-01,Feb 2024
2024,2,Air India,8683,1332374.0,88.228,1337410.882,5.267422168800217,17014.717,2024-02-01,Feb 2024
2024,2,Air India Express,2032,284271.0,81.545,252814.09,1.1238401284826982,3566.0,2024-02-01,Feb 2024
2024,2,Akasa Air,3378,567507.0,92.065,570497.194,2.2435884764707996,6817.033,2024-02-01,Feb 2024
2024,2,Alliance Air,2664,129279.0,79.063,51364.544,0.5110930343584633,3563.0,2024-02-01,Feb 2024
2024,2,Blue Dart Aviation,581,0.0,,0.0,,832.917,2024-02-01,Feb 2024
2024,2,Flybig,83,362.0,24.733,116.0,0.001431134820332488,107.58,2024-02-01,Feb 2024
2024,2,IndiGo,50244,7602018.0,88.064,7143171.0,30.05390238838216,87251.3,2024-02-01,Feb 2024
2024,2,India One Air,304,2269.0,85.956,699.66,0.008970289799266342,415.5,2024-02-01,Feb 2024
2024,2,QuikJet Cargo,144,0.0,,0.0,,312.85,2024-02-01,Feb 2024
2024,2,SpiceJet,4480,658810.0,94.467,656272.964,2.604546770671952,6809.15,2024-02-01,Feb 2024
2024,2,Star Air,988,47163.0,76.736,29669.571,0.18645472798713023,1394.083,2024-02-01,Feb 2024
2024,2,Total Domestic,86423,12647306.0,89.007,12167513.132,50.0,149303.73,2024-02-01,Feb 2024
2024,2,Vistara,7909,1255231.0,94.596,1333499.635,4.962444175858479,11923.6,2024-02-01,Feb 2024
2024,3,AIX Connect,5074,769891.0,85.106,797436.0,2.879718881690983,9603.0,2024-03-01,Mar 2024
2024,3,Air India,9405,1409012.0,85.282,1398790.812,5.270302498573402,18150.267,2024-03-01,Mar 2024
2024,3,Air India Express,2499,338108.0,79.656,328731.971,1.2646673251808045,4609.633,2024-03-01,Mar 2024
2024,3,Akasa Air,3664,590036.0,88.474,597601.783,2.206984897962726,7285.817,2024-03-01,Mar 2024
2024,3,Alliance Air,2968,140154.0,78.093,55778.509,0.5242354049398136,3953.0,2024-03-01,Mar 2024
2024,3,Blue Dart Aviation,618,0.0,,0.0,,832.0,2024-03-01,Mar 2024
2024,3,Fly91,38,1351.0,49.689,693.496,0.005053313013354511,63.0,2024-03-01,Mar 2024
2024,3,Flybig,137,968.0,39.06,242.848,0.003620730567673699,165.333,2024-03-01,Mar 2024
2024,3,IndiGo,55119,8085844.0,84.934,7615079.0,30.244486091158024,95459.9,2024-03-01,Mar 2024
2024,3,India One Air,352,2620.0,86.029,812.498,0.009799911247216003,482.0,2024-03-01,Mar 2024
2024,3,QuikJet Cargo,143,0.0,,0.0,,307.25,2024-03-01,Mar 2024
2024,3,SpiceJet,4802,702476.0,92.743,709538.813,2.627558188282179,7391.583,2024-03-01,Mar 2024
2024,3,Star Air,1066,43270.0,65.577,27502.298,0.1618481525446704,1523.75,2024-03-01,Mar 2024
2024,3,Total Domestic,94150,13367468.0,86.043,12907734.493,50.0,163359.283,2024-03-01,Mar 2024
2024,3,Vistara,8265,1283738.0,92.383,1375526.465,4.801724604839151,13532.75,2024-03-01,Mar 2024
2024,4,AIX Connect,4687,716857.0,85.827,749772.25,2.7153575502149687,8917.1,2024-04-01,Apr 2024
2024,4,Air India,9400,1458158.0,84.968,1405515.443,5.523305672827856,18099.135,2024-04-01,Apr 2024
2024,4,Air India Express,2976,422278.0,82.23,399775.241,1.599532062307652,5348.733,2024-04-01,Apr 2024
2024,4,Akasa Air,3605,579539.0,87.877,602156.91,2.1952155022466586,7333.117,2024-04-01,Apr 2024
2024,4,Alliance Air,2708,127836.0,79.053,50827.804,0.4842255119072294,3671.0,2024-04-01,Apr 2024
2024,4,Blue Dart Aviation,601,0.0,,0.0,0.0,848.917,2024-04-01,Apr 2024
2024,4,Fly91,130,4454.0,52.633,2365.946,0.016871150771572953,218.0,2024-04-01,Apr 2024
2024,4,Flybig,198,1125.0,33.214,299.254,0.0042613481405522164,237.917,2024-04-01,Apr 2024
2024,4,IndiGo,53477,7999788.0,86.573,7541735.0,30.302117083210607,93324.3,2024-04-01,Apr 2024
2024,4,India One Air,284,2043.0,83.021,636.42,0.0077386082232428245,392.016,2024-04-01,Apr 2024
2024,4,QuikJet Cargo,128,0.0,,0.0,,268.7,2024-04-01,Apr 2024
2024,4,SpiceJet,4397,617484.0,90.85,629399.1,2.3389460401962174,6795.667,2024-04-01,Apr 2024
2024,4,Star Air,1171,52819.0,74.441,34429.715,0.20007124216518002,1621.833,2024-04-01,Apr 2024
2024,4,Total Domestic,91733,13200048.0,86.802,12698343.114,50.0,156752.094,2024-04-01,Apr 2024
2024,4,Vistara,7971,1217667.0,90.938,1281430.031,4.612358227788262,9675.66,2024-04-01,Apr 2024
2024,5,AIX Connect,4511,703339.0,86.94,740843.459,2.5491977304445914,8636.3,2024-05-01,May 2024
2024,5,Air India,9761,1564289.0,87.594,1533842.581,5.669644323092334,18717.6,2024-05-01,May 2024
2024,5,Air India Express,2233,328320.0,84.537,328669.004,1.189970410939203,4168.567,2024-05-01,May 2024
2024,5,Akasa Air,3937,663762.0,90.391,707955.322,2.4057539592648247,8266.567,2024-05-01,May 2024
2024,5,Alliance Air,2837,135176.0,79.382,53532.269,0.489934942340149,3893.0,2024-05-01,May 2024
2024,5,Blue Dart Aviation,644,0.0,,0.0,0.0,896.917,2024-05-01,May 2024
2024,5,Fly91,225,9474.0,69.785,5088.936,0.034337779219170354,386.0,2024-05-01,May 2024
2024,5,Flybig,229,1605.0,38.027,370.0,0.0058171981894414625,264.0,2024-05-01,May 2024
2024,5,IndiGo,55381,8504042.0,88.435,7947119.0,30.82224157341692,96682.833,2024-05-01,May 2024
2024,5,India One Air,321,2210.0,80.526,693.301,0.00800997383094432,439.583,2024-05-01,May 2024
2024,5,QuikJet Cargo,124,0.0,,0.0,0.0,259.483,2024-05-01,May 2024
2024,5,SpiceJet,4004,554464.0,94.123,549305.419,2.0096118236202316,6028.033,2024-05-01,May 2024
2024,5,Star Air,1252,57676.0,75.32,37329.769,0.20904219487490705,1751.417,2024-05-01,May 2024
2024,5,Total Domestic,93551,13795301.0,88.861,13269977.942,50.0,163681.983,2024-05-01,May 2024
2024,5,Vistara,8092,1270944.0,93.381,1365228.882,4.606438090767283,13291.683,2024-05-01,May 2024
2024,6,AIX Connect,4048,637860.0,88.596,674786.999,2.4150700736068953,7725.8,2024-06-01,Jun 2024
2024,6,Air India,9752,1498868.0,84.194,1477167.409,5.675024693642837,19034.904,2024-06-01,Jun 2024
2024,6,Air India Express,2844,423233.0,86.639,426312.631,1.6024477980479526,5302.067,2024-06-01,Jun 2024
2024,6,Akasa Air,3845,634429.0,89.615,691510.167,2.4020795969779405,8148.166,2024-06-01,Jun 2024
2024,6,Alliance Air,2869,133913.0,78.628,51895.878,0.5070223540697335,3893.0,2024-06-01,Jun 2024
2024,6,Blue Dart Aviation,640,0.0,,0.0,0.0,891.75,2024-06-01,Jun 2024
2024,6,Fly91,263,9736.0,51.915,4997.806,0.03686251252098695,443.0,2024-06-01,Jun 2024
2024,6,Flybig,244,1908.0,43.454,468.0,0.007224083185090704,297.0,2024-06-01,Jun 2024
2024,6,IndiGo,53313,8029628.0,86.987,7511825.0,30.401834705101415,93256.367,2024-06-01,Jun 2024
2024,6,India One Air,272,1852.0,80.14,598.567,0.007012055586366868,381.5,2024-06-01,Jun 2024
2024,6,QuikJet Cargo,94,0.0,,0.0,,201.633,2024-06-01,Jun 2024
2024,6,SpiceJet,3637,499538.0,91.495,499202.836,1.8913543323447797,5548.817,2024-06-01,Jun 2024
2024,6,Star Air,1323,58670.0,71.49,37953.997,0.22213677173441906,1824.333,2024-06-01,Jun 2024
2024,6,Total Domestic,91493,13205828.0,87.327,12749368.114,50.0,160721.053,2024-06-01,Jun 2024
2024,6,Vistara,8349,1276193.0,91.026,1372648.824,4.831931023181584,13772.717,2024-06-01,Jun 2024
2024,7,AIX Connect,3916,590023.0,85.724,621406.434,2.2717473792180183,7392.45,2024-07-01,Jul 2024
2024,7,Air India,10253,1542638.0,82.289,1524210.296,5.939571565145977,20433.047,2024-07-01,Jul 2024
2024,7,Air India Express,2283,317746.0,81.883,308142.391,1.223407634544769,4014.783,2024-07-01,Jul 2024
2024,7,Akasa Air,3808,604187.0,86.426,659296.319,2.326282592047423,8223.317,2024-07-01,Jul 2024
2024,7,Alliance Air,2640,120815.0,75.621,47143.066,0.46517027237959346,3627.0,2024-07-01,Jul 2024
2024,7,Blue Dart Aviation,610,0.0,,0.0,,872.333,2024-07-01,Jul 2024
2024,7,Fly91,276,10200.0,58.85,5274.014,0.03927274575401939,469.75,2024-07-01,Jul 2024
2024,7,Flybig,280,1011.0,19.528,240.0,0.003892622152677805,343.0,2024-07-01,Jul 2024
2024,7,IndiGo,54709,8046505.0,84.612,7528951.0,30.981210301318217,96704.45,2024-07-01,Jul 2024
2024,7,India One Air,264,1669.0,72.701,537.841,0.006426099280731212,375.0,2024-07-01,Jul 2024
2024,7,QuikJet Cargo,134,0.0,,0.0,,283.717,2024-07-01,Jul 2024
2024,7,SpiceJet,3115,405360.0,90.282,380158.361,1.5607451194950295,4610.1,2024-07-01,Jul 2024
2024,7,Star Air,1228,52432.0,69.259,32345.331,0.20187731425242594,1719.417,2024-07-01,Jul 2024
2024,7,Total Domestic,92066,12986105.0,85.015,12493831.968,50.0,163437.664,2024-07-01,Jul 2024
2024,7,Vistara,8550,1293519.0,89.981,1386126.915,4.980396354411119,14369.3,2024-07-01,Jul 2024
2024,8,AIX Connect,3857,577347.0,84.438,607076.098,2.19846254948042,7316.5,2024-08-01,Aug 2024
2024,8,Air India,10289,1521012.0,81.063,1514311.37,5.791816566658028,20390.499,2024-08-01,Aug 2024
2024,8,Air India Express,3094,408361.0,76.783,400051.181,1.5549857627533767,5252.283,2024-08-01,Aug 2024
2024,8,Akasa Air,3718,591857.0,85.524,649724.386,2.2537147489254,8112.66,2024-08-01,Aug 2024
2024,8,Alliance Air,2581,115010.0,73.315,44304.528,0.4379431742361926,3483.0,2024-08-01,Aug 2024
2024,8,Blue Dart Aviation,627,0.0,,0.0,,892.5,2024-08-01,Aug 2024
2024,8,Fly91,388,14846.0,58.882,7512.835,0.05653164389801336,652.833,2024-08-01,Aug 2024
2024,8,Flybig,300,2013.0,35.657,487.483,0.007665243107012049,362.33,2024-08-01,Aug 2024
2024,8,IndiGo,56433,8190413.0,82.329,7599936.0,31.18803119316039,99527.617,2024-08-01,Aug 2024
2024,8,India One Air,348,2143.0,72.111,673.19,0.008160266258483269,479.167,2024-08-01,Aug 2024
2024,8,QuikJet Cargo,131,0.0,,0.0,,278.25,2024-08-01,Aug 2024
2024,8,SpiceJet,2729,302378.0,81.008,268364.222,1.1514162345812664,3877.55,2024-08-01,Aug 2024
2024,8,Star Air,1119,51412.0,73.568,32197.531,0.1957702327956798,1592.41,2024-08-01,Aug 2024
2024,8,Total Domestic,94682,13130699.0,82.807,12554284.206,50.0,167101.048,2024-08-01,Aug 2024
2024,8,Vistara,9068,1353907.0,88.717,1429645.382,5.155502384145733,14883.45,2024-08-01,Aug 2024
2024,9,AIX Connect,3684,535294.0,81.596,566013.822,2.0545029313744574,7027.617,2024-09-01,Sep 2024
2024,9,Air India,9851,1451744.0,81.264,1469559.642,5.57191431924378,19624.696,2024-09-01,Sep 2024
2024,9,Air India Express,3859,517124.0,77.001,497116.012,1.984764958852677,6731.533,2024-09-01,Sep 2024
2024,9,Akasa Air,3563,572972.0,85.865,634605.844,2.1991142317968926,7791.35,2024-09-01,Sep 2024
2024,9,Alliance Air,2302,101886.0,73.114,38623.908,0.39104694927650596,3068.0,2024-09-01,Sep 2024
2024,9,Blue Dart Aviation,526,0.0,,0.0,,736.917,2024-09-01,Sep 2024
2024,9,Fly91,374,15537.0,62.633,7671.88,0.059632299343472826,614.917,2024-09-01,Sep 2024
2024,9,Flybig,283,1792.0,32.92,425.0,0.006877845171107891,341.58,2024-09-01,Sep 2024
2024,9,IndiGo,56012,8211792.0,82.6,7624336.0,31.51754126860626,98623.783,2024-09-01,Sep 2024
2024,9,India One Air,358,2263.0,74.332,719.646,0.008685582378469397,495.5,2024-09-01,Sep 2024
2024,9,QuikJet Cargo,129,0.0,,0.0,,276.15,2024-09-01,Sep 2024
2024,9,SpiceJet,2281,261053.0,80.353,237263.798,1.0019431447841678,3276.95,2024-09-01,Sep 2024
2024,9,Star Air,1108,47677.0,66.276,30294.262,0.18298829476724943,1584.917,2024-09-01,Sep 2024
2024,9,Total Domestic,92912,13027336.0,83.014,12504099.452,50.0,164274.926,2024-09-01,Sep 2024
2024,9,Vistara,8582,1308202.0,90.914,1397469.638,5.020988174404959,14081.017,2024-09-01,Sep 2024
2024,10,Air India,10121,1471093.0,80.29,1482286.454,5.385780958063637,20001.328,2024-10-01,Oct 2024
2024,10,Air India Express,8193,1177057.0,81.552,1202927.878,4.309293278640786,15390.083,2024-10-01,Oct 2024
2024,10,Akasa Air,3841,615370.0,85.678,714114.747,2.252915368480185,8532.817,2024-10-01,Oct 2024
2024,10,Alliance Air,2264,98107.0,73.864,37809.35,0.3591770285445918,2989.0,2024-10-01,Oct 2024
2024,10,Blue Dart Aviation,589,0.0,,0.0,,821.667,2024-10-01,Oct 2024
2024,10,Fly91,381,17042.0,68.086,8449.77,0.06239203033888442,629.583,2024-10-01,Oct 2024
2024,10,Flybig,308,2037.0,33.171,453.938,0.007457608602294776,368.667,2024-10-01,Oct 2024
2024,10,IndiGo,59156,8640128.0,82.257,8129253.0,31.63215164345997,104385.117,2024-10-01,Oct 2024
2024,10,India One Air,326,2124.0,76.255,683.854,0.007776122077208691,456.0,2024-10-01,Oct 2024
2024,10,QuikJet Cargo,132,0.0,,0.0,,281.85,2024-10-01,Oct 2024
2024,10,SpiceJet,3079,334601.0,81.038,314924.853,1.224999163444494,4405.2,2024-10-01,Oct 2024
2024,10,Star Air,1237,56524.0,71.813,35784.091,0.20693857075901323,1799.917,2024-10-01,Oct 2024
2024,10,Total Domestic,98186,13657193.0,82.405,13250708.525,50.0,174059.978,2024-10-01,Oct 2024
2024,10,Vistara,8559,1243110.0,86.076,1324020.59,4.551118227588934,13998.75,2024-10-01,Oct 2024
2024,11,Air India,14897,2251104.0,87.059,2345562.181,7.898463088338141,30176.159,2024-11-01,Nov 2024
2024,11,Air India Express,7951,1221495.0,87.869,1233703.562,4.285867365563562,14771.7,2024-11-01,Nov 2024
2024,11,Akasa Air,3881,672121.0,92.579,803209.656,2.358275277107108,8730.9,2024-11-01,Nov 2024
2024,11,Alliance Air,2121,96860.0,74.462,38932.533,0.3398533051944434,2830.0,2024-11-01,Nov 2024
2024,11,Blue Dart Aviation,581,0.0,,0.0,0.0,836.417,2024-11-01,Nov 2024
2024,11,Fly91,389,20308.0,73.791,9339.36,0.07125481026108565,627.167,2024-11-01,Nov 2024
2024,11,Flybig,200,1446.0,35.588,298.904,0.00507358950352225,245.083,2024-11-01,Nov 2024
2024,11,IndiGo,56776,9069728.0,90.333,8592770.0,31.823012987968085,100409.433,2024-11-01,Nov 2024
2024,11,India One Air,367,2607.0,83.029,816.785,0.00914719767336273,490.0,2024-11-01,Nov 2024
2024,11,QuikJet Cargo,131,0.0,,0.0,,275.45,2024-11-01,Nov 2024
2024,11,SpiceJet,3579,442543.0,87.872,430506.165,1.5527534714088846,5355.483,2024-11-01,Nov 2024
2024,11,Star Air,1159,56913.0,73.448,34157.0,0.19969100927659877,1554.583,2024-11-01,Nov 2024
2024,11,Total Domestic,94818,14250266.0,89.399,13932673.24,50.0,170824.209,2024-11-01,Nov 2024
2024,11,Vistara,2786,415141.0,88.049,443377.094,1.4566078977052077,4521.833,2024-11-01,Nov 2024
2024,12,Air India,17960,2604182.0,83.716,2756865.649,8.723437582069618,36808.505,2024-12-01,Dec 2024
2024,12,Air India Express,8714,1342308.0,86.913,1342337.928,4.4964369056819775,16177.25,2024-12-01,Dec 2024
2024,12,Akasa Air,3920,686835.0,93.301,811906.922,2.300746357850867,8844.51,2024-12-01,Dec 2024
2024,12,Alliance Air,2069,99952.0,77.685,40571.823,0.33481724134604357,2802.0,2024-12-01,Dec 2024
2024,12,Blue Dart Aviation,653,0.0,,0.0,,954.666,2024-12-01,Dec 2024
2024,12,Fly91,431,24230.0,82.745,11086.546,0.08116517686304062,688.15,2024-12-01,Dec 2024
2024,12,Flybig,294,1137.0,20.883,269.312,0.0038087002102054138,348.75,2024-12-01,Dec 2024
2024,12,IndiGo,59546,9615322.0,90.649,9113052.0,32.20921629075878,105584.6,2024-12-01,Dec 2024
2024,12,India One Air,412,3131.0,87.074,996.998,0.010488162144373923,563.33,2024-12-01,Dec 2024
2024,12,QuikJet Cargo,154,0.0,,0.0,,326.483,2024-12-01,Dec 2024
2024,12,SpiceJet,3752,489394.0,87.441,494633.485,1.639362384057404,5828.583,2024-12-01,Dec 2024
2024,12,Star Air,1108,59861.0,78.33,33877.0,0.20052119901768362,1463.417,2024-12-01,Dec 2024
2024,12,Total Domestic,99013,14926352.0,88.853,14605597.663,50.0,180390.244,2024-12-01,Dec 2024
2025,1,Air India,16899,2422796.0,83.88,2542896.321,8.239464788948897,34638.102,2025-01-01,Jan 2025
2025,1,Air India Express,8829,1335289.0,85.34,1368801.54,4.541061937765615,16751.283,2025-01-01,Jan 2025
2025,1,Akasa Air,3902,685848.0,93.78,815423.199,2.3324375830945003,8808.4,2025-01-01,Jan 2025
2025,1,Alliance Air,1953,90895.0,77.64,38440.168,0.30911647203954024,2704.0,2025-01-01,Jan 2025
2025,1,Blue Dart Aviation,647,0.0,0.0,0.0,0.0,920.417,2025-01-01,Jan 2025
2025,1,Fly91,373,20612.0,81.99,9559.912,0.070097461044931,596.817,2025-01-01,Jan 2025
2025,1,Flybig,269,1050.0,22.69,275.0,0.003570848733610399,346.583,2025-01-01,Jan 2025
2025,1,IndiGo,60152,9614311.0,89.78,9125277.0,32.69642881798717,107177.65,2025-01-01,Jan 2025
2025,1,India One Air,416,2860.0,81.11,920.63,0.009726311788691183,562.083,2025-01-01,Jan 2025
2025,1,QuikJet Cargo,137,0.0,0.0,0.0,0.0,293.917,2025-01-01,Jan 2025
2025,1,SpiceJet,3607,465732.0,87.13,470566.164,1.5838652594303222,5596.1,2025-01-01,Jan 2025
2025,1,Star Air,1165,62994.0,79.64,36718.377,0.21423051916671762,1569.0,2025-01-01,Jan 2025
2025,1,Total Domestic,98349,14702387.0,88.29,14408878.311,50.0,179964.352,2025-01-01,Jan 2025
2025,2,Air India,16212,2406210.0,87.48,2519192.45,8.52148192849167,33108.807,2025-02-01,Feb 2025
2025,2,Air India Express,9362,1423613.0,86.59,1464138.102,5.041659893635972,17713.133,2025-02-01,Feb 2025
2025,2,Akasa Air,3681,657633.0,95.15,785475.804,2.328976990819489,8332.617,2025-02-01,Feb 2025
2025,2,Alliance Air,1710,85992.0,83.03,38733.658,0.3045367087639299,2497.0,2025-02-01,Feb 2025
2025,2,Blue Dart Aviation,591,0.0,0.0,0.0,0.0,854.417,2025-02-01,Feb 2025
2025,2,Fly91,210,11757.0,82.95,5478.35,0.04163687418524425,341.333,2025-02-01,Feb 2025
2025,2,Flybig,157,707.0,27.15,179.966,0.0025038079483684344,196.583,2025-02-01,Feb 2025
2025,2,IndiGo,55405,9015997.0,91.67,8538835.0,31.92973826176232,98513.033,2025-02-01,Feb 2025
2025,2,India One Air,382,2721.0,82.86,863.061,0.009636296219958288,515.583,2025-02-01,Feb 2025
2025,2,QuikJet Cargo,131,0.0,0.0,0.0,0.0,278.667,2025-02-01,Feb 2025
2025,2,SpiceJet,3407,453930.0,91.22,442261.689,1.607572195195026,5226.317,2025-02-01,Feb 2025
2025,2,Star Air,1071,59935.0,83.08,35512.0,0.2122570429780228,1460.083,2025-02-01,Feb 2025
2025,2,Total Domestic,92319,14118495.0,90.43,13830670.08,50.0,169037.574,2025-02-01,Feb 2025
2025,3,Air India,16855,2303093.0,80.4,2413939.142,7.918936062554524,34314.239,2025-03-01,Mar 2025
2025,3,Air India Express,11068,1575238.0,80.78,1617039.843,5.416285406323698,20987.867,2025-03-01,Mar 2025
2025,3,Akasa Air,4135,719271.0,92.51,857586.721,2.473135501106406,9346.617,2025-03-01,Mar 2025
2025,3,Alliance Air,1697,77945.0,75.91,32129.95,0.26800544806302323,2346.0,2025-03-01,Mar 2025
2025,3,Blue Dart Aviation,596,0.0,0.0,0.0,0.0,842.167,2025-03-01,Mar 2025
2025,3,Fly91,242,12327.0,76.41,5619.356,0.042385055593981494,392.583,2025-03-01,Mar 2025
2025,3,Flybig,229,1161.0,26.42,276.705,0.003991972868062993,283.0,2025-03-01,Mar 2025
2025,3,IndiGo,61957,9309423.0,84.61,8798393.0,32.009443611818774,110318.867,2025-03-01,Mar 2025
2025,3,India One Air,428,2992.0,82.0,956.669,0.010287668235352692,585.1,2025-03-01,Mar 2025
2025,3,QuikJet Cargo,129,0.0,0.0,0.0,0.0,271.15,2025-03-01,Mar 2025
2025,3,SpiceJet,3804,479518.0,84.81,484082.688,1.6487707543047636,5854.05,2025-03-01,Mar 2025
2025,3,Star Air,1179,60714.0,73.76,35061.0,0.2087585191314182,1608.583,2025-03-01,Mar 2025
2025,3,Total Domestic,102319,14541682.0,83.79,14245085.074,50.0,187150.222,2025-03-01,Mar 2025
2025,4,Air India,15882,2180617.0,82.23,2301209.657,7.616711590221177,33038.442,2025-04-01,Apr 2025
2025,4,Air India Express,11433,1709127.0,84.87,1760620.766,5.969836715966146,21807.35,2025-04-01,Apr 2025
2025,4,Akasa Air,4066,712182.0,93.03,849462.025,2.4875917658841047,9258.383,2025-04-01,Apr 2025
2025,4,Alliance Air,1637,75957.0,75.81,30123.064,0.26531140601876896,2229.0,2025-04-01,Apr 2025
2025,4,Blue Dart Aviation,616,0.0,0.0,0.0,0.0,884.75,2025-04-01,Apr 2025
2025,4,Fly91,392,20369.0,82.62,9258.037,0.07114720209060792,606.167,2025-04-01,Apr 2025
2025,4,Flybig,237,1415.0,30.25,344.864,0.0049424758681432665,302.417,2025-04-01,Apr 2025
2025,4,IndiGo,59213,9171560.0,86.93,8642291.0,32.03548690687496,106342.583,2025-04-01,Apr 2025
2025,4,India One Air,414,2886.0,81.17,909.448,0.010080555021527538,561.667,2025-04-01,Apr 2025
2025,4,QuikJet Cargo,138,0.0,0.0,0.0,0.0,299.367,2025-04-01,Apr 2025
2025,4,SpiceJet,3026,379010.0,85.98,388576.028,1.3238500203427417,4792.9,2025-04-01,Apr 2025
2025,4,Star Air,1157,61565.0,79.7,36459.128,0.21504136171183053,1712.167,2025-04-01,Apr 2025
2025,4,Total Domestic,98211,14314688.0,86.12,14019254.017,50.0,181835.192,2025-04-01,Apr 2025
2025,5,Air India,16010,2093391.0,78.35,2250087.387,7.447233063893223,33438.738,2025-05-01,May 2025
2025,5,Air India Express,11050,1628871.0,82.95,1651625.156,5.794704366273104,20902.017,2025-05-01,May 2025
2025,5,Akasa Air,4343,746531.0,91.46,895399.367,2.655782100152944,9917.967,2025-05-01,May 2025
2025,5,Alliance Air,1420,62159.0,73.96,25337.841,0.22113048160546156,1952.0,2025-05-01,May 2025
2025,5,Blue Dart Aviation,650,0.0,0.0,0.0,0.0,933.333,2025-05-01,May 2025
2025,5,Fly91,434,24385.0,87.58,10879.2,0.08674957438100968,669.667,2025-05-01,May 2025
2025,5,Flybig,313,1864.0,28.55,444.819,0.006631175175156942,406.0,2025-05-01,May 2025
2025,5,IndiGo,59442,9079585.0,85.07,8521422.0,32.30060013558334,106466.783,2025-05-01,May 2025
2025,5,India One Air,423,2947.0,81.05,955.723,0.010483944871881711,581.917,2025-05-01,May 2025
2025,5,QuikJet Cargo,134,0.0,0.0,0.0,0.0,286.6,2025-05-01,May 2025
2025,5,SpiceJet,2861,339663.0,84.04,370127.753,1.208350243304363,4707.75,2025-05-01,May 2025
2025,5,Star Air,1377,75428.0,75.08,42870.0,0.26833491475951604,1827.25,2025-05-01,May 2025
2025,5,Total Domestic,98457,14054824.0,83.93,13769149.246,50.0,182090.021,2025-05-01,May 2025
2025,6,Air India,15545,2098185.0,81.28,2231136.864,7.711470451427458,32259.855,2025-06-01,Jun 2025
2025,6,Air India Express,11095,1594172.0,81.83,1627031.958,5.859068801127172,20931.45,2025-06-01,Jun 2025
2025,6,Akasa Air,4210,722093.0,91.37,867159.534,2.6539122301811364,9565.7,2025-06-01,Jun 2025
2025,6,Alliance Air,1630,66355.0,67.91,27047.685,0.24387488319879755,2241.0,2025-06-01,Jun 2025
2025,6,Blue Dart Aviation,611,0.0,0.0,0.0,0.0,879.167,2025-06-01,Jun 2025
2025,6,Fly91,484,22196.0,71.22,9971.341,0.08157707644458609,739.75,2025-06-01,Jun 2025
2025,6,Flybig,269,1186.0,21.77,305.555,0.004358912086109169,348.917,2025-06-01,Jun 2025
2025,6,IndiGo,57412,8773638.0,85.45,8259122.0,32.24579824396853,102271.05,2025-06-01,Jun 2025
2025,6,India One Air,446,2819.0,74.67,907.665,0.010360685641434863,604.25,2025-06-01,Jun 2025
2025,6,QuikJet Cargo,146,0.0,0.0,0.0,0.0,313.033,2025-06-01,Jun 2025
2025,6,SpiceJet,2370,260902.0,85.24,258226.397,0.9588945034486126,3583.583,2025-06-01,Jun 2025
2025,6,Star Air,1303,62766.0,69.82,37063.691,0.23068421247616197,1736.0,2025-06-01,Jun 2025
2025,6,Total Domestic,95521,13604312.0,84.5,13317972.69,50.0,175473.755,2025-06-01,Jun 2025
2025,7,Air India,14105,1870732.0,78.52,1992242.171,7.420411331349832,29684.665,2025-07-01,Jul 2025
2025,7,Air India Express,10223,1437558.0,79.55,1454446.808,5.70219126666599,19302.217,2025-07-01,Jul 2025
2025,7,Akasa Air,4105,697509.0,90.17,854276.763,2.766726440408615,9377.1,2025-07-01,Jul 2025
2025,7,Alliance Air,1254,46012.0,62.74,19844.949,0.18251035753815534,1781.0,2025-07-01,Jul 2025
2025,7,Blue Dart Aviation,594,0.0,0.0,0.0,0.0,829.333,2025-07-01,Jul 2025
2025,7,Fly91,544,24901.0,69.98,11057.658,0.09877185110531178,821.333,2025-07-01,Jul 2025
2025,7,Flybig,257,928.0,19.47,255.95,0.003680987824815443,337.833,2025-07-01,Jul 2025
2025,7,IndiGo,53936,8215364.0,84.11,7615736.0,32.586912565115405,94420.82,2025-07-01,Jul 2025
2025,7,India One Air,457,2321.0,60.41,749.586,0.009206436143746383,618.0,2025-07-01,Jul 2025
2025,7,QuikJet Cargo,139,0.0,0.0,0.0,0.0,297.567,2025-07-01,Jul 2025
2025,7,SpiceJet,2298,246242.0,84.2,224286.004,0.976739012885996,3328.5,2025-07-01,Jul 2025
2025,7,Star Air,1305,63745.0,69.87,37312.742,0.2528497509621341,1732.55,2025-07-01,Jul 2025
2025,7,Total Domestic,89217,12605312.0,82.85,12210208.631,50.0,162530.918,2025-07-01,Jul 2025
2025,8,Air India,14249,1986947.0,81.9,2362940.189,7.672417567964876,34771.38,2025-08-01,Aug 2025
2025,8,Air India Express,10677,1552028.0,81.61,1519984.471,5.993016871196559,19833.833,2025-08-01,Aug 2025
2025,8,Akasa Air,4121,702582.0,90.97,863571.812,2.712957356052224,9397.35,2025-08-01,Aug 2025
2025,8,Alliance Air,966,37473.0,68.72,16441.751,0.14469862735359715,1361.0,2025-08-01,Aug 2025
2025,8,Blue Dart Aviation,582,0.0,0.0,0.0,0.0,805.083,2025-08-01,Aug 2025
2025,8,Fly91,563,28438.0,77.25,12510.133,0.10981078549039563,845.5,2025-08-01,Aug 2025
2025,8,Flybig,198,990.0,26.77,278.25,0.0038227961753812393,257.167,2025-08-01,Aug 2025
2025,8,IndiGo,53778,8314039.0,84.6,7709340.0,32.10391564764693,94002.433,2025-08-01,Aug 2025
2025,8,India One Air,426,2519.0,69.55,822.74,0.009726892490692264,584.667,2025-08-01,Aug 2025
2025,8,QuikJet Cargo,113,0.0,0.0,0.0,0.0,240.433,2025-08-01,Aug 2025
2025,8,SpiceJet,2330,261610.0,87.03,247695.219,1.0101835428701877,3453.833,2025-08-01,Aug 2025
2025,8,Star Air,1248,62011.0,72.45,34944.0,0.23944991275915758,1601.0,2025-08-01,Aug 2025
2025,8,Total Domestic,89251,12948637.0,84.09,12768528.565,50.0,167154.51,2025-08-01,Aug 2025
2025,9,Air India,14747,2008330.0,79.27,2202882.259,7.942118430272026,31354.28,2025-09-01,Sep 2025
2025,9,Air India Express,10342,1459007.0,79.72,1425534.0,5.769772091536699,19224.0,2025-09-01,Sep 2025
2025,9,Akasa Air,3857,664811.0,91.79,800331.39,2.6290538386358695,8756.583,2025-09-01,Sep 2025
2025,9,Alliance Air,1094,43562.0,66.87,17909.504,0.1722697779047816,1498.0,2025-09-01,Sep 2025
2025,9,Blue Dart Aviation,605,0.0,0.0,0.0,0.0,877.917,2025-09-01,Sep 2025
2025,9,Fly91,530,27367.0,77.96,12273.88,0.10822521950140392,671.767,2025-09-01,Sep 2025
2025,9,Flybig,163,610.0,20.07,188.295,0.002412298896329754,229.583,2025-09-01,Sep 2025
2025,9,IndiGo,54587,8127404.0,81.51,7578261.0,32.14053721184595,96481.467,2025-09-01,Sep 2025
2025,9,India One Air,442,2753.0,72.82,879.71,0.010886981740321006,600.333,2025-09-01,Sep 2025
2025,9,QuikJet Cargo,98,0.0,0.0,0.0,0.0,209.0,2025-09-01,Sep 2025
2025,9,SpiceJet,2267,244777.0,84.64,227801.523,0.9679922736834563,3349.667,2025-09-01,Sep 2025
2025,9,Star Air,1380,64920.0,65.24,36439.408,0.2567318759831601,1738.333,2025-09-01,Sep 2025
2025,9,Total Domestic,90112,12643541.0,81.44,12302500.969,50.0,164990.93,2025-09-01,Sep 2025
2025,10,Air India,15738,2056159.0,75.46,2210844.42,7.328718356178681,33034.14,2025-10-01,Oct 2025
2025,10,Air India Express,10964,1547851.0,80.05,1558409.991,5.516968306599599,20603.0,2025-10-01,Oct 2025
2025,10,Akasa Air,4230,724662.0,91.2,871232.444,2.5828954382541203,9572.617,2025-10-01,Oct 2025
2025,10,Alliance Air,701,29206.0,68.25,11936.501,0.10409824741693348,946.0,2025-10-01,Oct 2025
2025,10,Blue Dart Aviation,569,0.0,0.0,0.0,0.0,809.083,2025-10-01,Oct 2025
2025,10,Fly91,576,32953.0,86.11,14797.58,0.11745358991748986,737.0,2025-10-01,Oct 2025
2025,10,Flybig,78,275.0,21.45,109.921,0.0009801759241134256,122.5,2025-10-01,Oct 2025
2025,10,IndiGo,61364,9195792.0,82.39,8702094.0,32.776341532926715,108593.717,2025-10-01,Oct 2025
2025,10,India One Air,376,2702.0,82.32,893.294,0.009630673988925366,530.092,2025-10-01,Oct 2025
2025,10,QuikJet Cargo,95,0.0,0.0,0.0,0.0,201.65,2025-10-01,Oct 2025
2025,10,SpiceJet,2991,361639.0,82.25,368782.045,1.2889812400743823,4624.567,2025-10-01,Oct 2025
2025,10,Star Air,1414,76855.0,74.48,45384.747,0.2739324387190448,1825.667,2025-10-01,Oct 2025
2025,10,Total Domestic,99096,14028094.0,81.37,13784484.943,50.0,181600.032,2025-10-01,Oct 2025
2025,11,Air India,15602,2357226.0,89.08,2540645.968,7.735383495816599,32697.83,2025-11-01,Nov 2025
2025,11,Air India Express,11291,1717758.0,85.29,1751973.044,5.636929544730513,21526.617,2025-11-01,Nov 2025
2025,11,Akasa Air,4083,721879.0,93.81,847569.562,2.3688907650673254,9130.783,2025-11-01,Nov 2025
2025,11,Alliance Air,1415,57557.0,63.71,23728.087,0.18887686962078137,1938.0,2025-11-01,Nov 2025
2025,11,Blue Dart Aviation,580,0.0,0.0,0.0,0.0,791.417,2025-11-01,Nov 2025
2025,11,Fly91,583,33600.0,84.49,15146.54,0.11026048646139051,735.25,2025-11-01,Nov 2025
2025,11,IndiGo,59566,9692717.0,88.71,9218088.0,31.807252724779456,105678.817,2025-11-01,Nov 2025
2025,11,India One Air,424,3070.0,83.12,970.222,0.010074395637990145,508.667,2025-11-01,Nov 2025
2025,11,QuikJet Cargo,118,0.0,0.0,0.0,0.0,246.967,2025-11-01,Nov 2025
2025,11,SpiceJet,3956,566943.0,87.7,558744.142,1.8604586599964323,5951.05,2025-11-01,Nov 2025
2025,11,Star Air,1658,85896.0,72.87,50264.272,0.2818730578895119,2109.083,2025-11-01,Nov 2025
2025,11,Total Domestic,99276,15236646.0,88.47,15007129.837,50.0,181314.48,2025-11-01,Nov 2025
2025,12,Air India,15551,2389728.0,89.91,2544302.838,8.351905915660755,32452.94,2025-12-01,Dec 2025
2025,12,Air India Express,11528,1839572.0,88.9,1836271.023,6.429155229835313,21683.333,2025-12-01,Dec 2025
2025,12,Akasa Air,4117,739061.0,95.3,857367.266,2.582958369293138,9187.183,2025-12-01,Dec 2025
2025,12,Alliance Air,1276,57030.0,71.02,24556.386,0.1993152335203558,1773.0,2025-12-01,Dec 2025
2025,12,Blue Dart Aviation,576,0.0,0.0,0.0,0.0,816.917,2025-12-01,Dec 2025
2025,12,Fly91,631,37111.0,86.08,16863.72,0.1296999409288782,813.183,2025-12-01,Dec 2025
2025,12,IndiGo,53238,8522591.0,88.14,8207875.0,29.785765656031604,94623.567,2025-12-01,Dec 2025
2025,12,India One Air,457,3308.0,84.01,1012.272,0.011561192223134086,604.833,2025-12-01,Dec 2025
2025,12,QuikJet Cargo,147,0.0,0.0,0.0,0.0,317.733,2025-12-01,Dec 2025
2025,12,SpiceJet,4092,614339.0,87.45,606842.549,2.147065075322845,6265.4,2025-12-01,Dec 2025
2025,12,Star Air,1698,103743.0,79.91,59525.0,0.362573387183978,2121.25,2025-12-01,Dec 2025
2025,12,Total Domestic,93311,14306483.0,88.85,14154616.054,50.0,170659.34,2025-12-01,Dec 2025
2026,1,Air India,15435,2297474.0,86.57,2427786.768,7.534090876297977,32663.45,2026-01-01,Jan 2026
2026,1,Air India Express,11270,1736876.0,86.3,1728181.198,5.695725664299542,21145.333,2026-01-01,Jan 2026
2026,1,Akasa Air,4144,727727.0,93.21,844006.522,2.386430206015693,9326.35,2026-01-01,Jan 2026
2026,1,Alliance Air,1378,57459.0,64.77,24249.432,0.18842490825193473,1908.0,2026-01-01,Jan 2026
2026,1,Blue Dart Aviation,566,0.0,,0.0,,786.25,2026-01-01,Jan 2026
2026,1,Fly91,588,33186.0,82.84,15073.09,0.10882662429295159,781.7,2026-01-01,Jan 2026
2026,1,IndiGo,58905,9704113.0,87.67,9207043.0,31.82263181906067,105662.0,2026-01-01,Jan 2026
2026,1,India One Air,263,1573.0,69.45,521.73,0.005158328211077348,350.833,2026-01-01,Jan 2026
2026,1,QuikJet Cargo,37,0.0,,0.0,,84.383,2026-01-01,Jan 2026
2026,1,SpiceJet,4028,591582.0,85.89,604598.193,1.9399708326545195,6436.167,2026-01-01,Jan 2026
2026,1,Star Air,1618,97198.0,77.72,56163.341,0.31874074091563637,2063.667,2026-01-01,Jan 2026
2026,1,Total Domestic,98232,15247188.0,87.45,14907623.274,50.0,181208.133,2026-01-01,Jan 2026
2026,2,Air India,14477,2188779.0,88.37,2321263.226,7.781111894870368,30441.03,2026-02-01,Feb 2026
2026,2,Air India Express,10196,1605622.0,88.26,1616320.335,5.707988080507694,19249.867,2026-02-01,Feb 2026
2026,2,Akasa Air,3903,687287.0,93.32,804063.527,2.4433060856714044,8797.8,2026-02-01,Feb 2026
2026,2,Alliance Air,1309,53796.0,65.83,22518.46,0.19124484267093494,1786.0,2026-02-01,Feb 2026
2026,2,Blue Dart Aviation,572,0.0,,0.0,,806.083,2026-02-01,Feb 2026
2026,2,Fly91,467,24785.0,79.85,11479.48,0.08811070387387766,599.717,2026-02-01,Feb 2026
2026,2,IndiGo,53451,8870677.0,89.61,8463891.0,31.53526706910702,95760.383,2026-02-01,Feb 2026
2026,2,India One Air,354,1591.0,53.04,507.656,0.005656006853473446,452.667,2026-02-01,Feb 2026
2026,2,QuikJet Cargo,24,0.0,,0.0,,50.917,2026-02-01,Feb 2026
2026,2,SpiceJet,3691,554895.0,88.96,592014.487,1.972652371438182,5977.917,2026-02-01,Feb 2026
2026,2,Star Air,1250,77261.0,79.06,46840.264,0.2746629450070471,1599.167,2026-02-01,Feb 2026
2026,2,Total Domestic,89694,14064693.0,89.32,13878898.435,50.0,165521.547,2026-02-01,Feb 2026
2026,3,Air India,15759,2168434.0,81.58,2302689.77,7.545092739440898,32658.22,2026-03-01,Mar 2026
2026,3,Air India Express,10947,1604684.0,83.34,1604017.52,5.583517689492499,20419.383,2026-03-01,Mar 2026
2026,3,Akasa Air,4560,778132.0,90.54,919960.102,2.7075198523573345,10341.1,2026-03-01,Mar 2026
2026,3,Alliance Air,1214,45672.0,60.64,19769.918,0.158916285022161,1689.0,2026-03-01,Mar 2026
2026,3,Blue Dart Aviation,610,0.0,,0.0,,848.65,2026-03-01,Mar 2026
2026,3,Fly91,679,33059.0,72.89,15013.8,0.11502919658757271,862.167,2026-03-01,Mar 2026
2026,3,IndiGo,59494,9118668.0,83.47,8750157.0,31.728517317184686,106281.317,2026-03-01,Mar 2026
2026,3,India One Air,403,1750.0,51.11,557.99,0.006089146496513877,517.583,2026-03-01,Mar 2026
2026,3,QuikJet Cargo,21,0.0,,0.0,,44.983,2026-03-01,Mar 2026
2026,3,SpiceJet,3828,540882.0,82.84,568109.606,1.8820055630442392,6105.95,2026-03-01,Mar 2026
2026,3,Star Air,1477,78549.0,69.67,47210.0,0.2733122103740963,1901.0,2026-03-01,Mar 2026
2026,3,Total Domestic,98992,14369830.0,83.42,14227485.706,50.0,181669.353,2026-03-01,Mar 2026
2026,4,Air India,15082,1949625.0,76.79,2067622.633,7.0562829066995905,31209.58,2026-04-01,Apr 2026
2026,4,Air India Express,10265,1460627.0,80.97,1451110.768,5.286451155049767,19013.45,2026-04-01,Apr 2026
2026,4,Akasa Air,4593,791273.0,91.74,953359.505,2.8638564567200895,10543.833,2026-04-01,Apr 2026
2026,4,Alliance Air,1156,42677.0,61.15,18243.581,0.15446097870576053,1575.0,2026-04-01,Apr 2026
2026,4,Blue Dart Aviation,556,0.0,,0.0,,754.633,2026-04-01,Apr 2026
2026,4,Fly91,845,38616.0,65.67,16566.87,0.13976299069057452,1006.317,2026-04-01,Apr 2026
2026,4,IndiGo,59264,8978789.0,82.71,8635297.0,32.496954718759916,105953.33,2026-04-01,Apr 2026
2026,4,India One Air,383,1687.0,51.99,539.168,0.006105763551248168,492.833,2026-04-01,Apr 2026
2026,4,QuikJet Cargo,73,0.0,,0.0,,156.517,2026-04-01,Apr 2026
2026,4,SpiceJet,3422,473750.0,80.74,505680.233,1.714644625017083,5526.083,2026-04-01,Apr 2026
2026,4,Star Air,1444,77772.0,72.26,46113.224,0.2814804048059706,1819.0,2026-04-01,Apr 2026
2026,4,Total Domestic,97083,13814816.0,81.95,13694532.982,50.0,178050.577,2026-04-01,Apr 2026
