Date,Airline,OTP,Year,Month,MonthName
2021-07-29,Air Asia,,2021,7,Jul
2021-07-30,Air Asia,,2021,7,Jul
2021-08-03,Air Asia,,2021,8,Aug
2021-08-04,Air Asia,,2021,8,Aug
2021-08-05,Air Asia,,2021,8,Aug
2021-08-06,Air Asia,,2021,8,Aug
2021-08-07,Air Asia,,2021,8,Aug
2021-08-09,Air Asia,,2021,8,Aug
2021-08-10,Air Asia,,2021,8,Aug
2021-08-12,Air Asia,,2021,8,Aug
2021-08-13,Air Asia,,2021,8,Aug
2021-08-14,Air Asia,,2021,8,Aug
2021-08-15,Air Asia,,2021,8,Aug
2021-08-16,Air Asia,,2021,8,Aug
2021-08-17,Air Asia,,2021,8,Aug
2021-08-18,Air Asia,,2021,8,Aug
2021-08-19,Air Asia,,2021,8,Aug
2021-08-20,Air Asia,,2021,8,Aug
2021-08-21,Air Asia,,2021,8,Aug
2021-08-22,Air Asia,,2021,8,Aug
2021-08-26,Air Asia,,2021,8,Aug
2021-08-27,Air Asia,,2021,8,Aug
2021-08-28,Air Asia,,2021,8,Aug
2021-08-29,Air Asia,,2021,8,Aug
2021-09-17,Air Asia,,2021,9,Sep
2021-09-24,Air Asia,,2021,9,Sep
2021-09-26,Air Asia,,2021,9,Sep
2021-09-27,Air Asia,,2021,9,Sep
2021-09-29,Air Asia,,2021,9,Sep
2021-10-01,Air Asia,,2021,10,Oct
2021-10-02,Air Asia,,2021,10,Oct
2021-10-03,Air Asia,,2021,10,Oct
2021-10-04,Air Asia,,2021,10,Oct
2021-10-07,Air Asia,,2021,10,Oct
2021-10-15,Air Asia,,2021,10,Oct
2021-10-09,Air Asia,,2021,10,Oct
2021-10-18,Air Asia,,2021,10,Oct
2021-10-26,Air Asia,,2021,10,Oct
2021-10-27,Air Asia,,2021,10,Oct
2021-11-05,Air Asia,,2021,11,Nov
2021-11-07,Air Asia,,2021,11,Nov
2021-11-08,Air Asia,,2021,11,Nov
2021-11-15,Air Asia,,2021,11,Nov
2021-11-27,Air Asia,,2021,11,Nov
2021-11-29,Air Asia,,2021,11,Nov
2021-12-13,Air Asia,,2021,12,Dec
2021-12-26,Air Asia,,2021,12,Dec
2021-12-27,Air Asia,,2021,12,Dec
2021-12-28,Air Asia,,2021,12,Dec
2021-12-29,Air Asia,,2021,12,Dec
2021-12-30,Air Asia,,2021,12,Dec
2021-12-31,Air Asia,,2021,12,Dec
2022-01-01,Air Asia,,2022,1,Jan
2022-01-02,Air Asia,,2022,1,Jan
2022-01-03,Air Asia,,2022,1,Jan
2022-01-04,Air Asia,,2022,1,Jan
2022-01-06,Air Asia,,2022,1,Jan
2022-01-05,Air Asia,,2022,1,Jan
2022-01-07,Air Asia,,2022,1,Jan
2022-01-08,Air Asia,,2022,1,Jan
2022-01-09,Air Asia,,2022,1,Jan
2022-01-10,Air Asia,,2022,1,Jan
2022-01-11,Air Asia,,2022,1,Jan
2022-01-12,Air Asia,,2022,1,Jan
2022-01-13,Air Asia,,2022,1,Jan
2022-01-14,Air Asia,,2022,1,Jan
2022-01-15,Air Asia,,2022,1,Jan
2022-01-16,Air Asia,,2022,1,Jan
2022-01-17,Air Asia,,2022,1,Jan
2022-01-19,Air Asia,,2022,1,Jan
2022-01-18,Air Asia,,2022,1,Jan
2022-01-20,Air Asia,,2022,1,Jan
2022-01-21,Air Asia,,2022,1,Jan
2022-01-22,Air Asia,,2022,1,Jan
2022-01-23,Air Asia,,2022,1,Jan
2022-01-24,Air Asia,,2022,1,Jan
2022-01-25,Air Asia,,2022,1,Jan
2022-01-26,Air Asia,,2022,1,Jan
2022-01-27,Air Asia,,2022,1,Jan
2022-01-28,Air Asia,,2022,1,Jan
2022-01-29,Air Asia,,2022,1,Jan
2022-01-30,Air Asia,,2022,1,Jan
2022-01-31,Air Asia,,2022,1,Jan
2022-02-01,Air Asia,,2022,2,Feb
2022-02-02,Air Asia,,2022,2,Feb
2022-02-03,Air Asia,,2022,2,Feb
2022-02-04,Air Asia,,2022,2,Feb
2022-02-05,Air Asia,,2022,2,Feb
2022-02-06,Air Asia,,2022,2,Feb
2022-02-07,Air Asia,,2022,2,Feb
2022-02-08,Air Asia,,2022,2,Feb
2022-02-09,Air Asia,,2022,2,Feb
2022-02-10,Air Asia,,2022,2,Feb
2022-02-12,Air Asia,,2022,2,Feb
2022-02-11,Air Asia,,2022,2,Feb
2022-02-13,Air Asia,,2022,2,Feb
2022-02-14,Air Asia,,2022,2,Feb
2022-02-15,Air Asia,,2022,2,Feb
2022-02-17,Air Asia,,2022,2,Feb
2022-02-16,Air Asia,,2022,2,Feb
2022-02-18,Air Asia,,2022,2,Feb
2022-02-19,Air Asia,,2022,2,Feb
2022-02-21,Air Asia,,2022,2,Feb
2022-02-23,Air Asia,,2022,2,Feb
2022-02-24,Air Asia,,2022,2,Feb
2022-02-25,Air Asia,,2022,2,Feb
2022-02-26,Air Asia,,2022,2,Feb
2022-03-01,Air Asia,,2022,3,Mar
2022-03-02,Air Asia,,2022,3,Mar
2022-03-06,Air Asia,,2022,3,Mar
2022-03-10,Air Asia,,2022,3,Mar
2022-03-11,Air Asia,,2022,3,Mar
2022-03-14,Air Asia,,2022,3,Mar
2022-03-18,Air Asia,,2022,3,Mar
2022-03-19,Air Asia,,2022,3,Mar
2022-03-20,Air Asia,,2022,3,Mar
2022-03-21,Air Asia,,2022,3,Mar
2022-03-22,Air Asia,,2022,3,Mar
2022-03-23,Air Asia,,2022,3,Mar
2022-03-25,Air Asia,,2022,3,Mar
2022-03-26,Air Asia,,2022,3,Mar
2022-03-27,Air Asia,,2022,3,Mar
2022-03-28,Air Asia,,2022,3,Mar
2022-03-31,Air Asia,,2022,3,Mar
2022-04-01,Air Asia,,2022,4,Apr
2022-04-03,Air Asia,,2022,4,Apr
2022-04-04,Air Asia,,2022,4,Apr
2022-04-06,Air Asia,,2022,4,Apr
2022-04-05,Air Asia,,2022,4,Apr
2022-04-07,Air Asia,,2022,4,Apr
2022-04-08,Air Asia,,2022,4,Apr
2022-04-09,Air Asia,,2022,4,Apr
2022-04-10,Air Asia,,2022,4,Apr
2022-04-11,Air Asia,,2022,4,Apr
2022-04-13,Air Asia,,2022,4,Apr
2022-04-21,Air Asia,,2022,4,Apr
2022-04-30,Air Asia,,2022,4,Apr
2022-05-11,Air Asia,,2022,5,May
2022-05-13,Air Asia,,2022,5,May
2022-05-14,Air Asia,,2022,5,May
2022-05-15,Air Asia,,2022,5,May
2022-05-16,Air Asia,,2022,5,May
2022-06-02,Air Asia,,2022,6,Jun
2022-11-29,Air Asia,,2022,11,Nov
2022-12-03,Air Asia,,2022,12,Dec
2023-01-03,Air Asia,,2023,1,Jan
2023-01-07,Air Asia,,2023,1,Jan
2023-02-01,Air Asia,,2023,2,Feb
2023-02-02,Air Asia,,2023,2,Feb
2023-02-19,Air Asia,,2023,2,Feb
2023-02-18,Air Asia,,2023,2,Feb
2023-03-04,Air Asia,,2023,3,Mar
2023-03-05,Air Asia,,2023,3,Mar
2023-03-06,Air Asia,,2023,3,Mar
2023-03-09,Air Asia,,2023,3,Mar
2023-03-10,Air Asia,,2023,3,Mar
2023-03-11,Air Asia,,2023,3,Mar
2023-03-12,Air Asia,,2023,3,Mar
2023-03-13,Air Asia,,2023,3,Mar
2023-03-14,Air Asia,,2023,3,Mar
2023-03-15,Air Asia,,2023,3,Mar
2023-03-17,Air Asia,,2023,3,Mar
2023-03-18,Air Asia,,2023,3,Mar
2023-03-19,Air Asia,,2023,3,Mar
2023-03-20,Air Asia,,2023,3,Mar
2023-03-21,Air Asia,,2023,3,Mar
2023-03-22,Air Asia,,2023,3,Mar
2023-03-23,Air Asia,,2023,3,Mar
2023-03-24,Air Asia,,2023,3,Mar
2023-03-25,Air Asia,,2023,3,Mar
2023-03-26,Air Asia,,2023,3,Mar
2023-03-27,Air Asia,,2023,3,Mar
2023-03-28,Air Asia,,2023,3,Mar
2023-03-29,Air Asia,,2023,3,Mar
2023-03-30,Air Asia,,2023,3,Mar
2023-03-31,Air Asia,,2023,3,Mar
2023-04-01,Air Asia,,2023,4,Apr
2023-04-02,Air Asia,,2023,4,Apr
2023-04-03,Air Asia,,2023,4,Apr
2023-04-04,Air Asia,,2023,4,Apr
2023-04-05,Air Asia,,2023,4,Apr
2023-04-06,Air Asia,,2023,4,Apr
2023-04-07,Air Asia,,2023,4,Apr
2023-04-08,Air Asia,,2023,4,Apr
2023-04-09,Air Asia,,2023,4,Apr
2023-04-10,Air Asia,,2023,4,Apr
2023-04-11,Air Asia,,2023,4,Apr
2023-04-12,Air Asia,,2023,4,Apr
2023-04-14,Air Asia,,2023,4,Apr
2023-04-15,Air Asia,,2023,4,Apr
2023-04-16,Air Asia,,2023,4,Apr
2023-04-17,Air Asia,,2023,4,Apr
2023-04-18,Air Asia,,2023,4,Apr
2023-04-19,Air Asia,,2023,4,Apr
2023-04-20,Air Asia,,2023,4,Apr
2023-04-21,Air Asia,,2023,4,Apr
2023-04-22,Air Asia,,2023,4,Apr
2023-04-23,Air Asia,,2023,4,Apr
2023-04-24,Air Asia,,2023,4,Apr
2023-04-25,Air Asia,,2023,4,Apr
2023-04-26,Air Asia,,2023,4,Apr
2023-04-27,Air Asia,,2023,4,Apr
2023-04-28,Air Asia,,2023,4,Apr
2023-04-29,Air Asia,,2023,4,Apr
2023-04-30,Air Asia,,2023,4,Apr
2023-05-01,Air Asia,,2023,5,May
2023-05-02,Air Asia,,2023,5,May
2023-05-03,Air Asia,,2023,5,May
2023-05-04,Air Asia,,2023,5,May
2023-05-05,Air Asia,,2023,5,May
2023-05-06,Air Asia,,2023,5,May
2023-05-07,Air Asia,,2023,5,May
2023-05-08,Air Asia,,2023,5,May
2023-05-09,Air Asia,,2023,5,May
2023-05-10,Air Asia,,2023,5,May
2023-05-11,Air Asia,,2023,5,May
2023-05-12,Air Asia,,2023,5,May
2023-05-13,Air Asia,,2023,5,May
2023-05-14,Air Asia,,2023,5,May
2023-05-15,Air Asia,,2023,5,May
2023-05-16,Air Asia,,2023,5,May
2023-05-17,Air Asia,,2023,5,May
2023-05-18,Air Asia,,2023,5,May
2023-05-19,Air Asia,,2023,5,May
2023-05-20,Air Asia,,2023,5,May
2023-05-21,Air Asia,,2023,5,May
2023-05-22,Air Asia,,2023,5,May
2023-05-23,Air Asia,,2023,5,May
2023-05-24,Air Asia,,2023,5,May
2023-05-25,Air Asia,,2023,5,May
2023-05-26,Air Asia,,2023,5,May
2023-05-27,Air Asia,,2023,5,May
2023-05-28,Air Asia,,2023,5,May
2023-05-29,Air Asia,,2023,5,May
2023-05-30,Air Asia,,2023,5,May
2023-05-31,Air Asia,,2023,5,May
2023-06-02,Air Asia,,2023,6,Jun
2023-06-03,Air Asia,,2023,6,Jun
2023-06-04,Air Asia,,2023,6,Jun
2023-06-05,Air Asia,,2023,6,Jun
2023-06-06,Air Asia,,2023,6,Jun
2023-06-07,Air Asia,,2023,6,Jun
2023-06-08,Air Asia,,2023,6,Jun
2023-06-09,Air Asia,,2023,6,Jun
2023-06-10,Air Asia,,2023,6,Jun
2023-06-11,Air Asia,,2023,6,Jun
2023-06-12,Air Asia,,2023,6,Jun
2023-06-13,Air Asia,,2023,6,Jun
2023-06-14,Air Asia,,2023,6,Jun
2023-06-15,Air Asia,,2023,6,Jun
2023-06-16,Air Asia,,2023,6,Jun
2023-06-17,Air Asia,,2023,6,Jun
2023-06-18,Air Asia,,2023,6,Jun
2023-06-19,Air Asia,,2023,6,Jun
2023-06-23,Air Asia,,2023,6,Jun
2023-06-24,Air Asia,,2023,6,Jun
2023-06-25,Air Asia,,2023,6,Jun
2023-06-26,Air Asia,,2023,6,Jun
2023-06-27,Air Asia,,2023,6,Jun
2023-06-28,Air Asia,,2023,6,Jun
2023-06-29,Air Asia,,2023,6,Jun
2023-06-30,Air Asia,,2023,6,Jun
2023-07-01,Air Asia,,2023,7,Jul
2023-07-02,Air Asia,,2023,7,Jul
2023-07-03,Air Asia,,2023,7,Jul
2023-07-04,Air Asia,,2023,7,Jul
2023-07-05,Air Asia,,2023,7,Jul
2023-07-08,Air Asia,,2023,7,Jul
2023-07-09,Air Asia,,2023,7,Jul
2023-07-10,Air Asia,,2023,7,Jul
2023-07-11,Air Asia,,2023,7,Jul
2023-07-12,Air Asia,,2023,7,Jul
2023-07-13,Air Asia,,2023,7,Jul
2023-07-14,Air Asia,,2023,7,Jul
2023-07-15,Air Asia,,2023,7,Jul
2023-07-17,Air Asia,,2023,7,Jul
2023-07-18,Air Asia,,2023,7,Jul
2023-07-19,Air Asia,,2023,7,Jul
2023-07-20,Air Asia,,2023,7,Jul
2023-07-21,Air Asia,,2023,7,Jul
2023-07-22,Air Asia,,2023,7,Jul
2023-07-23,Air Asia,,2023,7,Jul
2023-07-24,Air Asia,,2023,7,Jul
2023-07-25,Air Asia,,2023,7,Jul
2023-07-26,Air Asia,,2023,7,Jul
2023-07-27,Air Asia,,2023,7,Jul
2023-07-28,Air Asia,,2023,7,Jul
2023-07-29,Air Asia,,2023,7,Jul
2023-07-30,Air Asia,,2023,7,Jul
2023-07-31,Air Asia,,2023,7,Jul
2023-08-01,Air Asia,,2023,8,Aug
2023-08-02,Air Asia,,2023,8,Aug
2023-08-03,Air Asia,,2023,8,Aug
2023-08-04,Air Asia,,2023,8,Aug
2023-08-05,Air Asia,,2023,8,Aug
2023-08-06,Air Asia,,2023,8,Aug
2023-08-07,Air Asia,,2023,8,Aug
2023-08-08,Air Asia,,2023,8,Aug
2023-08-09,Air Asia,,2023,8,Aug
2023-08-10,Air Asia,,2023,8,Aug
2023-08-11,Air Asia,,2023,8,Aug
2023-08-13,Air Asia,,2023,8,Aug
2023-08-14,Air Asia,,2023,8,Aug
2023-08-15,Air Asia,,2023,8,Aug
2023-08-28,Air Asia,,2023,8,Aug
2023-09-20,Air Asia,,2023,9,Sep
2023-10-13,Air Asia,,2023,10,Oct
2023-10-14,Air Asia,,2023,10,Oct
2023-10-15,Air Asia,,2023,10,Oct
2023-10-16,Air Asia,,2023,10,Oct
2023-10-17,Air Asia,,2023,10,Oct
2023-10-18,Air Asia,,2023,10,Oct
2023-10-19,Air Asia,,2023,10,Oct
2023-10-20,Air Asia,,2023,10,Oct
2023-10-21,Air Asia,,2023,10,Oct
2023-10-22,Air Asia,,2023,10,Oct
2023-10-23,Air Asia,,2023,10,Oct
2023-10-24,Air Asia,,2023,10,Oct
2023-10-25,Air Asia,,2023,10,Oct
2023-10-26,Air Asia,,2023,10,Oct
2023-10-27,Air Asia,,2023,10,Oct
2023-10-28,Air Asia,,2023,10,Oct
2023-10-29,Air Asia,,2023,10,Oct
2023-10-30,Air Asia,,2023,10,Oct
2023-10-31,Air Asia,,2023,10,Oct
2023-11-01,Air Asia,,2023,11,Nov
2023-11-02,Air Asia,,2023,11,Nov
2023-11-04,Air Asia,,2023,11,Nov
2023-11-05,Air Asia,,2023,11,Nov
2023-11-06,Air Asia,,2023,11,Nov
2023-11-07,Air Asia,,2023,11,Nov
2023-11-08,Air Asia,,2023,11,Nov
2023-11-09,Air Asia,,2023,11,Nov
2023-11-10,Air Asia,,2023,11,Nov
2023-11-11,Air Asia,,2023,11,Nov
2023-11-12,Air Asia,,2023,11,Nov
2023-11-13,Air Asia,,2023,11,Nov
2023-11-14,Air Asia,,2023,11,Nov
2023-11-15,Air Asia,,2023,11,Nov
2023-11-16,Air Asia,,2023,11,Nov
2023-11-17,Air Asia,,2023,11,Nov
2023-11-18,Air Asia,,2023,11,Nov
2023-11-19,Air Asia,,2023,11,Nov
2023-11-20,Air Asia,,2023,11,Nov
2023-11-21,Air Asia,,2023,11,Nov
2023-11-22,Air Asia,,2023,11,Nov
2023-11-23,Air Asia,,2023,11,Nov
2023-11-25,Air Asia,,2023,11,Nov
2023-11-27,Air Asia,,2023,11,Nov
2023-11-26,Air Asia,,2023,11,Nov
2023-11-28,Air Asia,,2023,11,Nov
2023-11-30,Air Asia,,2023,11,Nov
2023-12-01,Air Asia,,2023,12,Dec
2023-12-02,Air Asia,,2023,12,Dec
2023-12-03,Air Asia,,2023,12,Dec
2023-12-04,Air Asia,,2023,12,Dec
2023-12-06,Air Asia,,2023,12,Dec
2023-12-07,Air Asia,,2023,12,Dec
2023-12-08,Air Asia,,2023,12,Dec
2023-12-10,Air Asia,,2023,12,Dec
2023-12-11,Air Asia,,2023,12,Dec
2023-12-13,Air Asia,,2023,12,Dec
2023-12-14,Air Asia,,2023,12,Dec
2023-12-12,Air Asia,,2023,12,Dec
2023-12-15,Air Asia,,2023,12,Dec
2023-12-16,Air Asia,,2023,12,Dec
2023-12-18,Air Asia,,2023,12,Dec
2023-12-19,Air Asia,,2023,12,Dec
2023-12-20,Air Asia,,2023,12,Dec
2023-12-21,Air Asia,,2023,12,Dec
2023-12-22,Air Asia,,2023,12,Dec
2023-12-25,Air Asia,,2023,12,Dec
2023-12-23,Air Asia,,2023,12,Dec
2023-12-26,Air Asia,,2023,12,Dec
2023-12-28,Air Asia,,2023,12,Dec
2023-12-27,Air Asia,,2023,12,Dec
2023-12-29,Air Asia,,2023,12,Dec
2023-12-30,Air Asia,,2023,12,Dec
2023-12-31,Air Asia,,2023,12,Dec
2024-01-01,Air Asia,,2024,1,Jan
2024-01-02,Air Asia,,2024,1,Jan
2024-01-03,Air Asia,,2024,1,Jan
2024-01-04,Air Asia,,2024,1,Jan
2024-01-05,Air Asia,,2024,1,Jan
2024-01-06,Air Asia,,2024,1,Jan
2024-01-07,Air Asia,,2024,1,Jan
2024-01-08,Air Asia,,2024,1,Jan
2024-01-09,Air Asia,,2024,1,Jan
2024-01-10,Air Asia,,2024,1,Jan
2024-01-11,Air Asia,,2024,1,Jan
2024-01-12,Air Asia,,2024,1,Jan
2024-01-13,Air Asia,,2024,1,Jan
2024-01-14,Air Asia,,2024,1,Jan
2024-01-15,Air Asia,,2024,1,Jan
2024-01-16,Air Asia,,2024,1,Jan
2024-01-17,Air Asia,,2024,1,Jan
2024-01-18,Air Asia,,2024,1,Jan
2024-01-19,Air Asia,,2024,1,Jan
2024-01-20,Air Asia,,2024,1,Jan
2024-01-21,Air Asia,,2024,1,Jan
2024-01-22,Air Asia,,2024,1,Jan
2024-01-23,Air Asia,,2024,1,Jan
2024-01-24,Air Asia,,2024,1,Jan
2024-01-25,Air Asia,,2024,1,Jan
2024-01-26,Air Asia,,2024,1,Jan
2024-01-27,Air Asia,,2024,1,Jan
2024-01-28,Air Asia,,2024,1,Jan
2024-01-29,Air Asia,,2024,1,Jan
2024-01-30,Air Asia,,2024,1,Jan
2024-01-31,Air Asia,,2024,1,Jan
2024-02-01,Air Asia,,2024,2,Feb
2024-02-02,Air Asia,,2024,2,Feb
2024-02-03,Air Asia,,2024,2,Feb
2024-02-04,Air Asia,,2024,2,Feb
2024-02-05,Air Asia,,2024,2,Feb
2024-02-06,Air Asia,,2024,2,Feb
2024-02-07,Air Asia,,2024,2,Feb
2024-02-08,Air Asia,,2024,2,Feb
2024-02-09,Air Asia,,2024,2,Feb
2024-02-10,Air Asia,,2024,2,Feb
2024-02-11,Air Asia,,2024,2,Feb
2024-02-12,Air Asia,,2024,2,Feb
2024-02-13,Air Asia,,2024,2,Feb
2024-02-14,Air Asia,,2024,2,Feb
2024-02-15,Air Asia,,2024,2,Feb
2024-02-16,Air Asia,,2024,2,Feb
2024-02-17,Air Asia,,2024,2,Feb
2024-02-18,Air Asia,,2024,2,Feb
2024-02-19,Air Asia,,2024,2,Feb
2024-02-21,Air Asia,,2024,2,Feb
2024-02-22,Air Asia,,2024,2,Feb
2024-02-23,Air Asia,,2024,2,Feb
2024-02-24,Air Asia,,2024,2,Feb
2024-02-25,Air Asia,,2024,2,Feb
2024-02-26,Air Asia,,2024,2,Feb
2024-02-27,Air Asia,,2024,2,Feb
2024-02-28,Air Asia,,2024,2,Feb
2024-02-29,Air Asia,,2024,2,Feb
2024-03-01,Air Asia,,2024,3,Mar
2024-03-02,Air Asia,,2024,3,Mar
2024-03-03,Air Asia,,2024,3,Mar
2024-03-04,Air Asia,,2024,3,Mar
2024-03-05,Air Asia,,2024,3,Mar
2024-03-06,Air Asia,,2024,3,Mar
2024-03-07,Air Asia,,2024,3,Mar
2024-03-08,Air Asia,,2024,3,Mar
2024-03-09,Air Asia,,2024,3,Mar
2024-03-10,Air Asia,,2024,3,Mar
2024-03-11,Air Asia,,2024,3,Mar
2024-03-12,Air Asia,,2024,3,Mar
2024-03-13,Air Asia,,2024,3,Mar
2024-03-14,Air Asia,,2024,3,Mar
2024-03-15,Air Asia,,2024,3,Mar
2024-03-16,Air Asia,,2024,3,Mar
2024-03-17,Air Asia,,2024,3,Mar
2024-03-18,Air Asia,,2024,3,Mar
2024-03-19,Air Asia,,2024,3,Mar
2024-03-20,Air Asia,,2024,3,Mar
2024-03-21,Air Asia,,2024,3,Mar
2024-03-22,Air Asia,,2024,3,Mar
2024-03-24,Air Asia,,2024,3,Mar
2024-03-25,Air Asia,,2024,3,Mar
2024-03-26,Air Asia,,2024,3,Mar
2024-03-27,Air Asia,,2024,3,Mar
2024-03-28,Air Asia,,2024,3,Mar
2024-03-29,Air Asia,,2024,3,Mar
2024-03-30,Air Asia,,2024,3,Mar
2024-03-31,Air Asia,,2024,3,Mar
2024-04-01,Air Asia,,2024,4,Apr
2024-04-02,Air Asia,,2024,4,Apr
2024-04-03,Air Asia,,2024,4,Apr
2024-04-04,Air Asia,,2024,4,Apr
2024-04-05,Air Asia,,2024,4,Apr
2024-04-06,Air Asia,,2024,4,Apr
2024-04-07,Air Asia,,2024,4,Apr
2024-04-08,Air Asia,,2024,4,Apr
2024-04-09,Air Asia,,2024,4,Apr
2024-04-10,Air Asia,,2024,4,Apr
2024-04-11,Air Asia,,2024,4,Apr
2024-04-12,Air Asia,,2024,4,Apr
2024-04-13,Air Asia,,2024,4,Apr
2024-04-14,Air Asia,,2024,4,Apr
2024-04-15,Air Asia,,2024,4,Apr
2024-04-16,Air Asia,,2024,4,Apr
2024-04-17,Air Asia,,2024,4,Apr
2024-04-18,Air Asia,,2024,4,Apr
2024-04-19,Air Asia,,2024,4,Apr
2024-04-20,Air Asia,,2024,4,Apr
2024-04-21,Air Asia,,2024,4,Apr
2024-04-22,Air Asia,,2024,4,Apr
2024-04-24,Air Asia,,2024,4,Apr
2024-04-25,Air Asia,,2024,4,Apr
2024-04-26,Air Asia,,2024,4,Apr
2024-04-27,Air Asia,,2024,4,Apr
2024-04-28,Air Asia,,2024,4,Apr
2024-04-30,Air Asia,,2024,4,Apr
2024-05-01,Air Asia,,2024,5,May
2024-05-02,Air Asia,,2024,5,May
2024-05-03,Air Asia,,2024,5,May
2024-05-04,Air Asia,,2024,5,May
2024-05-05,Air Asia,,2024,5,May
2024-05-06,Air Asia,,2024,5,May
2024-05-07,Air Asia,,2024,5,May
2024-05-08,Air Asia,,2024,5,May
2024-05-09,Air Asia,,2024,5,May
2024-05-10,Air Asia,,2024,5,May
2024-05-11,Air Asia,,2024,5,May
2024-05-12,Air Asia,,2024,5,May
2024-05-13,Air Asia,,2024,5,May
2024-05-14,Air Asia,,2024,5,May
2024-05-15,Air Asia,,2024,5,May
2024-05-16,Air Asia,,2024,5,May
2024-05-17,Air Asia,,2024,5,May
2024-05-18,Air Asia,,2024,5,May
2024-05-19,Air Asia,,2024,5,May
2024-05-20,Air Asia,,2024,5,May
2024-05-22,Air Asia,,2024,5,May
2024-05-23,Air Asia,,2024,5,May
2024-05-24,Air Asia,,2024,5,May
2024-05-25,Air Asia,,2024,5,May
2024-05-26,Air Asia,,2024,5,May
2024-05-27,Air Asia,,2024,5,May
2024-05-28,Air Asia,,2024,5,May
2024-05-29,Air Asia,,2024,5,May
2024-05-30,Air Asia,,2024,5,May
2024-05-31,Air Asia,,2024,5,May
2024-06-01,Air Asia,,2024,6,Jun
2024-06-02,Air Asia,,2024,6,Jun
2024-06-04,Air Asia,,2024,6,Jun
2024-06-05,Air Asia,,2024,6,Jun
2024-06-06,Air Asia,,2024,6,Jun
2024-06-07,Air Asia,,2024,6,Jun
2024-06-08,Air Asia,,2024,6,Jun
2024-06-09,Air Asia,,2024,6,Jun
2024-06-10,Air Asia,,2024,6,Jun
2024-06-11,Air Asia,,2024,6,Jun
2024-06-12,Air Asia,,2024,6,Jun
2024-06-13,Air Asia,,2024,6,Jun
2024-06-14,Air Asia,,2024,6,Jun
2024-06-15,Air Asia,,2024,6,Jun
2024-06-16,Air Asia,,2024,6,Jun
2024-06-17,Air Asia,,2024,6,Jun
2024-06-18,Air Asia,,2024,6,Jun
2024-06-19,Air Asia,,2024,6,Jun
2024-06-20,Air Asia,,2024,6,Jun
2024-06-21,Air Asia,,2024,6,Jun
2024-06-22,Air Asia,,2024,6,Jun
2024-06-23,Air Asia,,2024,6,Jun
2024-06-24,Air Asia,,2024,6,Jun
2024-06-25,Air Asia,,2024,6,Jun
2024-06-26,Air Asia,,2024,6,Jun
2024-06-29,Air Asia,,2024,6,Jun
2024-07-01,Air Asia,,2024,7,Jul
2024-07-02,Air Asia,,2024,7,Jul
2024-07-03,Air Asia,,2024,7,Jul
2024-07-04,Air Asia,,2024,7,Jul
2024-07-05,Air Asia,,2024,7,Jul
2024-07-06,Air Asia,,2024,7,Jul
2024-07-07,Air Asia,,2024,7,Jul
2024-07-08,Air Asia,,2024,7,Jul
2024-07-09,Air Asia,,2024,7,Jul
2024-07-10,Air Asia,,2024,7,Jul
2024-07-11,Air Asia,,2024,7,Jul
2024-07-12,Air Asia,,2024,7,Jul
2024-07-13,Air Asia,,2024,7,Jul
2024-07-14,Air Asia,,2024,7,Jul
2024-07-15,Air Asia,,2024,7,Jul
2024-07-16,Air Asia,,2024,7,Jul
2024-07-17,Air Asia,,2024,7,Jul
2024-07-18,Air Asia,,2024,7,Jul
2024-07-19,Air Asia,,2024,7,Jul
2024-07-20,Air Asia,,2024,7,Jul
2024-07-21,Air Asia,,2024,7,Jul
2024-07-22,Air Asia,,2024,7,Jul
2024-07-23,Air Asia,,2024,7,Jul
2024-07-24,Air Asia,,2024,7,Jul
2024-07-25,Air Asia,,2024,7,Jul
2024-07-26,Air Asia,,2024,7,Jul
2024-07-27,Air Asia,,2024,7,Jul
2024-07-28,Air Asia,,2024,7,Jul
2024-07-30,Air Asia,,2024,7,Jul
2024-07-31,Air Asia,,2024,7,Jul
2024-08-01,Air Asia,,2024,8,Aug
2024-08-03,Air Asia,,2024,8,Aug
2024-08-04,Air Asia,,2024,8,Aug
2024-08-05,Air Asia,,2024,8,Aug
2024-08-06,Air Asia,,2024,8,Aug
2024-08-07,Air Asia,,2024,8,Aug
2024-08-08,Air Asia,,2024,8,Aug
2024-08-09,Air Asia,,2024,8,Aug
2024-08-10,Air Asia,,2024,8,Aug
2024-08-11,Air Asia,,2024,8,Aug
2024-08-12,Air Asia,,2024,8,Aug
2024-08-13,Air Asia,,2024,8,Aug
2024-08-14,Air Asia,,2024,8,Aug
2024-08-15,Air Asia,,2024,8,Aug
2024-08-16,Air Asia,,2024,8,Aug
2024-08-17,Air Asia,,2024,8,Aug
2024-08-18,Air Asia,,2024,8,Aug
2024-08-19,Air Asia,,2024,8,Aug
2024-08-29,Air Asia,,2024,8,Aug
2024-08-30,Air Asia,,2024,8,Aug
2024-08-31,Air Asia,,2024,8,Aug
2024-09-01,Air Asia,,2024,9,Sep
2024-09-02,Air Asia,,2024,9,Sep
2024-09-03,Air Asia,,2024,9,Sep
2024-09-04,Air Asia,,2024,9,Sep
2024-09-05,Air Asia,,2024,9,Sep
2024-09-06,Air Asia,,2024,9,Sep
2024-09-07,Air Asia,,2024,9,Sep
2024-09-08,Air Asia,,2024,9,Sep
2024-09-09,Air Asia,,2024,9,Sep
2024-09-10,Air Asia,,2024,9,Sep
2024-09-12,Air Asia,,2024,9,Sep
2024-09-11,Air Asia,,2024,9,Sep
2024-09-13,Air Asia,,2024,9,Sep
2024-09-14,Air Asia,,2024,9,Sep
2024-09-15,Air Asia,,2024,9,Sep
2024-09-16,Air Asia,,2024,9,Sep
2024-09-17,Air Asia,,2024,9,Sep
2024-09-18,Air Asia,,2024,9,Sep
2024-09-19,Air Asia,,2024,9,Sep
2024-09-20,Air Asia,,2024,9,Sep
2024-09-21,Air Asia,,2024,9,Sep
2024-09-22,Air Asia,,2024,9,Sep
2024-09-23,Air Asia,,2024,9,Sep
2024-09-24,Air Asia,,2024,9,Sep
2024-09-25,Air Asia,,2024,9,Sep
2024-09-26,Air Asia,,2024,9,Sep
2024-09-27,Air Asia,,2024,9,Sep
2024-09-28,Air Asia,,2024,9,Sep
2024-09-29,Air Asia,,2024,9,Sep
2024-09-30,Air Asia,,2024,9,Sep
2024-10-01,Air Asia,,2024,10,Oct
2024-10-02,Air Asia,,2024,10,Oct
2024-10-03,Air Asia,,2024,10,Oct
2024-10-04,Air Asia,,2024,10,Oct
2024-10-05,Air Asia,,2024,10,Oct
2024-10-06,Air Asia,,2024,10,Oct
2024-10-07,Air Asia,,2024,10,Oct
2024-10-08,Air Asia,,2024,10,Oct
2024-10-09,Air Asia,,2024,10,Oct
2024-10-10,Air Asia,,2024,10,Oct
2024-10-11,Air Asia,,2024,10,Oct
2024-10-12,Air Asia,,2024,10,Oct
2024-10-13,Air Asia,,2024,10,Oct
2024-10-14,Air Asia,,2024,10,Oct
2024-10-15,Air Asia,,2024,10,Oct
2024-10-16,Air Asia,,2024,10,Oct
2024-10-17,Air Asia,,2024,10,Oct
2024-10-18,Air Asia,,2024,10,Oct
2024-10-19,Air Asia,,2024,10,Oct
2024-10-20,Air Asia,,2024,10,Oct
2024-10-21,Air Asia,,2024,10,Oct
2024-10-22,Air Asia,,2024,10,Oct
2024-10-23,Air Asia,,2024,10,Oct
2024-10-24,Air Asia,,2024,10,Oct
2024-10-25,Air Asia,,2024,10,Oct
2024-10-26,Air Asia,,2024,10,Oct
2024-10-27,Air Asia,,2024,10,Oct
2024-10-28,Air Asia,,2024,10,Oct
2024-10-29,Air Asia,,2024,10,Oct
2024-10-30,Air Asia,,2024,10,Oct
2024-10-31,Air Asia,,2024,10,Oct
2024-11-01,Air Asia,,2024,11,Nov
2024-11-02,Air Asia,,2024,11,Nov
2024-11-03,Air Asia,,2024,11,Nov
2024-11-04,Air Asia,,2024,11,Nov
2024-11-05,Air Asia,,2024,11,Nov
2024-11-06,Air Asia,,2024,11,Nov
2024-11-07,Air Asia,,2024,11,Nov
2024-11-08,Air Asia,,2024,11,Nov
2024-11-09,Air Asia,,2024,11,Nov
2024-11-10,Air Asia,,2024,11,Nov
2024-11-11,Air Asia,,2024,11,Nov
2024-11-12,Air Asia,,2024,11,Nov
2024-11-13,Air Asia,,2024,11,Nov
2024-11-14,Air Asia,,2024,11,Nov
2024-11-15,Air Asia,,2024,11,Nov
2024-11-16,Air Asia,,2024,11,Nov
2024-11-17,Air Asia,,2024,11,Nov
2024-11-18,Air Asia,,2024,11,Nov
2024-11-19,Air Asia,,2024,11,Nov
2021-07-29,Air India,,2021,7,Jul
2021-07-30,Air India,,2021,7,Jul
2021-08-03,Air India,,2021,8,Aug
2021-08-04,Air India,,2021,8,Aug
2021-08-05,Air India,,2021,8,Aug
2021-08-06,Air India,,2021,8,Aug
2021-08-07,Air India,,2021,8,Aug
2021-08-09,Air India,,2021,8,Aug
2021-08-10,Air India,,2021,8,Aug
2021-08-12,Air India,,2021,8,Aug
2021-08-13,Air India,,2021,8,Aug
2021-08-14,Air India,,2021,8,Aug
2021-08-15,Air India,,2021,8,Aug
2021-08-16,Air India,,2021,8,Aug
2021-08-17,Air India,,2021,8,Aug
2021-08-18,Air India,,2021,8,Aug
2021-08-19,Air India,,2021,8,Aug
2021-08-20,Air India,,2021,8,Aug
2021-08-21,Air India,,2021,8,Aug
2021-08-22,Air India,,2021,8,Aug
2021-08-26,Air India,,2021,8,Aug
2021-08-27,Air India,,2021,8,Aug
2021-08-28,Air India,,2021,8,Aug
2021-08-29,Air India,,2021,8,Aug
2021-09-17,Air India,,2021,9,Sep
2021-09-24,Air India,,2021,9,Sep
2021-09-26,Air India,,2021,9,Sep
2021-09-27,Air India,,2021,9,Sep
2021-09-29,Air India,,2021,9,Sep
2021-10-01,Air India,,2021,10,Oct
2021-10-02,Air India,,2021,10,Oct
2021-10-03,Air India,,2021,10,Oct
2021-10-04,Air India,,2021,10,Oct
2021-10-07,Air India,,2021,10,Oct
2021-10-15,Air India,,2021,10,Oct
2021-10-09,Air India,,2021,10,Oct
2021-10-18,Air India,,2021,10,Oct
2021-10-26,Air India,,2021,10,Oct
2021-10-27,Air India,,2021,10,Oct
2021-11-05,Air India,,2021,11,Nov
2021-11-07,Air India,,2021,11,Nov
2021-11-08,Air India,,2021,11,Nov
2021-11-15,Air India,,2021,11,Nov
2021-11-27,Air India,,2021,11,Nov
2021-11-29,Air India,,2021,11,Nov
2021-12-13,Air India,,2021,12,Dec
2021-12-26,Air India,,2021,12,Dec
2021-12-27,Air India,,2021,12,Dec
2021-12-28,Air India,,2021,12,Dec
2021-12-29,Air India,,2021,12,Dec
2021-12-30,Air India,,2021,12,Dec
2021-12-31,Air India,,2021,12,Dec
2022-01-01,Air India,,2022,1,Jan
2022-01-02,Air India,,2022,1,Jan
2022-01-03,Air India,,2022,1,Jan
2022-01-04,Air India,,2022,1,Jan
2022-01-06,Air India,,2022,1,Jan
2022-01-05,Air India,,2022,1,Jan
2022-01-07,Air India,,2022,1,Jan
2022-01-08,Air India,,2022,1,Jan
2022-01-09,Air India,,2022,1,Jan
2022-01-10,Air India,,2022,1,Jan
2022-01-11,Air India,,2022,1,Jan
2022-01-12,Air India,,2022,1,Jan
2022-01-13,Air India,,2022,1,Jan
2022-01-14,Air India,,2022,1,Jan
2022-01-15,Air India,,2022,1,Jan
2022-01-16,Air India,,2022,1,Jan
2022-01-17,Air India,,2022,1,Jan
2022-01-19,Air India,,2022,1,Jan
2022-01-18,Air India,,2022,1,Jan
2022-01-20,Air India,,2022,1,Jan
2022-01-21,Air India,,2022,1,Jan
2022-01-22,Air India,,2022,1,Jan
2022-01-23,Air India,,2022,1,Jan
2022-01-24,Air India,,2022,1,Jan
2022-01-25,Air India,,2022,1,Jan
2022-01-26,Air India,,2022,1,Jan
2022-01-27,Air India,,2022,1,Jan
2022-01-28,Air India,,2022,1,Jan
2022-01-29,Air India,,2022,1,Jan
2022-01-30,Air India,,2022,1,Jan
2022-01-31,Air India,,2022,1,Jan
2022-02-01,Air India,,2022,2,Feb
2022-02-02,Air India,,2022,2,Feb
2022-02-03,Air India,,2022,2,Feb
2022-02-04,Air India,,2022,2,Feb
2022-02-05,Air India,,2022,2,Feb
2022-02-06,Air India,,2022,2,Feb
2022-02-07,Air India,,2022,2,Feb
2022-02-08,Air India,,2022,2,Feb
2022-02-09,Air India,,2022,2,Feb
2022-02-10,Air India,,2022,2,Feb
2022-02-12,Air India,,2022,2,Feb
2022-02-11,Air India,,2022,2,Feb
2022-02-13,Air India,,2022,2,Feb
2022-02-14,Air India,,2022,2,Feb
2022-02-15,Air India,,2022,2,Feb
2022-02-17,Air India,,2022,2,Feb
2022-02-16,Air India,,2022,2,Feb
2022-02-18,Air India,,2022,2,Feb
2022-02-19,Air India,,2022,2,Feb
2022-02-21,Air India,,2022,2,Feb
2022-02-23,Air India,,2022,2,Feb
2022-02-24,Air India,,2022,2,Feb
2022-02-25,Air India,,2022,2,Feb
2022-02-26,Air India,,2022,2,Feb
2022-03-01,Air India,,2022,3,Mar
2022-03-02,Air India,,2022,3,Mar
2022-03-06,Air India,,2022,3,Mar
2022-03-10,Air India,,2022,3,Mar
2022-03-11,Air India,,2022,3,Mar
2022-03-14,Air India,,2022,3,Mar
2022-03-18,Air India,,2022,3,Mar
2022-03-19,Air India,,2022,3,Mar
2022-03-20,Air India,,2022,3,Mar
2022-03-21,Air India,,2022,3,Mar
2022-03-22,Air India,,2022,3,Mar
2022-03-23,Air India,,2022,3,Mar
2022-03-25,Air India,,2022,3,Mar
2022-03-26,Air India,,2022,3,Mar
2022-03-27,Air India,,2022,3,Mar
2022-03-28,Air India,,2022,3,Mar
2022-03-31,Air India,,2022,3,Mar
2022-04-01,Air India,,2022,4,Apr
2022-04-03,Air India,,2022,4,Apr
2022-04-04,Air India,,2022,4,Apr
2022-04-06,Air India,,2022,4,Apr
2022-04-05,Air India,,2022,4,Apr
2022-04-07,Air India,,2022,4,Apr
2022-04-08,Air India,,2022,4,Apr
2022-04-09,Air India,,2022,4,Apr
2022-04-10,Air India,,2022,4,Apr
2022-04-11,Air India,,2022,4,Apr
2022-04-13,Air India,,2022,4,Apr
2022-04-21,Air India,,2022,4,Apr
2022-04-30,Air India,,2022,4,Apr
2022-05-11,Air India,,2022,5,May
2022-05-13,Air India,,2022,5,May
2022-05-14,Air India,,2022,5,May
2022-05-15,Air India,,2022,5,May
2022-05-16,Air India,,2022,5,May
2022-06-02,Air India,,2022,6,Jun
2022-11-29,Air India,,2022,11,Nov
2022-12-03,Air India,,2022,12,Dec
2023-01-03,Air India,,2023,1,Jan
2023-01-07,Air India,,2023,1,Jan
2023-02-01,Air India,,2023,2,Feb
2023-02-02,Air India,,2023,2,Feb
2023-02-19,Air India,,2023,2,Feb
2023-02-18,Air India,,2023,2,Feb
2023-03-04,Air India,,2023,3,Mar
2023-03-05,Air India,,2023,3,Mar
2023-03-06,Air India,,2023,3,Mar
2023-03-09,Air India,,2023,3,Mar
2023-03-10,Air India,,2023,3,Mar
2023-03-11,Air India,,2023,3,Mar
2023-03-12,Air India,,2023,3,Mar
2023-03-13,Air India,,2023,3,Mar
2023-03-14,Air India,,2023,3,Mar
2023-03-15,Air India,,2023,3,Mar
2023-03-17,Air India,,2023,3,Mar
2023-03-18,Air India,,2023,3,Mar
2023-03-19,Air India,,2023,3,Mar
2023-03-20,Air India,,2023,3,Mar
2023-03-21,Air India,,2023,3,Mar
2023-03-22,Air India,,2023,3,Mar
2023-03-23,Air India,,2023,3,Mar
2023-03-24,Air India,,2023,3,Mar
2023-03-25,Air India,,2023,3,Mar
2023-03-26,Air India,,2023,3,Mar
2023-03-27,Air India,,2023,3,Mar
2023-03-28,Air India,,2023,3,Mar
2023-03-29,Air India,,2023,3,Mar
2023-03-30,Air India,,2023,3,Mar
2023-03-31,Air India,,2023,3,Mar
2023-04-01,Air India,,2023,4,Apr
2023-04-02,Air India,,2023,4,Apr
2023-04-03,Air India,,2023,4,Apr
2023-04-04,Air India,,2023,4,Apr
2023-04-05,Air India,,2023,4,Apr
2023-04-06,Air India,,2023,4,Apr
2023-04-07,Air India,,2023,4,Apr
2023-04-08,Air India,,2023,4,Apr
2023-04-09,Air India,,2023,4,Apr
2023-04-10,Air India,,2023,4,Apr
2023-04-11,Air India,,2023,4,Apr
2023-04-12,Air India,,2023,4,Apr
2023-04-14,Air India,,2023,4,Apr
2023-04-15,Air India,,2023,4,Apr
2023-04-16,Air India,,2023,4,Apr
2023-04-17,Air India,,2023,4,Apr
2023-04-18,Air India,,2023,4,Apr
2023-04-19,Air India,,2023,4,Apr
2023-04-20,Air India,,2023,4,Apr
2023-04-21,Air India,,2023,4,Apr
2023-04-22,Air India,,2023,4,Apr
2023-04-23,Air India,,2023,4,Apr
2023-04-24,Air India,,2023,4,Apr
2023-04-25,Air India,,2023,4,Apr
2023-04-26,Air India,,2023,4,Apr
2023-04-27,Air India,,2023,4,Apr
2023-04-28,Air India,,2023,4,Apr
2023-04-29,Air India,,2023,4,Apr
2023-04-30,Air India,,2023,4,Apr
2023-05-01,Air India,,2023,5,May
2023-05-02,Air India,,2023,5,May
2023-05-03,Air India,,2023,5,May
2023-05-04,Air India,,2023,5,May
2023-05-05,Air India,,2023,5,May
2023-05-06,Air India,,2023,5,May
2023-05-07,Air India,,2023,5,May
2023-05-08,Air India,,2023,5,May
2023-05-09,Air India,,2023,5,May
2023-05-10,Air India,,2023,5,May
2023-05-11,Air India,,2023,5,May
2023-05-12,Air India,,2023,5,May
2023-05-13,Air India,,2023,5,May
2023-05-14,Air India,,2023,5,May
2023-05-15,Air India,,2023,5,May
2023-05-16,Air India,,2023,5,May
2023-05-17,Air India,,2023,5,May
2023-05-18,Air India,,2023,5,May
2023-05-19,Air India,,2023,5,May
2023-05-20,Air India,,2023,5,May
2023-05-21,Air India,,2023,5,May
2023-05-22,Air India,,2023,5,May
2023-05-23,Air India,,2023,5,May
2023-05-24,Air India,,2023,5,May
2023-05-25,Air India,,2023,5,May
2023-05-26,Air India,,2023,5,May
2023-05-27,Air India,,2023,5,May
2023-05-28,Air India,,2023,5,May
2023-05-29,Air India,,2023,5,May
2023-05-30,Air India,,2023,5,May
2023-05-31,Air India,,2023,5,May
2023-06-02,Air India,,2023,6,Jun
2023-06-03,Air India,,2023,6,Jun
2023-06-04,Air India,,2023,6,Jun
2023-06-05,Air India,,2023,6,Jun
2023-06-06,Air India,,2023,6,Jun
2023-06-07,Air India,,2023,6,Jun
2023-06-08,Air India,,2023,6,Jun
2023-06-09,Air India,,2023,6,Jun
2023-06-10,Air India,,2023,6,Jun
2023-06-11,Air India,,2023,6,Jun
2023-06-12,Air India,,2023,6,Jun
2023-06-13,Air India,,2023,6,Jun
2023-06-14,Air India,,2023,6,Jun
2023-06-15,Air India,,2023,6,Jun
2023-06-16,Air India,,2023,6,Jun
2023-06-17,Air India,,2023,6,Jun
2023-06-18,Air India,,2023,6,Jun
2023-06-19,Air India,,2023,6,Jun
2023-06-23,Air India,,2023,6,Jun
2023-06-24,Air India,,2023,6,Jun
2023-06-25,Air India,,2023,6,Jun
2023-06-26,Air India,,2023,6,Jun
2023-06-27,Air India,,2023,6,Jun
2023-06-28,Air India,,2023,6,Jun
2023-06-29,Air India,,2023,6,Jun
2023-06-30,Air India,,2023,6,Jun
2023-07-01,Air India,,2023,7,Jul
2023-07-02,Air India,,2023,7,Jul
2023-07-03,Air India,,2023,7,Jul
2023-07-04,Air India,,2023,7,Jul
2023-07-05,Air India,,2023,7,Jul
2023-07-08,Air India,,2023,7,Jul
2023-07-09,Air India,,2023,7,Jul
2023-07-10,Air India,,2023,7,Jul
2023-07-11,Air India,,2023,7,Jul
2023-07-12,Air India,,2023,7,Jul
2023-07-13,Air India,,2023,7,Jul
2023-07-14,Air India,,2023,7,Jul
2023-07-15,Air India,,2023,7,Jul
2023-07-17,Air India,,2023,7,Jul
2023-07-18,Air India,,2023,7,Jul
2023-07-19,Air India,,2023,7,Jul
2023-07-20,Air India,,2023,7,Jul
2023-07-21,Air India,,2023,7,Jul
2023-07-22,Air India,,2023,7,Jul
2023-07-23,Air India,,2023,7,Jul
2023-07-24,Air India,,2023,7,Jul
2023-07-25,Air India,,2023,7,Jul
2023-07-26,Air India,,2023,7,Jul
2023-07-27,Air India,,2023,7,Jul
2023-07-28,Air India,,2023,7,Jul
2023-07-29,Air India,,2023,7,Jul
2023-07-30,Air India,,2023,7,Jul
2023-07-31,Air India,,2023,7,Jul
2023-08-01,Air India,,2023,8,Aug
2023-08-02,Air India,,2023,8,Aug
2023-08-03,Air India,,2023,8,Aug
2023-08-04,Air India,,2023,8,Aug
2023-08-05,Air India,,2023,8,Aug
2023-08-06,Air India,,2023,8,Aug
2023-08-07,Air India,,2023,8,Aug
2023-08-08,Air India,,2023,8,Aug
2023-08-09,Air India,,2023,8,Aug
2023-08-10,Air India,,2023,8,Aug
2023-08-11,Air India,,2023,8,Aug
2023-08-13,Air India,,2023,8,Aug
2023-08-14,Air India,,2023,8,Aug
2023-08-15,Air India,,2023,8,Aug
2023-08-28,Air India,,2023,8,Aug
2023-09-20,Air India,,2023,9,Sep
2023-10-13,Air India,,2023,10,Oct
2023-10-14,Air India,,2023,10,Oct
2023-10-15,Air India,,2023,10,Oct
2023-10-16,Air India,,2023,10,Oct
2023-10-17,Air India,,2023,10,Oct
2023-10-18,Air India,,2023,10,Oct
2023-10-19,Air India,,2023,10,Oct
2023-10-20,Air India,,2023,10,Oct
2023-10-21,Air India,,2023,10,Oct
2023-10-22,Air India,,2023,10,Oct
2023-10-23,Air India,,2023,10,Oct
2023-10-24,Air India,,2023,10,Oct
2023-10-25,Air India,,2023,10,Oct
2023-10-26,Air India,,2023,10,Oct
2023-10-27,Air India,,2023,10,Oct
2023-10-28,Air India,,2023,10,Oct
2023-10-29,Air India,,2023,10,Oct
2023-10-30,Air India,,2023,10,Oct
2023-10-31,Air India,,2023,10,Oct
2023-11-01,Air India,,2023,11,Nov
2023-11-02,Air India,,2023,11,Nov
2023-11-04,Air India,,2023,11,Nov
2023-11-05,Air India,,2023,11,Nov
2023-11-06,Air India,,2023,11,Nov
2023-11-07,Air India,,2023,11,Nov
2023-11-08,Air India,,2023,11,Nov
2023-11-09,Air India,,2023,11,Nov
2023-11-10,Air India,,2023,11,Nov
2023-11-11,Air India,,2023,11,Nov
2023-11-12,Air India,,2023,11,Nov
2023-11-13,Air India,,2023,11,Nov
2023-11-14,Air India,,2023,11,Nov
2023-11-15,Air India,,2023,11,Nov
2023-11-16,Air India,,2023,11,Nov
2023-11-17,Air India,,2023,11,Nov
2023-11-18,Air India,,2023,11,Nov
2023-11-19,Air India,,2023,11,Nov
2023-11-20,Air India,,2023,11,Nov
2023-11-21,Air India,,2023,11,Nov
2023-11-22,Air India,,2023,11,Nov
2023-11-23,Air India,,2023,11,Nov
2023-11-25,Air India,,2023,11,Nov
2023-11-27,Air India,,2023,11,Nov
2023-11-26,Air India,,2023,11,Nov
2023-11-28,Air India,,2023,11,Nov
2023-11-30,Air India,,2023,11,Nov
2023-12-01,Air India,,2023,12,Dec
2023-12-02,Air India,,2023,12,Dec
2023-12-03,Air India,,2023,12,Dec
2023-12-04,Air India,,2023,12,Dec
2023-12-06,Air India,,2023,12,Dec
2023-12-07,Air India,,2023,12,Dec
2023-12-08,Air India,,2023,12,Dec
2023-12-10,Air India,,2023,12,Dec
2023-12-11,Air India,,2023,12,Dec
2023-12-13,Air India,,2023,12,Dec
2023-12-14,Air India,,2023,12,Dec
2023-12-12,Air India,,2023,12,Dec
2023-12-15,Air India,,2023,12,Dec
2023-12-16,Air India,,2023,12,Dec
2023-12-18,Air India,,2023,12,Dec
2023-12-19,Air India,,2023,12,Dec
2023-12-20,Air India,,2023,12,Dec
2023-12-21,Air India,,2023,12,Dec
2023-12-22,Air India,,2023,12,Dec
2023-12-25,Air India,,2023,12,Dec
2023-12-23,Air India,,2023,12,Dec
2023-12-26,Air India,,2023,12,Dec
2023-12-28,Air India,,2023,12,Dec
2023-12-27,Air India,,2023,12,Dec
2023-12-29,Air India,,2023,12,Dec
2023-12-30,Air India,,2023,12,Dec
2023-12-31,Air India,,2023,12,Dec
2024-01-01,Air India,,2024,1,Jan
2024-01-02,Air India,,2024,1,Jan
2024-01-03,Air India,,2024,1,Jan
2024-01-04,Air India,,2024,1,Jan
2024-01-05,Air India,,2024,1,Jan
2024-01-06,Air India,,2024,1,Jan
2024-01-07,Air India,,2024,1,Jan
2024-01-08,Air India,,2024,1,Jan
2024-01-09,Air India,,2024,1,Jan
2024-01-10,Air India,,2024,1,Jan
2024-01-11,Air India,,2024,1,Jan
2024-01-12,Air India,,2024,1,Jan
2024-01-13,Air India,,2024,1,Jan
2024-01-14,Air India,,2024,1,Jan
2024-01-15,Air India,,2024,1,Jan
2024-01-16,Air India,,2024,1,Jan
2024-01-17,Air India,,2024,1,Jan
2024-01-18,Air India,,2024,1,Jan
2024-01-19,Air India,,2024,1,Jan
2024-01-20,Air India,,2024,1,Jan
2024-01-21,Air India,,2024,1,Jan
2024-01-22,Air India,,2024,1,Jan
2024-01-23,Air India,,2024,1,Jan
2024-01-24,Air India,,2024,1,Jan
2024-01-25,Air India,,2024,1,Jan
2024-01-26,Air India,,2024,1,Jan
2024-01-27,Air India,,2024,1,Jan
2024-01-28,Air India,,2024,1,Jan
2024-01-29,Air India,,2024,1,Jan
2024-01-30,Air India,,2024,1,Jan
2024-01-31,Air India,,2024,1,Jan
2024-02-01,Air India,,2024,2,Feb
2024-02-02,Air India,,2024,2,Feb
2024-02-03,Air India,,2024,2,Feb
2024-02-04,Air India,,2024,2,Feb
2024-02-05,Air India,,2024,2,Feb
2024-02-06,Air India,,2024,2,Feb
2024-02-07,Air India,,2024,2,Feb
2024-02-08,Air India,,2024,2,Feb
2024-02-09,Air India,,2024,2,Feb
2024-02-10,Air India,,2024,2,Feb
2024-02-11,Air India,,2024,2,Feb
2024-02-12,Air India,,2024,2,Feb
2024-02-13,Air India,,2024,2,Feb
2024-02-14,Air India,,2024,2,Feb
2024-02-15,Air India,,2024,2,Feb
2024-02-16,Air India,,2024,2,Feb
2024-02-17,Air India,,2024,2,Feb
2024-02-18,Air India,,2024,2,Feb
2024-02-19,Air India,,2024,2,Feb
2024-02-21,Air India,,2024,2,Feb
2024-02-22,Air India,,2024,2,Feb
2024-02-23,Air India,,2024,2,Feb
2024-02-24,Air India,,2024,2,Feb
2024-02-25,Air India,,2024,2,Feb
2024-02-26,Air India,,2024,2,Feb
2024-02-27,Air India,,2024,2,Feb
2024-02-28,Air India,,2024,2,Feb
2024-02-29,Air India,,2024,2,Feb
2024-03-01,Air India,,2024,3,Mar
2024-03-02,Air India,,2024,3,Mar
2024-03-03,Air India,,2024,3,Mar
2024-03-04,Air India,,2024,3,Mar
2024-03-05,Air India,,2024,3,Mar
2024-03-06,Air India,,2024,3,Mar
2024-03-07,Air India,,2024,3,Mar
2024-03-08,Air India,,2024,3,Mar
2024-03-09,Air India,,2024,3,Mar
2024-03-10,Air India,,2024,3,Mar
2024-03-11,Air India,,2024,3,Mar
2024-03-12,Air India,,2024,3,Mar
2024-03-13,Air India,,2024,3,Mar
2024-03-14,Air India,,2024,3,Mar
2024-03-15,Air India,,2024,3,Mar
2024-03-16,Air India,,2024,3,Mar
2024-03-17,Air India,,2024,3,Mar
2024-03-18,Air India,,2024,3,Mar
2024-03-19,Air India,,2024,3,Mar
2024-03-20,Air India,,2024,3,Mar
2024-03-21,Air India,,2024,3,Mar
2024-03-22,Air India,,2024,3,Mar
2024-03-24,Air India,,2024,3,Mar
2024-03-25,Air India,,2024,3,Mar
2024-03-26,Air India,,2024,3,Mar
2024-03-27,Air India,,2024,3,Mar
2024-03-28,Air India,,2024,3,Mar
2024-03-29,Air India,,2024,3,Mar
2024-03-30,Air India,,2024,3,Mar
2024-03-31,Air India,,2024,3,Mar
2024-04-01,Air India,,2024,4,Apr
2024-04-02,Air India,,2024,4,Apr
2024-04-03,Air India,,2024,4,Apr
2024-04-04,Air India,,2024,4,Apr
2024-04-05,Air India,,2024,4,Apr
2024-04-06,Air India,,2024,4,Apr
2024-04-07,Air India,,2024,4,Apr
2024-04-08,Air India,,2024,4,Apr
2024-04-09,Air India,,2024,4,Apr
2024-04-10,Air India,,2024,4,Apr
2024-04-11,Air India,,2024,4,Apr
2024-04-12,Air India,,2024,4,Apr
2024-04-13,Air India,,2024,4,Apr
2024-04-14,Air India,,2024,4,Apr
2024-04-15,Air India,,2024,4,Apr
2024-04-16,Air India,,2024,4,Apr
2024-04-17,Air India,,2024,4,Apr
2024-04-18,Air India,,2024,4,Apr
2024-04-19,Air India,,2024,4,Apr
2024-04-20,Air India,,2024,4,Apr
2024-04-21,Air India,,2024,4,Apr
2024-04-22,Air India,,2024,4,Apr
2024-04-24,Air India,,2024,4,Apr
2024-04-25,Air India,,2024,4,Apr
2024-04-26,Air India,,2024,4,Apr
2024-04-27,Air India,,2024,4,Apr
2024-04-28,Air India,,2024,4,Apr
2024-04-30,Air India,,2024,4,Apr
2024-05-01,Air India,,2024,5,May
2024-05-02,Air India,,2024,5,May
2024-05-03,Air India,,2024,5,May
2024-05-04,Air India,,2024,5,May
2024-05-05,Air India,,2024,5,May
2024-05-06,Air India,,2024,5,May
2024-05-07,Air India,,2024,5,May
2024-05-08,Air India,,2024,5,May
2024-05-09,Air India,,2024,5,May
2024-05-10,Air India,,2024,5,May
2024-05-11,Air India,,2024,5,May
2024-05-12,Air India,,2024,5,May
2024-05-13,Air India,,2024,5,May
2024-05-14,Air India,,2024,5,May
2024-05-15,Air India,,2024,5,May
2024-05-16,Air India,,2024,5,May
2024-05-17,Air India,,2024,5,May
2024-05-18,Air India,,2024,5,May
2024-05-19,Air India,,2024,5,May
2024-05-20,Air India,,2024,5,May
2024-05-22,Air India,,2024,5,May
2024-05-23,Air India,,2024,5,May
2024-05-24,Air India,,2024,5,May
2024-05-25,Air India,,2024,5,May
2024-05-26,Air India,,2024,5,May
2024-05-27,Air India,,2024,5,May
2024-05-28,Air India,,2024,5,May
2024-05-29,Air India,,2024,5,May
2024-05-30,Air India,,2024,5,May
2024-05-31,Air India,,2024,5,May
2024-06-01,Air India,,2024,6,Jun
2024-06-02,Air India,,2024,6,Jun
2024-06-04,Air India,,2024,6,Jun
2024-06-05,Air India,,2024,6,Jun
2024-06-06,Air India,,2024,6,Jun
2024-06-07,Air India,,2024,6,Jun
2024-06-08,Air India,,2024,6,Jun
2024-06-09,Air India,,2024,6,Jun
2024-06-10,Air India,,2024,6,Jun
2024-06-11,Air India,,2024,6,Jun
2024-06-12,Air India,,2024,6,Jun
2024-06-13,Air India,,2024,6,Jun
2024-06-14,Air India,,2024,6,Jun
2024-06-15,Air India,,2024,6,Jun
2024-06-16,Air India,,2024,6,Jun
2024-06-17,Air India,,2024,6,Jun
2024-06-18,Air India,,2024,6,Jun
2024-06-19,Air India,,2024,6,Jun
2024-06-20,Air India,,2024,6,Jun
2024-06-21,Air India,,2024,6,Jun
2024-06-22,Air India,,2024,6,Jun
2024-06-23,Air India,,2024,6,Jun
2024-06-24,Air India,,2024,6,Jun
2024-06-25,Air India,,2024,6,Jun
2024-06-26,Air India,,2024,6,Jun
2024-06-29,Air India,,2024,6,Jun
2024-07-01,Air India,,2024,7,Jul
2024-07-02,Air India,,2024,7,Jul
2024-07-03,Air India,,2024,7,Jul
2024-07-04,Air India,,2024,7,Jul
2024-07-05,Air India,,2024,7,Jul
2024-07-06,Air India,,2024,7,Jul
2024-07-07,Air India,,2024,7,Jul
2024-07-08,Air India,,2024,7,Jul
2024-07-09,Air India,,2024,7,Jul
2024-07-10,Air India,,2024,7,Jul
2024-07-11,Air India,,2024,7,Jul
2024-07-12,Air India,,2024,7,Jul
2024-07-13,Air India,,2024,7,Jul
2024-07-14,Air India,,2024,7,Jul
2024-07-15,Air India,,2024,7,Jul
2024-07-16,Air India,,2024,7,Jul
2024-07-17,Air India,,2024,7,Jul
2024-07-18,Air India,,2024,7,Jul
2024-07-19,Air India,,2024,7,Jul
2024-07-20,Air India,,2024,7,Jul
2024-07-21,Air India,,2024,7,Jul
2024-07-22,Air India,,2024,7,Jul
2024-07-23,Air India,,2024,7,Jul
2024-07-24,Air India,,2024,7,Jul
2024-07-25,Air India,,2024,7,Jul
2024-07-26,Air India,,2024,7,Jul
2024-07-27,Air India,,2024,7,Jul
2024-07-28,Air India,,2024,7,Jul
2024-07-30,Air India,,2024,7,Jul
2024-07-31,Air India,,2024,7,Jul
2024-08-01,Air India,,2024,8,Aug
2024-08-03,Air India,,2024,8,Aug
2024-08-04,Air India,,2024,8,Aug
2024-08-05,Air India,,2024,8,Aug
2024-08-06,Air India,,2024,8,Aug
2024-08-07,Air India,,2024,8,Aug
2024-08-08,Air India,,2024,8,Aug
2024-08-09,Air India,,2024,8,Aug
2024-08-10,Air India,,2024,8,Aug
2024-08-11,Air India,,2024,8,Aug
2024-08-12,Air India,,2024,8,Aug
2024-08-13,Air India,,2024,8,Aug
2024-08-14,Air India,,2024,8,Aug
2024-08-15,Air India,,2024,8,Aug
2024-08-16,Air India,,2024,8,Aug
2024-08-17,Air India,,2024,8,Aug
2024-08-18,Air India,,2024,8,Aug
2024-08-19,Air India,,2024,8,Aug
2024-08-29,Air India,,2024,8,Aug
2024-08-30,Air India,,2024,8,Aug
2024-08-31,Air India,,2024,8,Aug
2024-09-01,Air India,,2024,9,Sep
2024-09-02,Air India,,2024,9,Sep
2024-09-03,Air India,,2024,9,Sep
2024-09-04,Air India,,2024,9,Sep
2024-09-05,Air India,,2024,9,Sep
2024-09-06,Air India,,2024,9,Sep
2024-09-07,Air India,,2024,9,Sep
2024-09-08,Air India,,2024,9,Sep
2024-09-09,Air India,,2024,9,Sep
2024-09-10,Air India,,2024,9,Sep
2024-09-12,Air India,,2024,9,Sep
2024-09-11,Air India,,2024,9,Sep
2024-09-13,Air India,,2024,9,Sep
2024-09-14,Air India,,2024,9,Sep
2024-09-15,Air India,,2024,9,Sep
2024-09-16,Air India,,2024,9,Sep
2024-09-17,Air India,,2024,9,Sep
2024-09-18,Air India,,2024,9,Sep
2024-09-19,Air India,,2024,9,Sep
2024-09-20,Air India,,2024,9,Sep
2024-09-21,Air India,,2024,9,Sep
2024-09-22,Air India,,2024,9,Sep
2024-09-23,Air India,,2024,9,Sep
2024-09-24,Air India,,2024,9,Sep
2024-09-25,Air India,,2024,9,Sep
2024-09-26,Air India,,2024,9,Sep
2024-09-27,Air India,,2024,9,Sep
2024-09-28,Air India,,2024,9,Sep
2024-09-29,Air India,,2024,9,Sep
2024-09-30,Air India,,2024,9,Sep
2024-10-01,Air India,,2024,10,Oct
2024-10-02,Air India,,2024,10,Oct
2024-10-03,Air India,,2024,10,Oct
2024-10-04,Air India,,2024,10,Oct
2024-10-05,Air India,,2024,10,Oct
2024-10-06,Air India,,2024,10,Oct
2024-10-07,Air India,,2024,10,Oct
2024-10-08,Air India,,2024,10,Oct
2024-10-09,Air India,,2024,10,Oct
2024-10-10,Air India,,2024,10,Oct
2024-10-11,Air India,,2024,10,Oct
2024-10-12,Air India,,2024,10,Oct
2024-10-13,Air India,,2024,10,Oct
2024-10-14,Air India,,2024,10,Oct
2024-10-15,Air India,,2024,10,Oct
2024-10-16,Air India,,2024,10,Oct
2024-10-17,Air India,,2024,10,Oct
2024-10-18,Air India,,2024,10,Oct
2024-10-19,Air India,,2024,10,Oct
2024-10-20,Air India,,2024,10,Oct
2024-10-21,Air India,,2024,10,Oct
2024-10-22,Air India,,2024,10,Oct
2024-10-23,Air India,,2024,10,Oct
2024-10-24,Air India,,2024,10,Oct
2024-10-25,Air India,,2024,10,Oct
2024-10-26,Air India,,2024,10,Oct
2024-10-27,Air India,,2024,10,Oct
2024-10-28,Air India,,2024,10,Oct
2024-10-29,Air India,,2024,10,Oct
2024-10-30,Air India,,2024,10,Oct
2024-10-31,Air India,,2024,10,Oct
2024-11-01,Air India,,2024,11,Nov
2024-11-02,Air India,,2024,11,Nov
2024-11-03,Air India,,2024,11,Nov
2024-11-04,Air India,,2024,11,Nov
2024-11-05,Air India,,2024,11,Nov
2024-11-06,Air India,,2024,11,Nov
2024-11-07,Air India,,2024,11,Nov
2024-11-08,Air India,,2024,11,Nov
2024-11-09,Air India,,2024,11,Nov
2024-11-10,Air India,,2024,11,Nov
2024-11-11,Air India,,2024,11,Nov
2024-11-12,Air India,,2024,11,Nov
2024-11-13,Air India,,2024,11,Nov
2024-11-14,Air India,,2024,11,Nov
2024-11-15,Air India,,2024,11,Nov
2024-11-16,Air India,,2024,11,Nov
2024-11-17,Air India,,2024,11,Nov
2024-11-18,Air India,,2024,11,Nov
2024-11-19,Air India,,2024,11,Nov
2024-11-20,Air India,,2024,11,Nov
2024-11-21,Air India,,2024,11,Nov
2024-11-22,Air India,,2024,11,Nov
2024-11-23,Air India,,2024,11,Nov
2024-11-24,Air India,,2024,11,Nov
2024-11-25,Air India,,2024,11,Nov
2024-11-26,Air India,,2024,11,Nov
2024-11-27,Air India,,2024,11,Nov
2024-11-28,Air India,,2024,11,Nov
2024-11-29,Air India,,2024,11,Nov
2024-11-30,Air India,,2024,11,Nov
2024-12-01,Air India,,2024,12,Dec
2024-12-02,Air India,,2024,12,Dec
2024-12-03,Air India,,2024,12,Dec
2024-12-04,Air India,,2024,12,Dec
2024-12-05,Air India,,2024,12,Dec
2024-12-06,Air India,,2024,12,Dec
2024-12-07,Air India,,2024,12,Dec
2024-12-08,Air India,,2024,12,Dec
2024-12-09,Air India,,2024,12,Dec
2024-12-10,Air India,,2024,12,Dec
2024-12-11,Air India,,2024,12,Dec
2024-12-12,Air India,,2024,12,Dec
2024-12-13,Air India,,2024,12,Dec
2024-12-14,Air India,,2024,12,Dec
2024-12-15,Air India,,2024,12,Dec
2024-12-16,Air India,,2024,12,Dec
2024-12-17,Air India,,2024,12,Dec
2024-12-18,Air India,,2024,12,Dec
2024-12-19,Air India,,2024,12,Dec
2024-12-20,Air India,,2024,12,Dec
2024-12-21,Air India,,2024,12,Dec
2024-12-22,Air India,,2024,12,Dec
2024-12-23,Air India,,2024,12,Dec
2024-12-24,Air India,,2024,12,Dec
2024-12-25,Air India,,2024,12,Dec
2024-12-26,Air India,,2024,12,Dec
2024-12-27,Air India,,2024,12,Dec
2024-12-28,Air India,,2024,12,Dec
2024-12-29,Air India,,2024,12,Dec
2024-12-30,Air India,,2024,12,Dec
2025-01-01,Air India,,2025,1,Jan
2025-01-02,Air India,,2025,1,Jan
2025-01-03,Air India,,2025,1,Jan
2025-01-04,Air India,,2025,1,Jan
2025-01-05,Air India,,2025,1,Jan
2025-01-06,Air India,,2025,1,Jan
2025-01-07,Air India,,2025,1,Jan
2025-01-28,Air India,,2025,1,Jan
2025-01-29,Air India,,2025,1,Jan
2025-01-30,Air India,,2025,1,Jan
2025-01-31,Air India,,2025,1,Jan
2025-02-01,Air India,,2025,2,Feb
2025-02-02,Air India,,2025,2,Feb
2025-02-03,Air India,,2025,2,Feb
2025-02-04,Air India,,2025,2,Feb
2025-02-05,Air India,,2025,2,Feb
2025-02-06,Air India,,2025,2,Feb
2025-02-07,Air India,,2025,2,Feb
2025-02-09,Air India,,2025,2,Feb
2025-02-10,Air India,,2025,2,Feb
2025-02-11,Air India,,2025,2,Feb
2025-02-12,Air India,,2025,2,Feb
2025-02-13,Air India,,2025,2,Feb
2025-02-14,Air India,,2025,2,Feb
2025-02-15,Air India,,2025,2,Feb
2025-02-16,Air India,,2025,2,Feb
2025-02-17,Air India,,2025,2,Feb
2025-02-18,Air India,,2025,2,Feb
2025-02-19,Air India,,2025,2,Feb
2025-02-20,Air India,,2025,2,Feb
2025-02-21,Air India,,2025,2,Feb
2025-02-22,Air India,,2025,2,Feb
2025-02-23,Air India,,2025,2,Feb
2025-02-24,Air India,,2025,2,Feb
2025-02-25,Air India,,2025,2,Feb
2025-02-26,Air India,,2025,2,Feb
2025-02-27,Air India,,2025,2,Feb
2025-03-03,Air India,,2025,3,Mar
2025-03-04,Air India,,2025,3,Mar
2025-03-05,Air India,,2025,3,Mar
2025-03-06,Air India,,2025,3,Mar
2025-03-07,Air India,,2025,3,Mar
2025-03-08,Air India,,2025,3,Mar
2025-03-09,Air India,,2025,3,Mar
2025-03-10,Air India,,2025,3,Mar
2025-03-11,Air India,,2025,3,Mar
2025-03-12,Air India,,2025,3,Mar
2025-03-13,Air India,,2025,3,Mar
2025-03-14,Air India,,2025,3,Mar
2025-03-15,Air India,,2025,3,Mar
2025-03-16,Air India,,2025,3,Mar
2025-03-17,Air India,,2025,3,Mar
2025-03-18,Air India,,2025,3,Mar
2025-03-19,Air India,,2025,3,Mar
2025-03-20,Air India,,2025,3,Mar
2025-03-21,Air India,,2025,3,Mar
2025-03-22,Air India,,2025,3,Mar
2025-03-23,Air India,,2025,3,Mar
2025-03-24,Air India,,2025,3,Mar
2025-03-25,Air India,,2025,3,Mar
2025-03-26,Air India,,2025,3,Mar
2025-03-27,Air India,,2025,3,Mar
2025-03-28,Air India,,2025,3,Mar
2025-03-30,Air India,,2025,3,Mar
2025-03-31,Air India,,2025,3,Mar
2025-04-01,Air India,,2025,4,Apr
2025-04-02,Air India,,2025,4,Apr
2025-04-03,Air India,,2025,4,Apr
2025-04-07,Air India,,2025,4,Apr
2025-04-08,Air India,,2025,4,Apr
2025-04-09,Air India,,2025,4,Apr
2025-04-10,Air India,,2025,4,Apr
2025-04-11,Air India,,2025,4,Apr
2025-04-12,Air India,,2025,4,Apr
2025-04-13,Air India,,2025,4,Apr
2025-04-14,Air India,,2025,4,Apr
2025-04-15,Air India,,2025,4,Apr
2025-04-16,Air India,,2025,4,Apr
2025-04-17,Air India,,2025,4,Apr
2025-04-18,Air India,,2025,4,Apr
2025-04-19,Air India,,2025,4,Apr
2025-04-20,Air India,,2025,4,Apr
2025-04-21,Air India,,2025,4,Apr
2025-04-22,Air India,,2025,4,Apr
2025-04-23,Air India,,2025,4,Apr
2025-04-24,Air India,,2025,4,Apr
2025-04-25,Air India,,2025,4,Apr
2025-04-26,Air India,,2025,4,Apr
2025-04-27,Air India,,2025,4,Apr
2025-04-28,Air India,,2025,4,Apr
2025-04-29,Air India,,2025,4,Apr
2025-04-30,Air India,,2025,4,Apr
2025-05-01,Air India,,2025,5,May
2025-05-02,Air India,,2025,5,May
2025-05-03,Air India,,2025,5,May
2025-05-04,Air India,,2025,5,May
2025-05-05,Air India,,2025,5,May
2025-05-06,Air India,,2025,5,May
2025-05-07,Air India,,2025,5,May
2025-05-08,Air India,,2025,5,May
2025-05-09,Air India,,2025,5,May
2025-05-10,Air India,,2025,5,May
2025-05-11,Air India,,2025,5,May
2025-05-12,Air India,,2025,5,May
2025-05-13,Air India,,2025,5,May
2025-05-14,Air India,,2025,5,May
2025-05-15,Air India,,2025,5,May
2025-05-16,Air India,,2025,5,May
2025-05-17,Air India,,2025,5,May
2025-05-18,Air India,,2025,5,May
2025-05-19,Air India,,2025,5,May
2025-05-20,Air India,,2025,5,May
2025-05-21,Air India,,2025,5,May
2025-05-22,Air India,,2025,5,May
2025-05-23,Air India,,2025,5,May
2025-05-24,Air India,,2025,5,May
2025-05-25,Air India,,2025,5,May
2025-05-26,Air India,,2025,5,May
2025-05-27,Air India,,2025,5,May
2025-05-28,Air India,,2025,5,May
2025-05-29,Air India,,2025,5,May
2025-05-30,Air India,,2025,5,May
2025-05-31,Air India,,2025,5,May
2025-06-01,Air India,,2025,6,Jun
2025-06-02,Air India,,2025,6,Jun
2025-06-03,Air India,,2025,6,Jun
2025-06-04,Air India,,2025,6,Jun
2025-06-05,Air India,,2025,6,Jun
2025-06-06,Air India,,2025,6,Jun
2025-06-07,Air India,,2025,6,Jun
2025-06-08,Air India,,2025,6,Jun
2025-06-09,Air India,,2025,6,Jun
2025-06-10,Air India,,2025,6,Jun
2025-06-11,Air India,,2025,6,Jun
2025-06-12,Air India,,2025,6,Jun
2025-06-13,Air India,,2025,6,Jun
2025-06-14,Air India,,2025,6,Jun
2025-06-15,Air India,,2025,6,Jun
2025-06-16,Air India,,2025,6,Jun
2025-06-17,Air India,,2025,6,Jun
2025-06-18,Air India,,2025,6,Jun
2025-06-19,Air India,,2025,6,Jun
2025-06-20,Air India,,2025,6,Jun
2025-06-21,Air India,,2025,6,Jun
2025-06-22,Air India,,2025,6,Jun
2025-06-23,Air India,,2025,6,Jun
2025-06-24,Air India,,2025,6,Jun
2025-06-25,Air India,,2025,6,Jun
2025-06-26,Air India,,2025,6,Jun
2025-06-27,Air India,,2025,6,Jun
2025-06-28,Air India,,2025,6,Jun
2025-06-29,Air India,,2025,6,Jun
2025-06-30,Air India,,2025,6,Jun
2025-07-01,Air India,,2025,7,Jul
2025-07-02,Air India,,2025,7,Jul
2025-07-03,Air India,,2025,7,Jul
2025-07-04,Air India,,2025,7,Jul
2025-07-05,Air India,,2025,7,Jul
2025-07-06,Air India,,2025,7,Jul
2025-07-07,Air India,,2025,7,Jul
2025-07-08,Air India,,2025,7,Jul
2025-07-09,Air India,,2025,7,Jul
2025-07-10,Air India,,2025,7,Jul
2025-07-11,Air India,,2025,7,Jul
2025-07-12,Air India,,2025,7,Jul
2025-07-13,Air India,,2025,7,Jul
2025-07-14,Air India,,2025,7,Jul
2025-07-15,Air India,,2025,7,Jul
2025-07-16,Air India,,2025,7,Jul
2025-07-17,Air India,,2025,7,Jul
2025-07-18,Air India,,2025,7,Jul
2025-07-19,Air India,,2025,7,Jul
2025-07-20,Air India,,2025,7,Jul
2025-07-21,Air India,,2025,7,Jul
2025-07-22,Air India,,2025,7,Jul
2025-07-23,Air India,,2025,7,Jul
2025-07-24,Air India,,2025,7,Jul
2025-07-25,Air India,,2025,7,Jul
2025-07-26,Air India,,2025,7,Jul
2025-07-27,Air India,,2025,7,Jul
2025-07-28,Air India,,2025,7,Jul
2025-07-29,Air India,,2025,7,Jul
2025-07-30,Air India,,2025,7,Jul
2025-07-31,Air India,,2025,7,Jul
2025-08-01,Air India,,2025,8,Aug
2025-08-02,Air India,,2025,8,Aug
2025-08-03,Air India,,2025,8,Aug
2025-08-04,Air India,,2025,8,Aug
2025-08-05,Air India,,2025,8,Aug
2025-08-06,Air India,,2025,8,Aug
2025-08-07,Air India,,2025,8,Aug
2025-08-08,Air India,,2025,8,Aug
2025-08-09,Air India,,2025,8,Aug
2025-08-10,Air India,,2025,8,Aug
2025-08-11,Air India,,2025,8,Aug
2025-08-12,Air India,,2025,8,Aug
2025-08-13,Air India,,2025,8,Aug
2025-08-14,Air India,,2025,8,Aug
2025-08-15,Air India,,2025,8,Aug
2025-08-16,Air India,,2025,8,Aug
2025-08-17,Air India,,2025,8,Aug
2025-08-18,Air India,,2025,8,Aug
2025-08-19,Air India,,2025,8,Aug
2025-08-20,Air India,,2025,8,Aug
2025-08-21,Air India,,2025,8,Aug
2025-08-22,Air India,,2025,8,Aug
2025-08-23,Air India,,2025,8,Aug
2025-08-24,Air India,,2025,8,Aug
2025-08-25,Air India,,2025,8,Aug
2025-08-26,Air India,,2025,8,Aug
2025-08-27,Air India,,2025,8,Aug
2025-08-28,Air India,,2025,8,Aug
2025-08-29,Air India,,2025,8,Aug
2025-08-30,Air India,,2025,8,Aug
2025-08-31,Air India,,2025,8,Aug
2025-09-01,Air India,,2025,9,Sep
2025-09-02,Air India,,2025,9,Sep
2025-09-03,Air India,,2025,9,Sep
2025-09-04,Air India,,2025,9,Sep
2025-09-05,Air India,,2025,9,Sep
2025-09-06,Air India,,2025,9,Sep
2025-09-07,Air India,,2025,9,Sep
2025-09-08,Air India,,2025,9,Sep
2025-09-09,Air India,,2025,9,Sep
2025-09-10,Air India,,2025,9,Sep
2025-09-11,Air India,,2025,9,Sep
2025-09-12,Air India,,2025,9,Sep
2025-09-13,Air India,,2025,9,Sep
2025-09-14,Air India,,2025,9,Sep
2025-09-15,Air India,,2025,9,Sep
2025-09-16,Air India,,2025,9,Sep
2025-09-17,Air India,,2025,9,Sep
2025-09-18,Air India,,2025,9,Sep
2025-09-19,Air India,,2025,9,Sep
2025-09-20,Air India,,2025,9,Sep
2025-09-21,Air India,,2025,9,Sep
2025-09-22,Air India,,2025,9,Sep
2025-09-23,Air India,,2025,9,Sep
2025-09-25,Air India,,2025,9,Sep
2025-09-26,Air India,,2025,9,Sep
2025-09-27,Air India,,2025,9,Sep
2025-09-28,Air India,,2025,9,Sep
2025-09-29,Air India,,2025,9,Sep
2025-09-30,Air India,,2025,9,Sep
2025-10-01,Air India,,2025,10,Oct
2025-10-02,Air India,,2025,10,Oct
2025-10-03,Air India,,2025,10,Oct
2025-10-04,Air India,,2025,10,Oct
2025-10-05,Air India,,2025,10,Oct
2025-10-06,Air India,,2025,10,Oct
2025-10-07,Air India,,2025,10,Oct
2025-10-08,Air India,,2025,10,Oct
2025-10-09,Air India,,2025,10,Oct
2025-10-10,Air India,,2025,10,Oct
2025-10-11,Air India,,2025,10,Oct
2025-10-12,Air India,,2025,10,Oct
2025-10-13,Air India,,2025,10,Oct
2025-10-14,Air India,,2025,10,Oct
2025-10-15,Air India,,2025,10,Oct
2025-10-16,Air India,,2025,10,Oct
2025-10-17,Air India,,2025,10,Oct
2025-10-18,Air India,,2025,10,Oct
2025-10-19,Air India,,2025,10,Oct
2025-10-20,Air India,,2025,10,Oct
2025-10-21,Air India,,2025,10,Oct
2025-10-22,Air India,,2025,10,Oct
2025-10-23,Air India,,2025,10,Oct
2025-10-24,Air India,,2025,10,Oct
2025-10-25,Air India,,2025,10,Oct
2025-10-26,Air India,,2025,10,Oct
2025-10-27,Air India,,2025,10,Oct
2025-10-28,Air India,,2025,10,Oct
2025-10-29,Air India,,2025,10,Oct
2025-10-30,Air India,,2025,10,Oct
2025-10-31,Air India,,2025,10,Oct
2025-11-01,Air India,,2025,11,Nov
2025-11-02,Air India,,2025,11,Nov
2025-11-03,Air India,,2025,11,Nov
2025-11-04,Air India,,2025,11,Nov
2025-11-05,Air India,,2025,11,Nov
2025-11-06,Air India,,2025,11,Nov
2025-11-07,Air India,,2025,11,Nov
2025-11-08,Air India,,2025,11,Nov
2025-11-09,Air India,,2025,11,Nov
2025-11-10,Air India,,2025,11,Nov
2025-11-11,Air India,,2025,11,Nov
2025-11-12,Air India,,2025,11,Nov
2025-11-13,Air India,,2025,11,Nov
2025-11-14,Air India,,2025,11,Nov
2025-11-15,Air India,,2025,11,Nov
2025-11-16,Air India,,2025,11,Nov
2025-11-17,Air India,,2025,11,Nov
2025-11-18,Air India,,2025,11,Nov
2025-11-19,Air India,,2025,11,Nov
2025-11-20,Air India,,2025,11,Nov
2025-11-21,Air India,,2025,11,Nov
2025-11-22,Air India,,2025,11,Nov
2025-11-23,Air India,,2025,11,Nov
2025-11-24,Air India,,2025,11,Nov
2025-11-25,Air India,,2025,11,Nov
2025-11-26,Air India,,2025,11,Nov
2025-11-27,Air India,,2025,11,Nov
2025-11-28,Air India,,2025,11,Nov
2025-11-29,Air India,,2025,11,Nov
2025-11-30,Air India,,2025,11,Nov
2025-12-01,Air India,,2025,12,Dec
2025-12-02,Air India,,2025,12,Dec
2025-12-03,Air India,,2025,12,Dec
2025-12-07,Air India,,2025,12,Dec
2025-12-08,Air India,,2025,12,Dec
2025-12-09,Air India,,2025,12,Dec
2025-12-10,Air India,,2025,12,Dec
2025-12-11,Air India,,2025,12,Dec
2025-12-12,Air India,,2025,12,Dec
2025-12-13,Air India,,2025,12,Dec
2025-12-14,Air India,,2025,12,Dec
2025-12-15,Air India,,2025,12,Dec
2025-12-16,Air India,,2025,12,Dec
2025-12-17,Air India,,2025,12,Dec
2025-12-18,Air India,,2025,12,Dec
2025-12-19,Air India,,2025,12,Dec
2025-12-20,Air India,,2025,12,Dec
2025-12-21,Air India,,2025,12,Dec
2025-12-22,Air India,,2025,12,Dec
2025-12-23,Air India,,2025,12,Dec
2025-12-24,Air India,,2025,12,Dec
2025-12-25,Air India,,2025,12,Dec
2025-12-26,Air India,,2025,12,Dec
2025-12-27,Air India,,2025,12,Dec
2025-12-28,Air India,,2025,12,Dec
2025-12-29,Air India,,2025,12,Dec
2025-12-30,Air India,,2025,12,Dec
2025-12-31,Air India,,2025,12,Dec
2026-01-01,Air India,,2026,1,Jan
2026-01-02,Air India,,2026,1,Jan
2026-01-03,Air India,,2026,1,Jan
2026-01-04,Air India,,2026,1,Jan
2026-01-05,Air India,,2026,1,Jan
2026-01-06,Air India,,2026,1,Jan
2026-01-07,Air India,,2026,1,Jan
2026-01-08,Air India,,2026,1,Jan
2026-01-09,Air India,,2026,1,Jan
2026-01-10,Air India,,2026,1,Jan
2026-01-11,Air India,,2026,1,Jan
2026-01-12,Air India,,2026,1,Jan
2026-01-13,Air India,,2026,1,Jan
2026-01-14,Air India,,2026,1,Jan
2026-01-15,Air India,,2026,1,Jan
2026-01-16,Air India,,2026,1,Jan
2026-01-17,Air India,,2026,1,Jan
2026-01-18,Air India,,2026,1,Jan
2026-01-19,Air India,,2026,1,Jan
2026-01-20,Air India,,2026,1,Jan
2026-01-21,Air India,,2026,1,Jan
2026-01-22,Air India,,2026,1,Jan
2026-01-23,Air India,,2026,1,Jan
2026-01-24,Air India,,2026,1,Jan
2026-01-25,Air India,,2026,1,Jan
2026-01-26,Air India,,2026,1,Jan
2026-01-27,Air India,,2026,1,Jan
2026-01-28,Air India,,2026,1,Jan
2026-01-29,Air India,,2026,1,Jan
2026-01-30,Air India,,2026,1,Jan
2026-01-31,Air India,,2026,1,Jan
2026-02-01,Air India,,2026,2,Feb
2026-02-02,Air India,,2026,2,Feb
2026-02-03,Air India,,2026,2,Feb
2026-02-04,Air India,,2026,2,Feb
2026-02-05,Air India,,2026,2,Feb
2026-02-06,Air India,,2026,2,Feb
2026-02-07,Air India,,2026,2,Feb
2026-02-08,Air India,,2026,2,Feb
2026-02-09,Air India,,2026,2,Feb
2026-02-10,Air India,,2026,2,Feb
2026-02-11,Air India,,2026,2,Feb
2026-02-12,Air India,,2026,2,Feb
2026-02-13,Air India,,2026,2,Feb
2026-02-14,Air India,,2026,2,Feb
2026-02-15,Air India,,2026,2,Feb
2026-02-16,Air India,,2026,2,Feb
2026-02-17,Air India,,2026,2,Feb
2026-02-18,Air India,,2026,2,Feb
2026-02-19,Air India,,2026,2,Feb
2026-02-20,Air India,,2026,2,Feb
2026-02-21,Air India,,2026,2,Feb
2026-02-22,Air India,,2026,2,Feb
2026-02-23,Air India,,2026,2,Feb
2026-02-24,Air India,,2026,2,Feb
2026-02-25,Air India,,2026,2,Feb
2026-02-26,Air India,,2026,2,Feb
2026-02-27,Air India,,2026,2,Feb
2026-02-28,Air India,,2026,2,Feb
2026-03-01,Air India,,2026,3,Mar
2026-03-02,Air India,,2026,3,Mar
2026-03-03,Air India,,2026,3,Mar
2026-03-04,Air India,,2026,3,Mar
2026-03-05,Air India,,2026,3,Mar
2026-03-06,Air India,,2026,3,Mar
2026-03-07,Air India,,2026,3,Mar
2026-03-08,Air India,,2026,3,Mar
2026-03-09,Air India,,2026,3,Mar
2026-03-10,Air India,,2026,3,Mar
2026-03-11,Air India,,2026,3,Mar
2026-03-12,Air India,,2026,3,Mar
2026-03-13,Air India,,2026,3,Mar
2026-03-14,Air India,,2026,3,Mar
2026-03-15,Air India,,2026,3,Mar
2026-03-16,Air India,,2026,3,Mar
2026-03-17,Air India,,2026,3,Mar
2026-03-18,Air India,,2026,3,Mar
2026-03-19,Air India,,2026,3,Mar
2026-03-20,Air India,,2026,3,Mar
2026-03-21,Air India,,2026,3,Mar
2026-03-22,Air India,,2026,3,Mar
2026-03-23,Air India,,2026,3,Mar
2026-03-24,Air India,,2026,3,Mar
2026-03-25,Air India,,2026,3,Mar
2026-03-26,Air India,,2026,3,Mar
2026-03-27,Air India,,2026,3,Mar
2026-03-28,Air India,,2026,3,Mar
2026-03-29,Air India,,2026,3,Mar
2026-03-30,Air India,,2026,3,Mar
2026-03-31,Air India,,2026,3,Mar
2026-04-01,Air India,,2026,4,Apr
2026-04-02,Air India,,2026,4,Apr
2026-04-03,Air India,,2026,4,Apr
2026-04-04,Air India,,2026,4,Apr
2026-04-05,Air India,,2026,4,Apr
2026-04-06,Air India,,2026,4,Apr
2026-04-07,Air India,,2026,4,Apr
2026-04-08,Air India,,2026,4,Apr
2026-04-09,Air India,,2026,4,Apr
2026-04-11,Air India,,2026,4,Apr
2026-04-12,Air India,,2026,4,Apr
2026-04-13,Air India,,2026,4,Apr
2026-04-14,Air India,,2026,4,Apr
2026-04-15,Air India,,2026,4,Apr
2026-04-16,Air India,,2026,4,Apr
2026-04-17,Air India,,2026,4,Apr
2026-04-18,Air India,,2026,4,Apr
2026-04-19,Air India,,2026,4,Apr
2026-04-20,Air India,,2026,4,Apr
2026-04-21,Air India,,2026,4,Apr
2026-04-22,Air India,,2026,4,Apr
2026-04-23,Air India,,2026,4,Apr
2026-04-24,Air India,,2026,4,Apr
2026-04-25,Air India,,2026,4,Apr
2026-04-26,Air India,,2026,4,Apr
2026-04-27,Air India,,2026,4,Apr
2026-04-28,Air India,,2026,4,Apr
2026-04-29,Air India,,2026,4,Apr
2026-04-30,Air India,,2026,4,Apr
2026-05-01,Air India,,2026,5,May
2026-05-02,Air India,,2026,5,May
2026-05-03,Air India,,2026,5,May
2026-05-05,Air India,,2026,5,May
2026-05-04,Air India,,2026,5,May
2026-05-06,Air India,,2026,5,May
2026-05-07,Air India,,2026,5,May
2026-05-08,Air India,,2026,5,May
2026-05-09,Air India,,2026,5,May
2026-05-10,Air India,,2026,5,May
2026-05-11,Air India,,2026,5,May
2026-05-12,Air India,,2026,5,May
2026-05-13,Air India,,2026,5,May
2026-05-14,Air India,,2026,5,May
2026-05-15,Air India,,2026,5,May
2026-05-16,Air India,,2026,5,May
2026-05-17,Air India,,2026,5,May
2026-05-18,Air India,,2026,5,May
2026-05-19,Air India,,2026,5,May
2026-05-20,Air India,,2026,5,May
2026-05-21,Air India,,2026,5,May
2026-05-22,Air India,,2026,5,May
2026-05-23,Air India,,2026,5,May
2026-05-24,Air India,,2026,5,May
2026-05-25,Air India,,2026,5,May
2026-05-26,Air India,,2026,5,May
2026-05-27,Air India,,2026,5,May
2026-05-28,Air India,,2026,5,May
2026-05-29,Air India,,2026,5,May
2026-05-30,Air India,,2026,5,May
2026-05-31,Air India,,2026,5,May
2026-06-01,Air India,,2026,6,Jun
2026-06-02,Air India,,2026,6,Jun
2026-06-03,Air India,,2026,6,Jun
2022-11-29,Akasa Air,,2022,11,Nov
2022-12-03,Akasa Air,,2022,12,Dec
2023-01-03,Akasa Air,,2023,1,Jan
2023-01-07,Akasa Air,,2023,1,Jan
2023-02-01,Akasa Air,,2023,2,Feb
2023-02-02,Akasa Air,,2023,2,Feb
2023-02-19,Akasa Air,,2023,2,Feb
2023-02-18,Akasa Air,,2023,2,Feb
2023-03-04,Akasa Air,,2023,3,Mar
2023-03-05,Akasa Air,,2023,3,Mar
2023-03-06,Akasa Air,,2023,3,Mar
2023-03-09,Akasa Air,,2023,3,Mar
2023-03-10,Akasa Air,,2023,3,Mar
2023-03-11,Akasa Air,,2023,3,Mar
2023-03-12,Akasa Air,,2023,3,Mar
2023-03-13,Akasa Air,,2023,3,Mar
2023-03-14,Akasa Air,,2023,3,Mar
2023-03-15,Akasa Air,,2023,3,Mar
2023-03-17,Akasa Air,,2023,3,Mar
2023-03-18,Akasa Air,,2023,3,Mar
2023-03-19,Akasa Air,,2023,3,Mar
2023-03-20,Akasa Air,,2023,3,Mar
2023-03-21,Akasa Air,,2023,3,Mar
2023-03-22,Akasa Air,,2023,3,Mar
2023-03-23,Akasa Air,,2023,3,Mar
2023-03-24,Akasa Air,,2023,3,Mar
2023-03-25,Akasa Air,,2023,3,Mar
2023-03-26,Akasa Air,,2023,3,Mar
2023-03-27,Akasa Air,,2023,3,Mar
2023-03-28,Akasa Air,,2023,3,Mar
2023-03-29,Akasa Air,,2023,3,Mar
2023-03-30,Akasa Air,,2023,3,Mar
2023-03-31,Akasa Air,,2023,3,Mar
2023-04-01,Akasa Air,,2023,4,Apr
2023-04-02,Akasa Air,,2023,4,Apr
2023-04-03,Akasa Air,,2023,4,Apr
2023-04-04,Akasa Air,,2023,4,Apr
2023-04-05,Akasa Air,,2023,4,Apr
2023-04-06,Akasa Air,,2023,4,Apr
2023-04-07,Akasa Air,,2023,4,Apr
2023-04-08,Akasa Air,,2023,4,Apr
2023-04-09,Akasa Air,,2023,4,Apr
2023-04-10,Akasa Air,,2023,4,Apr
2023-04-11,Akasa Air,,2023,4,Apr
2023-04-12,Akasa Air,,2023,4,Apr
2023-04-14,Akasa Air,,2023,4,Apr
2023-04-15,Akasa Air,,2023,4,Apr
2023-04-16,Akasa Air,,2023,4,Apr
2023-04-17,Akasa Air,,2023,4,Apr
2023-04-18,Akasa Air,,2023,4,Apr
2023-04-19,Akasa Air,,2023,4,Apr
2023-04-20,Akasa Air,,2023,4,Apr
2023-04-21,Akasa Air,,2023,4,Apr
2023-04-22,Akasa Air,,2023,4,Apr
2023-04-23,Akasa Air,,2023,4,Apr
2023-04-24,Akasa Air,,2023,4,Apr
2023-04-25,Akasa Air,,2023,4,Apr
2023-04-26,Akasa Air,,2023,4,Apr
2023-04-27,Akasa Air,,2023,4,Apr
2023-04-28,Akasa Air,,2023,4,Apr
2023-04-29,Akasa Air,,2023,4,Apr
2023-04-30,Akasa Air,,2023,4,Apr
2023-05-01,Akasa Air,,2023,5,May
2023-05-02,Akasa Air,,2023,5,May
2023-05-03,Akasa Air,,2023,5,May
2023-05-04,Akasa Air,,2023,5,May
2023-05-05,Akasa Air,,2023,5,May
2023-05-06,Akasa Air,,2023,5,May
2023-05-07,Akasa Air,,2023,5,May
2023-05-08,Akasa Air,,2023,5,May
2023-05-09,Akasa Air,,2023,5,May
2023-05-10,Akasa Air,,2023,5,May
2023-05-11,Akasa Air,,2023,5,May
2023-05-12,Akasa Air,,2023,5,May
2023-05-13,Akasa Air,,2023,5,May
2023-05-14,Akasa Air,,2023,5,May
2023-05-15,Akasa Air,,2023,5,May
2023-05-16,Akasa Air,,2023,5,May
2023-05-17,Akasa Air,,2023,5,May
2023-05-18,Akasa Air,,2023,5,May
2023-05-19,Akasa Air,,2023,5,May
2023-05-20,Akasa Air,,2023,5,May
2023-05-21,Akasa Air,,2023,5,May
2023-05-22,Akasa Air,,2023,5,May
2023-05-23,Akasa Air,,2023,5,May
2023-05-24,Akasa Air,,2023,5,May
2023-05-25,Akasa Air,,2023,5,May
2023-05-26,Akasa Air,,2023,5,May
2023-05-27,Akasa Air,,2023,5,May
2023-05-28,Akasa Air,,2023,5,May
2023-05-29,Akasa Air,,2023,5,May
2023-05-30,Akasa Air,,2023,5,May
2023-05-31,Akasa Air,,2023,5,May
2023-06-02,Akasa Air,,2023,6,Jun
2023-06-03,Akasa Air,,2023,6,Jun
2023-06-04,Akasa Air,,2023,6,Jun
2023-06-05,Akasa Air,,2023,6,Jun
2023-06-06,Akasa Air,,2023,6,Jun
2023-06-07,Akasa Air,,2023,6,Jun
2023-06-08,Akasa Air,,2023,6,Jun
2023-06-09,Akasa Air,,2023,6,Jun
2023-06-10,Akasa Air,,2023,6,Jun
2023-06-11,Akasa Air,,2023,6,Jun
2023-06-12,Akasa Air,,2023,6,Jun
2023-06-13,Akasa Air,,2023,6,Jun
2023-06-14,Akasa Air,,2023,6,Jun
2023-06-15,Akasa Air,,2023,6,Jun
2023-06-16,Akasa Air,,2023,6,Jun
2023-06-17,Akasa Air,,2023,6,Jun
2023-06-18,Akasa Air,,2023,6,Jun
2023-06-19,Akasa Air,,2023,6,Jun
2023-06-23,Akasa Air,,2023,6,Jun
2023-06-24,Akasa Air,,2023,6,Jun
2023-06-25,Akasa Air,,2023,6,Jun
2023-06-26,Akasa Air,,2023,6,Jun
2023-06-27,Akasa Air,,2023,6,Jun
2023-06-28,Akasa Air,,2023,6,Jun
2023-06-29,Akasa Air,,2023,6,Jun
2023-06-30,Akasa Air,,2023,6,Jun
2023-07-01,Akasa Air,,2023,7,Jul
2023-07-02,Akasa Air,,2023,7,Jul
2023-07-03,Akasa Air,,2023,7,Jul
2023-07-04,Akasa Air,,2023,7,Jul
2023-07-05,Akasa Air,,2023,7,Jul
2023-07-08,Akasa Air,,2023,7,Jul
2023-07-09,Akasa Air,,2023,7,Jul
2023-07-10,Akasa Air,,2023,7,Jul
2023-07-11,Akasa Air,,2023,7,Jul
2023-07-12,Akasa Air,,2023,7,Jul
2023-07-13,Akasa Air,,2023,7,Jul
2023-07-14,Akasa Air,,2023,7,Jul
2023-07-15,Akasa Air,,2023,7,Jul
2023-07-17,Akasa Air,,2023,7,Jul
2023-07-18,Akasa Air,,2023,7,Jul
2023-07-19,Akasa Air,,2023,7,Jul
2023-07-20,Akasa Air,,2023,7,Jul
2023-07-21,Akasa Air,,2023,7,Jul
2023-07-22,Akasa Air,,2023,7,Jul
2023-07-23,Akasa Air,,2023,7,Jul
2023-07-24,Akasa Air,,2023,7,Jul
2023-07-25,Akasa Air,,2023,7,Jul
2023-07-26,Akasa Air,,2023,7,Jul
2023-07-27,Akasa Air,,2023,7,Jul
2023-07-28,Akasa Air,,2023,7,Jul
2023-07-29,Akasa Air,,2023,7,Jul
2023-07-30,Akasa Air,,2023,7,Jul
2023-07-31,Akasa Air,,2023,7,Jul
2023-08-01,Akasa Air,,2023,8,Aug
2023-08-02,Akasa Air,,2023,8,Aug
2023-08-03,Akasa Air,,2023,8,Aug
2023-08-04,Akasa Air,,2023,8,Aug
2023-08-05,Akasa Air,,2023,8,Aug
2023-08-06,Akasa Air,,2023,8,Aug
2023-08-07,Akasa Air,,2023,8,Aug
2023-08-08,Akasa Air,,2023,8,Aug
2023-08-09,Akasa Air,,2023,8,Aug
2023-08-10,Akasa Air,,2023,8,Aug
2023-08-11,Akasa Air,,2023,8,Aug
2023-08-13,Akasa Air,,2023,8,Aug
2023-08-14,Akasa Air,,2023,8,Aug
2023-08-15,Akasa Air,,2023,8,Aug
2023-08-28,Akasa Air,,2023,8,Aug
2023-09-20,Akasa Air,,2023,9,Sep
2023-10-13,Akasa Air,,2023,10,Oct
2023-10-14,Akasa Air,,2023,10,Oct
2023-10-15,Akasa Air,,2023,10,Oct
2023-10-16,Akasa Air,,2023,10,Oct
2023-10-17,Akasa Air,,2023,10,Oct
2023-10-18,Akasa Air,,2023,10,Oct
2023-10-19,Akasa Air,,2023,10,Oct
2023-10-20,Akasa Air,,2023,10,Oct
2023-10-21,Akasa Air,,2023,10,Oct
2023-10-22,Akasa Air,,2023,10,Oct
2023-10-23,Akasa Air,,2023,10,Oct
2023-10-24,Akasa Air,,2023,10,Oct
2023-10-25,Akasa Air,,2023,10,Oct
2023-10-26,Akasa Air,,2023,10,Oct
2023-10-27,Akasa Air,,2023,10,Oct
2023-10-28,Akasa Air,,2023,10,Oct
2023-10-29,Akasa Air,,2023,10,Oct
2023-10-30,Akasa Air,,2023,10,Oct
2023-10-31,Akasa Air,,2023,10,Oct
2023-11-01,Akasa Air,,2023,11,Nov
2023-11-02,Akasa Air,,2023,11,Nov
2023-11-04,Akasa Air,,2023,11,Nov
2023-11-05,Akasa Air,,2023,11,Nov
2023-11-06,Akasa Air,,2023,11,Nov
2023-11-07,Akasa Air,,2023,11,Nov
2023-11-08,Akasa Air,,2023,11,Nov
2023-11-09,Akasa Air,,2023,11,Nov
2023-11-10,Akasa Air,,2023,11,Nov
2023-11-11,Akasa Air,,2023,11,Nov
2023-11-12,Akasa Air,,2023,11,Nov
2023-11-13,Akasa Air,,2023,11,Nov
2023-11-14,Akasa Air,,2023,11,Nov
2023-11-15,Akasa Air,,2023,11,Nov
2023-11-16,Akasa Air,,2023,11,Nov
2023-11-17,Akasa Air,,2023,11,Nov
2023-11-18,Akasa Air,,2023,11,Nov
2023-11-19,Akasa Air,,2023,11,Nov
2023-11-20,Akasa Air,,2023,11,Nov
2023-11-21,Akasa Air,,2023,11,Nov
2023-11-22,Akasa Air,,2023,11,Nov
2023-11-23,Akasa Air,,2023,11,Nov
2023-11-25,Akasa Air,,2023,11,Nov
2023-11-27,Akasa Air,,2023,11,Nov
2023-11-26,Akasa Air,,2023,11,Nov
2023-11-28,Akasa Air,,2023,11,Nov
2023-11-30,Akasa Air,,2023,11,Nov
2023-12-01,Akasa Air,,2023,12,Dec
2023-12-02,Akasa Air,,2023,12,Dec
2023-12-03,Akasa Air,,2023,12,Dec
2023-12-04,Akasa Air,,2023,12,Dec
2023-12-06,Akasa Air,,2023,12,Dec
2023-12-07,Akasa Air,,2023,12,Dec
2023-12-08,Akasa Air,,2023,12,Dec
2023-12-10,Akasa Air,,2023,12,Dec
2023-12-11,Akasa Air,,2023,12,Dec
2023-12-13,Akasa Air,,2023,12,Dec
2023-12-14,Akasa Air,,2023,12,Dec
2023-12-12,Akasa Air,,2023,12,Dec
2023-12-15,Akasa Air,,2023,12,Dec
2023-12-16,Akasa Air,,2023,12,Dec
2023-12-18,Akasa Air,,2023,12,Dec
2023-12-19,Akasa Air,,2023,12,Dec
2023-12-20,Akasa Air,,2023,12,Dec
2023-12-21,Akasa Air,,2023,12,Dec
2023-12-22,Akasa Air,,2023,12,Dec
2023-12-25,Akasa Air,,2023,12,Dec
2023-12-23,Akasa Air,,2023,12,Dec
2023-12-26,Akasa Air,,2023,12,Dec
2023-12-28,Akasa Air,,2023,12,Dec
2023-12-27,Akasa Air,,2023,12,Dec
2023-12-29,Akasa Air,,2023,12,Dec
2023-12-30,Akasa Air,,2023,12,Dec
2023-12-31,Akasa Air,,2023,12,Dec
2024-01-01,Akasa Air,,2024,1,Jan
2024-01-02,Akasa Air,,2024,1,Jan
2024-01-03,Akasa Air,,2024,1,Jan
2024-01-04,Akasa Air,,2024,1,Jan
2024-01-05,Akasa Air,,2024,1,Jan
2024-01-06,Akasa Air,,2024,1,Jan
2024-01-07,Akasa Air,,2024,1,Jan
2024-01-08,Akasa Air,,2024,1,Jan
2024-01-09,Akasa Air,,2024,1,Jan
2024-01-10,Akasa Air,,2024,1,Jan
2024-01-11,Akasa Air,,2024,1,Jan
2024-01-12,Akasa Air,,2024,1,Jan
2024-01-13,Akasa Air,,2024,1,Jan
2024-01-14,Akasa Air,,2024,1,Jan
2024-01-15,Akasa Air,,2024,1,Jan
2024-01-16,Akasa Air,,2024,1,Jan
2024-01-17,Akasa Air,,2024,1,Jan
2024-01-18,Akasa Air,,2024,1,Jan
2024-01-19,Akasa Air,,2024,1,Jan
2024-01-20,Akasa Air,,2024,1,Jan
2024-01-21,Akasa Air,,2024,1,Jan
2024-01-22,Akasa Air,,2024,1,Jan
2024-01-23,Akasa Air,,2024,1,Jan
2024-01-24,Akasa Air,,2024,1,Jan
2024-01-25,Akasa Air,,2024,1,Jan
2024-01-26,Akasa Air,,2024,1,Jan
2024-01-27,Akasa Air,,2024,1,Jan
2024-01-28,Akasa Air,,2024,1,Jan
2024-01-29,Akasa Air,,2024,1,Jan
2024-01-30,Akasa Air,,2024,1,Jan
2024-01-31,Akasa Air,,2024,1,Jan
2024-02-01,Akasa Air,,2024,2,Feb
2024-02-02,Akasa Air,,2024,2,Feb
2024-02-03,Akasa Air,,2024,2,Feb
2024-02-04,Akasa Air,,2024,2,Feb
2024-02-05,Akasa Air,,2024,2,Feb
2024-02-06,Akasa Air,,2024,2,Feb
2024-02-07,Akasa Air,,2024,2,Feb
2024-02-08,Akasa Air,,2024,2,Feb
2024-02-09,Akasa Air,,2024,2,Feb
2024-02-10,Akasa Air,,2024,2,Feb
2024-02-11,Akasa Air,,2024,2,Feb
2024-02-12,Akasa Air,,2024,2,Feb
2024-02-13,Akasa Air,,2024,2,Feb
2024-02-14,Akasa Air,,2024,2,Feb
2024-02-15,Akasa Air,,2024,2,Feb
2024-02-16,Akasa Air,,2024,2,Feb
2024-02-17,Akasa Air,,2024,2,Feb
2024-02-18,Akasa Air,,2024,2,Feb
2024-02-19,Akasa Air,,2024,2,Feb
2024-02-21,Akasa Air,,2024,2,Feb
2024-02-22,Akasa Air,,2024,2,Feb
2024-02-23,Akasa Air,,2024,2,Feb
2024-02-24,Akasa Air,,2024,2,Feb
2024-02-25,Akasa Air,,2024,2,Feb
2024-02-26,Akasa Air,,2024,2,Feb
2024-02-27,Akasa Air,,2024,2,Feb
2024-02-28,Akasa Air,,2024,2,Feb
2024-02-29,Akasa Air,,2024,2,Feb
2024-03-01,Akasa Air,,2024,3,Mar
2024-03-02,Akasa Air,,2024,3,Mar
2024-03-03,Akasa Air,,2024,3,Mar
2024-03-04,Akasa Air,,2024,3,Mar
2024-03-05,Akasa Air,,2024,3,Mar
2024-03-06,Akasa Air,,2024,3,Mar
2024-03-07,Akasa Air,,2024,3,Mar
2024-03-08,Akasa Air,,2024,3,Mar
2024-03-09,Akasa Air,,2024,3,Mar
2024-03-10,Akasa Air,,2024,3,Mar
2024-03-11,Akasa Air,,2024,3,Mar
2024-03-12,Akasa Air,,2024,3,Mar
2024-03-13,Akasa Air,,2024,3,Mar
2024-03-14,Akasa Air,,2024,3,Mar
2024-03-15,Akasa Air,,2024,3,Mar
2024-03-16,Akasa Air,,2024,3,Mar
2024-03-17,Akasa Air,,2024,3,Mar
2024-03-18,Akasa Air,,2024,3,Mar
2024-03-19,Akasa Air,,2024,3,Mar
2024-03-20,Akasa Air,,2024,3,Mar
2024-03-21,Akasa Air,,2024,3,Mar
2024-03-22,Akasa Air,,2024,3,Mar
2024-03-24,Akasa Air,,2024,3,Mar
2024-03-25,Akasa Air,,2024,3,Mar
2024-03-26,Akasa Air,,2024,3,Mar
2024-03-27,Akasa Air,,2024,3,Mar
2024-03-28,Akasa Air,,2024,3,Mar
2024-03-29,Akasa Air,,2024,3,Mar
2024-03-30,Akasa Air,,2024,3,Mar
2024-03-31,Akasa Air,,2024,3,Mar
2024-04-01,Akasa Air,,2024,4,Apr
2024-04-02,Akasa Air,,2024,4,Apr
2024-04-03,Akasa Air,,2024,4,Apr
2024-04-04,Akasa Air,,2024,4,Apr
2024-04-05,Akasa Air,,2024,4,Apr
2024-04-06,Akasa Air,,2024,4,Apr
2024-04-07,Akasa Air,,2024,4,Apr
2024-04-08,Akasa Air,,2024,4,Apr
2024-04-09,Akasa Air,,2024,4,Apr
2024-04-10,Akasa Air,,2024,4,Apr
2024-04-11,Akasa Air,,2024,4,Apr
2024-04-12,Akasa Air,,2024,4,Apr
2024-04-13,Akasa Air,,2024,4,Apr
2024-04-14,Akasa Air,,2024,4,Apr
2024-04-15,Akasa Air,,2024,4,Apr
2024-04-16,Akasa Air,,2024,4,Apr
2024-04-17,Akasa Air,,2024,4,Apr
2024-04-18,Akasa Air,,2024,4,Apr
2024-04-19,Akasa Air,,2024,4,Apr
2024-04-20,Akasa Air,,2024,4,Apr
2024-04-21,Akasa Air,,2024,4,Apr
2024-04-22,Akasa Air,,2024,4,Apr
2024-04-24,Akasa Air,,2024,4,Apr
2024-04-25,Akasa Air,,2024,4,Apr
2024-04-26,Akasa Air,,2024,4,Apr
2024-04-27,Akasa Air,,2024,4,Apr
2024-04-28,Akasa Air,,2024,4,Apr
2024-04-30,Akasa Air,,2024,4,Apr
2024-05-01,Akasa Air,,2024,5,May
2024-05-02,Akasa Air,,2024,5,May
2024-05-03,Akasa Air,,2024,5,May
2024-05-04,Akasa Air,,2024,5,May
2024-05-05,Akasa Air,,2024,5,May
2024-05-06,Akasa Air,,2024,5,May
2024-05-07,Akasa Air,,2024,5,May
2024-05-08,Akasa Air,,2024,5,May
2024-05-09,Akasa Air,,2024,5,May
2024-05-10,Akasa Air,,2024,5,May
2024-05-11,Akasa Air,,2024,5,May
2024-05-12,Akasa Air,,2024,5,May
2024-05-13,Akasa Air,,2024,5,May
2024-05-14,Akasa Air,,2024,5,May
2024-05-15,Akasa Air,,2024,5,May
2024-05-16,Akasa Air,,2024,5,May
2024-05-17,Akasa Air,,2024,5,May
2024-05-18,Akasa Air,,2024,5,May
2024-05-19,Akasa Air,,2024,5,May
2024-05-20,Akasa Air,,2024,5,May
2024-05-22,Akasa Air,,2024,5,May
2024-05-23,Akasa Air,,2024,5,May
2024-05-24,Akasa Air,,2024,5,May
2024-05-25,Akasa Air,,2024,5,May
2024-05-26,Akasa Air,,2024,5,May
2024-05-27,Akasa Air,,2024,5,May
2024-05-28,Akasa Air,,2024,5,May
2024-05-29,Akasa Air,,2024,5,May
2024-05-30,Akasa Air,,2024,5,May
2024-05-31,Akasa Air,,2024,5,May
2024-06-01,Akasa Air,,2024,6,Jun
2024-06-02,Akasa Air,,2024,6,Jun
2024-06-04,Akasa Air,,2024,6,Jun
2024-06-05,Akasa Air,,2024,6,Jun
2024-06-06,Akasa Air,,2024,6,Jun
2024-06-07,Akasa Air,,2024,6,Jun
2024-06-08,Akasa Air,,2024,6,Jun
2024-06-09,Akasa Air,,2024,6,Jun
2024-06-10,Akasa Air,,2024,6,Jun
2024-06-11,Akasa Air,,2024,6,Jun
2024-06-12,Akasa Air,,2024,6,Jun
2024-06-13,Akasa Air,,2024,6,Jun
2024-06-14,Akasa Air,,2024,6,Jun
2024-06-15,Akasa Air,,2024,6,Jun
2024-06-16,Akasa Air,,2024,6,Jun
2024-06-17,Akasa Air,,2024,6,Jun
2024-06-18,Akasa Air,,2024,6,Jun
2024-06-19,Akasa Air,,2024,6,Jun
2024-06-20,Akasa Air,,2024,6,Jun
2024-06-21,Akasa Air,,2024,6,Jun
2024-06-22,Akasa Air,,2024,6,Jun
2024-06-23,Akasa Air,,2024,6,Jun
2024-06-24,Akasa Air,,2024,6,Jun
2024-06-25,Akasa Air,,2024,6,Jun
2024-06-26,Akasa Air,,2024,6,Jun
2024-06-29,Akasa Air,,2024,6,Jun
2024-07-01,Akasa Air,,2024,7,Jul
2024-07-02,Akasa Air,,2024,7,Jul
2024-07-03,Akasa Air,,2024,7,Jul
2024-07-04,Akasa Air,,2024,7,Jul
2024-07-05,Akasa Air,,2024,7,Jul
2024-07-06,Akasa Air,,2024,7,Jul
2024-07-07,Akasa Air,,2024,7,Jul
2024-07-08,Akasa Air,,2024,7,Jul
2024-07-09,Akasa Air,,2024,7,Jul
2024-07-10,Akasa Air,,2024,7,Jul
2024-07-11,Akasa Air,,2024,7,Jul
2024-07-12,Akasa Air,,2024,7,Jul
2024-07-13,Akasa Air,,2024,7,Jul
2024-07-14,Akasa Air,,2024,7,Jul
2024-07-15,Akasa Air,,2024,7,Jul
2024-07-16,Akasa Air,,2024,7,Jul
2024-07-17,Akasa Air,,2024,7,Jul
2024-07-18,Akasa Air,,2024,7,Jul
2024-07-19,Akasa Air,,2024,7,Jul
2024-07-20,Akasa Air,,2024,7,Jul
2024-07-21,Akasa Air,,2024,7,Jul
2024-07-22,Akasa Air,,2024,7,Jul
2024-07-23,Akasa Air,,2024,7,Jul
2024-07-24,Akasa Air,,2024,7,Jul
2024-07-25,Akasa Air,,2024,7,Jul
2024-07-26,Akasa Air,,2024,7,Jul
2024-07-27,Akasa Air,,2024,7,Jul
2024-07-28,Akasa Air,,2024,7,Jul
2024-07-30,Akasa Air,,2024,7,Jul
2024-07-31,Akasa Air,,2024,7,Jul
2024-08-01,Akasa Air,,2024,8,Aug
2024-08-03,Akasa Air,,2024,8,Aug
2024-08-04,Akasa Air,,2024,8,Aug
2024-08-05,Akasa Air,,2024,8,Aug
2024-08-06,Akasa Air,,2024,8,Aug
2024-08-07,Akasa Air,,2024,8,Aug
2024-08-08,Akasa Air,,2024,8,Aug
2024-08-09,Akasa Air,,2024,8,Aug
2024-08-10,Akasa Air,,2024,8,Aug
2024-08-11,Akasa Air,,2024,8,Aug
2024-08-12,Akasa Air,,2024,8,Aug
2024-08-13,Akasa Air,,2024,8,Aug
2024-08-14,Akasa Air,,2024,8,Aug
2024-08-15,Akasa Air,,2024,8,Aug
2024-08-16,Akasa Air,,2024,8,Aug
2024-08-17,Akasa Air,,2024,8,Aug
2024-08-18,Akasa Air,,2024,8,Aug
2024-08-19,Akasa Air,,2024,8,Aug
2024-08-29,Akasa Air,,2024,8,Aug
2024-08-30,Akasa Air,,2024,8,Aug
2024-08-31,Akasa Air,,2024,8,Aug
2024-09-01,Akasa Air,,2024,9,Sep
2024-09-02,Akasa Air,,2024,9,Sep
2024-09-03,Akasa Air,,2024,9,Sep
2024-09-04,Akasa Air,,2024,9,Sep
2024-09-05,Akasa Air,,2024,9,Sep
2024-09-06,Akasa Air,,2024,9,Sep
2024-09-07,Akasa Air,,2024,9,Sep
2024-09-08,Akasa Air,,2024,9,Sep
2024-09-09,Akasa Air,,2024,9,Sep
2024-09-10,Akasa Air,,2024,9,Sep
2024-09-12,Akasa Air,,2024,9,Sep
2024-09-11,Akasa Air,,2024,9,Sep
2024-09-13,Akasa Air,,2024,9,Sep
2024-09-14,Akasa Air,,2024,9,Sep
2024-09-15,Akasa Air,,2024,9,Sep
2024-09-16,Akasa Air,,2024,9,Sep
2024-09-17,Akasa Air,,2024,9,Sep
2024-09-18,Akasa Air,,2024,9,Sep
2024-09-19,Akasa Air,,2024,9,Sep
2024-09-20,Akasa Air,,2024,9,Sep
2024-09-21,Akasa Air,,2024,9,Sep
2024-09-22,Akasa Air,,2024,9,Sep
2024-09-23,Akasa Air,,2024,9,Sep
2024-09-24,Akasa Air,,2024,9,Sep
2024-09-25,Akasa Air,,2024,9,Sep
2024-09-26,Akasa Air,,2024,9,Sep
2024-09-27,Akasa Air,,2024,9,Sep
2024-09-28,Akasa Air,,2024,9,Sep
2024-09-29,Akasa Air,,2024,9,Sep
2024-09-30,Akasa Air,,2024,9,Sep
2024-10-01,Akasa Air,,2024,10,Oct
2024-10-02,Akasa Air,,2024,10,Oct
2024-10-03,Akasa Air,,2024,10,Oct
2024-10-04,Akasa Air,,2024,10,Oct
2024-10-05,Akasa Air,,2024,10,Oct
2024-10-06,Akasa Air,,2024,10,Oct
2024-10-07,Akasa Air,,2024,10,Oct
2024-10-08,Akasa Air,,2024,10,Oct
2024-10-09,Akasa Air,,2024,10,Oct
2024-10-10,Akasa Air,,2024,10,Oct
2024-10-11,Akasa Air,,2024,10,Oct
2024-10-12,Akasa Air,,2024,10,Oct
2024-10-13,Akasa Air,,2024,10,Oct
2024-10-14,Akasa Air,,2024,10,Oct
2024-10-15,Akasa Air,,2024,10,Oct
2024-10-16,Akasa Air,,2024,10,Oct
2024-10-17,Akasa Air,,2024,10,Oct
2024-10-18,Akasa Air,,2024,10,Oct
2024-10-19,Akasa Air,,2024,10,Oct
2024-10-20,Akasa Air,,2024,10,Oct
2024-10-21,Akasa Air,,2024,10,Oct
2024-10-22,Akasa Air,,2024,10,Oct
2024-10-23,Akasa Air,,2024,10,Oct
2024-10-24,Akasa Air,,2024,10,Oct
2024-10-25,Akasa Air,,2024,10,Oct
2024-10-26,Akasa Air,,2024,10,Oct
2024-10-27,Akasa Air,,2024,10,Oct
2024-10-28,Akasa Air,,2024,10,Oct
2024-10-29,Akasa Air,,2024,10,Oct
2024-10-30,Akasa Air,,2024,10,Oct
2024-10-31,Akasa Air,,2024,10,Oct
2024-11-01,Akasa Air,,2024,11,Nov
2024-11-02,Akasa Air,,2024,11,Nov
2024-11-03,Akasa Air,,2024,11,Nov
2024-11-04,Akasa Air,,2024,11,Nov
2024-11-05,Akasa Air,,2024,11,Nov
2024-11-06,Akasa Air,,2024,11,Nov
2024-11-07,Akasa Air,,2024,11,Nov
2024-11-08,Akasa Air,,2024,11,Nov
2024-11-09,Akasa Air,,2024,11,Nov
2024-11-10,Akasa Air,,2024,11,Nov
2024-11-11,Akasa Air,,2024,11,Nov
2024-11-12,Akasa Air,,2024,11,Nov
2024-11-13,Akasa Air,,2024,11,Nov
2024-11-14,Akasa Air,,2024,11,Nov
2024-11-15,Akasa Air,,2024,11,Nov
2024-11-16,Akasa Air,,2024,11,Nov
2024-11-17,Akasa Air,,2024,11,Nov
2024-11-18,Akasa Air,,2024,11,Nov
2024-11-19,Akasa Air,,2024,11,Nov
2024-11-20,Akasa Air,,2024,11,Nov
2024-11-21,Akasa Air,,2024,11,Nov
2024-11-22,Akasa Air,,2024,11,Nov
2024-11-23,Akasa Air,,2024,11,Nov
2024-11-24,Akasa Air,,2024,11,Nov
2024-11-25,Akasa Air,,2024,11,Nov
2024-11-26,Akasa Air,,2024,11,Nov
2024-11-27,Akasa Air,,2024,11,Nov
2024-11-28,Akasa Air,,2024,11,Nov
2024-11-29,Akasa Air,,2024,11,Nov
2024-11-30,Akasa Air,,2024,11,Nov
2024-12-01,Akasa Air,,2024,12,Dec
2024-12-02,Akasa Air,,2024,12,Dec
2024-12-03,Akasa Air,,2024,12,Dec
2024-12-04,Akasa Air,,2024,12,Dec
2024-12-05,Akasa Air,,2024,12,Dec
2024-12-06,Akasa Air,,2024,12,Dec
2024-12-07,Akasa Air,,2024,12,Dec
2024-12-08,Akasa Air,,2024,12,Dec
2024-12-09,Akasa Air,,2024,12,Dec
2024-12-10,Akasa Air,,2024,12,Dec
2024-12-11,Akasa Air,,2024,12,Dec
2024-12-12,Akasa Air,,2024,12,Dec
2024-12-13,Akasa Air,,2024,12,Dec
2024-12-14,Akasa Air,,2024,12,Dec
2024-12-15,Akasa Air,,2024,12,Dec
2024-12-16,Akasa Air,,2024,12,Dec
2024-12-17,Akasa Air,,2024,12,Dec
2024-12-18,Akasa Air,,2024,12,Dec
2024-12-19,Akasa Air,,2024,12,Dec
2024-12-20,Akasa Air,,2024,12,Dec
2024-12-21,Akasa Air,,2024,12,Dec
2024-12-22,Akasa Air,,2024,12,Dec
2024-12-23,Akasa Air,,2024,12,Dec
2024-12-24,Akasa Air,,2024,12,Dec
2024-12-25,Akasa Air,,2024,12,Dec
2024-12-26,Akasa Air,,2024,12,Dec
2024-12-27,Akasa Air,,2024,12,Dec
2024-12-28,Akasa Air,,2024,12,Dec
2024-12-29,Akasa Air,,2024,12,Dec
2024-12-30,Akasa Air,,2024,12,Dec
2025-01-01,Akasa Air,,2025,1,Jan
2025-01-02,Akasa Air,,2025,1,Jan
2025-01-03,Akasa Air,,2025,1,Jan
2025-01-04,Akasa Air,,2025,1,Jan
2025-01-05,Akasa Air,,2025,1,Jan
2025-01-06,Akasa Air,,2025,1,Jan
2025-01-07,Akasa Air,,2025,1,Jan
2025-01-28,Akasa Air,,2025,1,Jan
2025-01-29,Akasa Air,,2025,1,Jan
2025-01-30,Akasa Air,,2025,1,Jan
2025-01-31,Akasa Air,,2025,1,Jan
2025-02-01,Akasa Air,,2025,2,Feb
2025-02-02,Akasa Air,,2025,2,Feb
2025-02-03,Akasa Air,,2025,2,Feb
2025-02-04,Akasa Air,,2025,2,Feb
2025-02-05,Akasa Air,,2025,2,Feb
2025-02-06,Akasa Air,,2025,2,Feb
2025-02-07,Akasa Air,,2025,2,Feb
2025-02-09,Akasa Air,,2025,2,Feb
2025-02-10,Akasa Air,,2025,2,Feb
2025-02-11,Akasa Air,,2025,2,Feb
2025-02-12,Akasa Air,,2025,2,Feb
2025-02-13,Akasa Air,,2025,2,Feb
2025-02-14,Akasa Air,,2025,2,Feb
2025-02-15,Akasa Air,,2025,2,Feb
2025-02-16,Akasa Air,,2025,2,Feb
2025-02-17,Akasa Air,,2025,2,Feb
2025-02-18,Akasa Air,,2025,2,Feb
2025-02-19,Akasa Air,,2025,2,Feb
2025-02-20,Akasa Air,,2025,2,Feb
2025-02-21,Akasa Air,,2025,2,Feb
2025-02-22,Akasa Air,,2025,2,Feb
2025-02-23,Akasa Air,,2025,2,Feb
2025-02-24,Akasa Air,,2025,2,Feb
2025-02-25,Akasa Air,,2025,2,Feb
2025-02-26,Akasa Air,,2025,2,Feb
2025-02-27,Akasa Air,,2025,2,Feb
2025-03-03,Akasa Air,,2025,3,Mar
2025-03-04,Akasa Air,,2025,3,Mar
2025-03-05,Akasa Air,,2025,3,Mar
2025-03-06,Akasa Air,,2025,3,Mar
2025-03-07,Akasa Air,,2025,3,Mar
2025-03-08,Akasa Air,,2025,3,Mar
2025-03-09,Akasa Air,,2025,3,Mar
2025-03-10,Akasa Air,,2025,3,Mar
2025-03-11,Akasa Air,,2025,3,Mar
2025-03-12,Akasa Air,,2025,3,Mar
2025-03-13,Akasa Air,,2025,3,Mar
2025-03-14,Akasa Air,,2025,3,Mar
2025-03-15,Akasa Air,,2025,3,Mar
2025-03-16,Akasa Air,,2025,3,Mar
2025-03-17,Akasa Air,,2025,3,Mar
2025-03-18,Akasa Air,,2025,3,Mar
2025-03-19,Akasa Air,,2025,3,Mar
2025-03-20,Akasa Air,,2025,3,Mar
2025-03-21,Akasa Air,,2025,3,Mar
2025-03-22,Akasa Air,,2025,3,Mar
2025-03-23,Akasa Air,,2025,3,Mar
2025-03-24,Akasa Air,,2025,3,Mar
2025-03-25,Akasa Air,,2025,3,Mar
2025-03-26,Akasa Air,,2025,3,Mar
2025-03-27,Akasa Air,,2025,3,Mar
2025-03-28,Akasa Air,,2025,3,Mar
2025-03-30,Akasa Air,,2025,3,Mar
2025-03-31,Akasa Air,,2025,3,Mar
2025-04-01,Akasa Air,,2025,4,Apr
2025-04-02,Akasa Air,,2025,4,Apr
2025-04-03,Akasa Air,,2025,4,Apr
2025-04-07,Akasa Air,,2025,4,Apr
2025-04-08,Akasa Air,,2025,4,Apr
2025-04-09,Akasa Air,,2025,4,Apr
2025-04-10,Akasa Air,,2025,4,Apr
2025-04-11,Akasa Air,,2025,4,Apr
2025-04-12,Akasa Air,,2025,4,Apr
2025-04-13,Akasa Air,,2025,4,Apr
2025-04-14,Akasa Air,,2025,4,Apr
2025-04-15,Akasa Air,,2025,4,Apr
2025-04-16,Akasa Air,,2025,4,Apr
2025-04-17,Akasa Air,,2025,4,Apr
2025-04-18,Akasa Air,,2025,4,Apr
2025-04-19,Akasa Air,,2025,4,Apr
2025-04-20,Akasa Air,,2025,4,Apr
2025-04-21,Akasa Air,,2025,4,Apr
2025-04-22,Akasa Air,,2025,4,Apr
2025-04-23,Akasa Air,,2025,4,Apr
2025-04-24,Akasa Air,,2025,4,Apr
2025-04-25,Akasa Air,,2025,4,Apr
2025-04-26,Akasa Air,,2025,4,Apr
2025-04-27,Akasa Air,,2025,4,Apr
2025-04-28,Akasa Air,,2025,4,Apr
2025-04-29,Akasa Air,,2025,4,Apr
2025-04-30,Akasa Air,,2025,4,Apr
2025-05-01,Akasa Air,,2025,5,May
2025-05-02,Akasa Air,,2025,5,May
2025-05-03,Akasa Air,,2025,5,May
2025-05-04,Akasa Air,,2025,5,May
2025-05-05,Akasa Air,,2025,5,May
2025-05-06,Akasa Air,,2025,5,May
2025-05-07,Akasa Air,,2025,5,May
2025-05-08,Akasa Air,,2025,5,May
2025-05-09,Akasa Air,,2025,5,May
2025-05-10,Akasa Air,,2025,5,May
2025-05-11,Akasa Air,,2025,5,May
2025-05-12,Akasa Air,,2025,5,May
2025-05-13,Akasa Air,,2025,5,May
2025-05-14,Akasa Air,,2025,5,May
2025-05-15,Akasa Air,,2025,5,May
2025-05-16,Akasa Air,,2025,5,May
2025-05-17,Akasa Air,,2025,5,May
2025-05-18,Akasa Air,,2025,5,May
2025-05-19,Akasa Air,,2025,5,May
2025-05-20,Akasa Air,,2025,5,May
2025-05-21,Akasa Air,,2025,5,May
2025-05-22,Akasa Air,,2025,5,May
2025-05-23,Akasa Air,,2025,5,May
2025-05-24,Akasa Air,,2025,5,May
2025-05-25,Akasa Air,,2025,5,May
2025-05-26,Akasa Air,,2025,5,May
2025-05-27,Akasa Air,,2025,5,May
2025-05-28,Akasa Air,,2025,5,May
2025-05-29,Akasa Air,,2025,5,May
2025-05-30,Akasa Air,,2025,5,May
2025-05-31,Akasa Air,,2025,5,May
2025-06-01,Akasa Air,,2025,6,Jun
2025-06-02,Akasa Air,,2025,6,Jun
2025-06-03,Akasa Air,,2025,6,Jun
2025-06-04,Akasa Air,,2025,6,Jun
2025-06-05,Akasa Air,,2025,6,Jun
2025-06-06,Akasa Air,,2025,6,Jun
2025-06-07,Akasa Air,,2025,6,Jun
2025-06-08,Akasa Air,,2025,6,Jun
2025-06-09,Akasa Air,,2025,6,Jun
2025-06-10,Akasa Air,,2025,6,Jun
2025-06-11,Akasa Air,,2025,6,Jun
2025-06-12,Akasa Air,,2025,6,Jun
2025-06-13,Akasa Air,,2025,6,Jun
2025-06-14,Akasa Air,,2025,6,Jun
2025-06-15,Akasa Air,,2025,6,Jun
2025-06-16,Akasa Air,,2025,6,Jun
2025-06-17,Akasa Air,,2025,6,Jun
2025-06-18,Akasa Air,,2025,6,Jun
2025-06-19,Akasa Air,,2025,6,Jun
2025-06-20,Akasa Air,,2025,6,Jun
2025-06-21,Akasa Air,,2025,6,Jun
2025-06-22,Akasa Air,,2025,6,Jun
2025-06-23,Akasa Air,,2025,6,Jun
2025-06-24,Akasa Air,,2025,6,Jun
2025-06-25,Akasa Air,,2025,6,Jun
2025-06-26,Akasa Air,,2025,6,Jun
2025-06-27,Akasa Air,,2025,6,Jun
2025-06-28,Akasa Air,,2025,6,Jun
2025-06-29,Akasa Air,,2025,6,Jun
2025-06-30,Akasa Air,,2025,6,Jun
2025-07-01,Akasa Air,,2025,7,Jul
2025-07-02,Akasa Air,,2025,7,Jul
2025-07-03,Akasa Air,,2025,7,Jul
2025-07-04,Akasa Air,,2025,7,Jul
2025-07-05,Akasa Air,,2025,7,Jul
2025-07-06,Akasa Air,,2025,7,Jul
2025-07-07,Akasa Air,,2025,7,Jul
2025-07-08,Akasa Air,,2025,7,Jul
2025-07-09,Akasa Air,,2025,7,Jul
2025-07-10,Akasa Air,,2025,7,Jul
2025-07-11,Akasa Air,,2025,7,Jul
2025-07-12,Akasa Air,,2025,7,Jul
2025-07-13,Akasa Air,,2025,7,Jul
2025-07-14,Akasa Air,,2025,7,Jul
2025-07-15,Akasa Air,,2025,7,Jul
2025-07-16,Akasa Air,,2025,7,Jul
2025-07-17,Akasa Air,,2025,7,Jul
2025-07-18,Akasa Air,,2025,7,Jul
2025-07-19,Akasa Air,,2025,7,Jul
2025-07-20,Akasa Air,,2025,7,Jul
2025-07-21,Akasa Air,,2025,7,Jul
2025-07-22,Akasa Air,,2025,7,Jul
2025-07-23,Akasa Air,,2025,7,Jul
2025-07-24,Akasa Air,,2025,7,Jul
2025-07-25,Akasa Air,,2025,7,Jul
2025-07-26,Akasa Air,,2025,7,Jul
2025-07-27,Akasa Air,,2025,7,Jul
2025-07-28,Akasa Air,,2025,7,Jul
2025-07-29,Akasa Air,,2025,7,Jul
2025-07-30,Akasa Air,,2025,7,Jul
2025-07-31,Akasa Air,,2025,7,Jul
2025-08-01,Akasa Air,,2025,8,Aug
2025-08-02,Akasa Air,,2025,8,Aug
2025-08-03,Akasa Air,,2025,8,Aug
2025-08-04,Akasa Air,,2025,8,Aug
2025-08-05,Akasa Air,,2025,8,Aug
2025-08-06,Akasa Air,,2025,8,Aug
2025-08-07,Akasa Air,,2025,8,Aug
2025-08-08,Akasa Air,,2025,8,Aug
2025-08-09,Akasa Air,,2025,8,Aug
2025-08-10,Akasa Air,,2025,8,Aug
2025-08-11,Akasa Air,,2025,8,Aug
2025-08-12,Akasa Air,,2025,8,Aug
2025-08-13,Akasa Air,,2025,8,Aug
2025-08-14,Akasa Air,,2025,8,Aug
2025-08-15,Akasa Air,,2025,8,Aug
2025-08-16,Akasa Air,,2025,8,Aug
2025-08-17,Akasa Air,,2025,8,Aug
2025-08-18,Akasa Air,,2025,8,Aug
2025-08-19,Akasa Air,,2025,8,Aug
2025-08-20,Akasa Air,,2025,8,Aug
2025-08-21,Akasa Air,,2025,8,Aug
2025-08-22,Akasa Air,,2025,8,Aug
2025-08-23,Akasa Air,,2025,8,Aug
2025-08-24,Akasa Air,,2025,8,Aug
2025-08-25,Akasa Air,,2025,8,Aug
2025-08-26,Akasa Air,,2025,8,Aug
2025-08-27,Akasa Air,,2025,8,Aug
2025-08-28,Akasa Air,,2025,8,Aug
2025-08-29,Akasa Air,,2025,8,Aug
2025-08-30,Akasa Air,,2025,8,Aug
2025-08-31,Akasa Air,,2025,8,Aug
2025-09-01,Akasa Air,,2025,9,Sep
2025-09-02,Akasa Air,,2025,9,Sep
2025-09-03,Akasa Air,,2025,9,Sep
2025-09-04,Akasa Air,,2025,9,Sep
2025-09-05,Akasa Air,,2025,9,Sep
2025-09-06,Akasa Air,,2025,9,Sep
2025-09-07,Akasa Air,,2025,9,Sep
2025-09-08,Akasa Air,,2025,9,Sep
2025-09-09,Akasa Air,,2025,9,Sep
2025-09-10,Akasa Air,,2025,9,Sep
2025-09-11,Akasa Air,,2025,9,Sep
2025-09-12,Akasa Air,,2025,9,Sep
2025-09-13,Akasa Air,,2025,9,Sep
2025-09-14,Akasa Air,,2025,9,Sep
2025-09-15,Akasa Air,,2025,9,Sep
2025-09-16,Akasa Air,,2025,9,Sep
2025-09-17,Akasa Air,,2025,9,Sep
2025-09-18,Akasa Air,,2025,9,Sep
2025-09-19,Akasa Air,,2025,9,Sep
2025-09-20,Akasa Air,,2025,9,Sep
2025-09-21,Akasa Air,,2025,9,Sep
2025-09-22,Akasa Air,,2025,9,Sep
2025-09-23,Akasa Air,,2025,9,Sep
2025-09-25,Akasa Air,,2025,9,Sep
2025-09-26,Akasa Air,,2025,9,Sep
2025-09-27,Akasa Air,,2025,9,Sep
2025-09-28,Akasa Air,,2025,9,Sep
2025-09-29,Akasa Air,,2025,9,Sep
2025-09-30,Akasa Air,,2025,9,Sep
2025-10-01,Akasa Air,,2025,10,Oct
2025-10-02,Akasa Air,,2025,10,Oct
2025-10-03,Akasa Air,,2025,10,Oct
2025-10-04,Akasa Air,,2025,10,Oct
2025-10-05,Akasa Air,,2025,10,Oct
2025-10-06,Akasa Air,,2025,10,Oct
2025-10-07,Akasa Air,,2025,10,Oct
2025-10-08,Akasa Air,,2025,10,Oct
2025-10-09,Akasa Air,,2025,10,Oct
2025-10-10,Akasa Air,,2025,10,Oct
2025-10-11,Akasa Air,,2025,10,Oct
2025-10-12,Akasa Air,,2025,10,Oct
2025-10-13,Akasa Air,,2025,10,Oct
2025-10-14,Akasa Air,,2025,10,Oct
2025-10-15,Akasa Air,,2025,10,Oct
2025-10-16,Akasa Air,,2025,10,Oct
2025-10-17,Akasa Air,,2025,10,Oct
2025-10-18,Akasa Air,,2025,10,Oct
2025-10-19,Akasa Air,,2025,10,Oct
2025-10-20,Akasa Air,,2025,10,Oct
2025-10-21,Akasa Air,,2025,10,Oct
2025-10-22,Akasa Air,,2025,10,Oct
2025-10-23,Akasa Air,,2025,10,Oct
2025-10-24,Akasa Air,,2025,10,Oct
2025-10-25,Akasa Air,,2025,10,Oct
2025-10-26,Akasa Air,,2025,10,Oct
2025-10-27,Akasa Air,,2025,10,Oct
2025-10-28,Akasa Air,,2025,10,Oct
2025-10-29,Akasa Air,,2025,10,Oct
2025-10-30,Akasa Air,,2025,10,Oct
2025-10-31,Akasa Air,,2025,10,Oct
2025-11-01,Akasa Air,,2025,11,Nov
2025-11-02,Akasa Air,,2025,11,Nov
2025-11-03,Akasa Air,,2025,11,Nov
2025-11-04,Akasa Air,,2025,11,Nov
2025-11-05,Akasa Air,,2025,11,Nov
2025-11-06,Akasa Air,,2025,11,Nov
2025-11-07,Akasa Air,,2025,11,Nov
2025-11-08,Akasa Air,,2025,11,Nov
2025-11-09,Akasa Air,,2025,11,Nov
2025-11-10,Akasa Air,,2025,11,Nov
2025-11-11,Akasa Air,,2025,11,Nov
2025-11-12,Akasa Air,,2025,11,Nov
2025-11-13,Akasa Air,,2025,11,Nov
2025-11-14,Akasa Air,,2025,11,Nov
2025-11-15,Akasa Air,,2025,11,Nov
2025-11-16,Akasa Air,,2025,11,Nov
2025-11-17,Akasa Air,,2025,11,Nov
2025-11-18,Akasa Air,,2025,11,Nov
2025-11-19,Akasa Air,,2025,11,Nov
2025-11-20,Akasa Air,,2025,11,Nov
2025-11-21,Akasa Air,,2025,11,Nov
2025-11-22,Akasa Air,,2025,11,Nov
2025-11-23,Akasa Air,,2025,11,Nov
2025-11-24,Akasa Air,,2025,11,Nov
2025-11-25,Akasa Air,,2025,11,Nov
2025-11-26,Akasa Air,,2025,11,Nov
2025-11-27,Akasa Air,,2025,11,Nov
2025-11-28,Akasa Air,,2025,11,Nov
2025-11-29,Akasa Air,,2025,11,Nov
2025-11-30,Akasa Air,,2025,11,Nov
2025-12-01,Akasa Air,,2025,12,Dec
2025-12-02,Akasa Air,,2025,12,Dec
2025-12-03,Akasa Air,,2025,12,Dec
2025-12-07,Akasa Air,,2025,12,Dec
2025-12-08,Akasa Air,,2025,12,Dec
2025-12-09,Akasa Air,,2025,12,Dec
2025-12-10,Akasa Air,,2025,12,Dec
2025-12-11,Akasa Air,,2025,12,Dec
2025-12-12,Akasa Air,,2025,12,Dec
2025-12-13,Akasa Air,,2025,12,Dec
2025-12-14,Akasa Air,,2025,12,Dec
2025-12-15,Akasa Air,,2025,12,Dec
2025-12-16,Akasa Air,,2025,12,Dec
2025-12-17,Akasa Air,,2025,12,Dec
2025-12-18,Akasa Air,,2025,12,Dec
2025-12-19,Akasa Air,,2025,12,Dec
2025-12-20,Akasa Air,,2025,12,Dec
2025-12-21,Akasa Air,,2025,12,Dec
2025-12-22,Akasa Air,,2025,12,Dec
2025-12-23,Akasa Air,,2025,12,Dec
2025-12-24,Akasa Air,,2025,12,Dec
2025-12-25,Akasa Air,,2025,12,Dec
2025-12-26,Akasa Air,,2025,12,Dec
2025-12-27,Akasa Air,,2025,12,Dec
2025-12-28,Akasa Air,,2025,12,Dec
2025-12-29,Akasa Air,,2025,12,Dec
2025-12-30,Akasa Air,,2025,12,Dec
2025-12-31,Akasa Air,,2025,12,Dec
2026-01-01,Akasa Air,,2026,1,Jan
2026-01-02,Akasa Air,,2026,1,Jan
2026-01-03,Akasa Air,,2026,1,Jan
2026-01-04,Akasa Air,,2026,1,Jan
2026-01-05,Akasa Air,,2026,1,Jan
2026-01-06,Akasa Air,,2026,1,Jan
2026-01-07,Akasa Air,,2026,1,Jan
2026-01-08,Akasa Air,,2026,1,Jan
2026-01-09,Akasa Air,,2026,1,Jan
2026-01-10,Akasa Air,,2026,1,Jan
2026-01-11,Akasa Air,,2026,1,Jan
2026-01-12,Akasa Air,,2026,1,Jan
2026-01-13,Akasa Air,,2026,1,Jan
2026-01-14,Akasa Air,,2026,1,Jan
2026-01-15,Akasa Air,,2026,1,Jan
2026-01-16,Akasa Air,,2026,1,Jan
2026-01-17,Akasa Air,,2026,1,Jan
2026-01-18,Akasa Air,,2026,1,Jan
2026-01-19,Akasa Air,,2026,1,Jan
2026-01-20,Akasa Air,,2026,1,Jan
2026-01-21,Akasa Air,,2026,1,Jan
2026-01-22,Akasa Air,,2026,1,Jan
2026-01-23,Akasa Air,,2026,1,Jan
2026-01-24,Akasa Air,,2026,1,Jan
2026-01-25,Akasa Air,,2026,1,Jan
2026-01-26,Akasa Air,,2026,1,Jan
2026-01-27,Akasa Air,,2026,1,Jan
2026-01-28,Akasa Air,,2026,1,Jan
2026-01-29,Akasa Air,,2026,1,Jan
2026-01-30,Akasa Air,,2026,1,Jan
2026-01-31,Akasa Air,,2026,1,Jan
2026-02-01,Akasa Air,,2026,2,Feb
2026-02-02,Akasa Air,,2026,2,Feb
2026-02-03,Akasa Air,,2026,2,Feb
2026-02-04,Akasa Air,,2026,2,Feb
2026-02-05,Akasa Air,,2026,2,Feb
2026-02-06,Akasa Air,,2026,2,Feb
2026-02-07,Akasa Air,,2026,2,Feb
2026-02-08,Akasa Air,,2026,2,Feb
2026-02-09,Akasa Air,,2026,2,Feb
2026-02-10,Akasa Air,,2026,2,Feb
2026-02-11,Akasa Air,,2026,2,Feb
2026-02-12,Akasa Air,,2026,2,Feb
2026-02-13,Akasa Air,,2026,2,Feb
2026-02-14,Akasa Air,,2026,2,Feb
2026-02-15,Akasa Air,,2026,2,Feb
2026-02-16,Akasa Air,,2026,2,Feb
2026-02-17,Akasa Air,,2026,2,Feb
2026-02-18,Akasa Air,,2026,2,Feb
2026-02-19,Akasa Air,,2026,2,Feb
2026-02-20,Akasa Air,,2026,2,Feb
2026-02-21,Akasa Air,,2026,2,Feb
2026-02-22,Akasa Air,,2026,2,Feb
2026-02-23,Akasa Air,,2026,2,Feb
2026-02-24,Akasa Air,,2026,2,Feb
2026-02-25,Akasa Air,,2026,2,Feb
2026-02-26,Akasa Air,,2026,2,Feb
2026-02-27,Akasa Air,,2026,2,Feb
2026-02-28,Akasa Air,,2026,2,Feb
2026-03-01,Akasa Air,,2026,3,Mar
2026-03-02,Akasa Air,,2026,3,Mar
2026-03-03,Akasa Air,,2026,3,Mar
2026-03-04,Akasa Air,,2026,3,Mar
2026-03-05,Akasa Air,,2026,3,Mar
2026-03-06,Akasa Air,,2026,3,Mar
2026-03-07,Akasa Air,,2026,3,Mar
2026-03-08,Akasa Air,,2026,3,Mar
2026-03-09,Akasa Air,,2026,3,Mar
2026-03-10,Akasa Air,,2026,3,Mar
2026-03-11,Akasa Air,,2026,3,Mar
2026-03-12,Akasa Air,,2026,3,Mar
2026-03-13,Akasa Air,,2026,3,Mar
2026-03-14,Akasa Air,,2026,3,Mar
2026-03-15,Akasa Air,,2026,3,Mar
2026-03-16,Akasa Air,,2026,3,Mar
2026-03-17,Akasa Air,,2026,3,Mar
2026-03-18,Akasa Air,,2026,3,Mar
2026-03-19,Akasa Air,,2026,3,Mar
2026-03-20,Akasa Air,,2026,3,Mar
2026-03-21,Akasa Air,,2026,3,Mar
2026-03-22,Akasa Air,,2026,3,Mar
2026-03-23,Akasa Air,,2026,3,Mar
2026-03-24,Akasa Air,,2026,3,Mar
2026-03-25,Akasa Air,,2026,3,Mar
2026-03-26,Akasa Air,,2026,3,Mar
2026-03-27,Akasa Air,,2026,3,Mar
2026-03-28,Akasa Air,,2026,3,Mar
2026-03-29,Akasa Air,,2026,3,Mar
2026-03-30,Akasa Air,,2026,3,Mar
2026-03-31,Akasa Air,,2026,3,Mar
2026-04-01,Akasa Air,,2026,4,Apr
2026-04-02,Akasa Air,,2026,4,Apr
2026-04-03,Akasa Air,,2026,4,Apr
2026-04-04,Akasa Air,,2026,4,Apr
2026-04-05,Akasa Air,,2026,4,Apr
2026-04-06,Akasa Air,,2026,4,Apr
2026-04-07,Akasa Air,,2026,4,Apr
2026-04-08,Akasa Air,,2026,4,Apr
2026-04-09,Akasa Air,,2026,4,Apr
2026-04-11,Akasa Air,,2026,4,Apr
2026-04-12,Akasa Air,,2026,4,Apr
2026-04-13,Akasa Air,,2026,4,Apr
2026-04-14,Akasa Air,,2026,4,Apr
2026-04-15,Akasa Air,,2026,4,Apr
2026-04-16,Akasa Air,,2026,4,Apr
2026-04-17,Akasa Air,,2026,4,Apr
2026-04-18,Akasa Air,,2026,4,Apr
2026-04-19,Akasa Air,,2026,4,Apr
2026-04-20,Akasa Air,,2026,4,Apr
2026-04-21,Akasa Air,,2026,4,Apr
2026-04-22,Akasa Air,,2026,4,Apr
2026-04-23,Akasa Air,,2026,4,Apr
2026-04-24,Akasa Air,,2026,4,Apr
2026-04-25,Akasa Air,,2026,4,Apr
2026-04-26,Akasa Air,,2026,4,Apr
2026-04-27,Akasa Air,,2026,4,Apr
2026-04-28,Akasa Air,,2026,4,Apr
2026-04-29,Akasa Air,,2026,4,Apr
2026-04-30,Akasa Air,,2026,4,Apr
2026-05-01,Akasa Air,,2026,5,May
2026-05-02,Akasa Air,,2026,5,May
2026-05-03,Akasa Air,,2026,5,May
2026-05-05,Akasa Air,,2026,5,May
2026-05-04,Akasa Air,,2026,5,May
2026-05-06,Akasa Air,,2026,5,May
2026-05-07,Akasa Air,,2026,5,May
2026-05-08,Akasa Air,,2026,5,May
2026-05-09,Akasa Air,,2026,5,May
2026-05-10,Akasa Air,,2026,5,May
2026-05-11,Akasa Air,,2026,5,May
2026-05-12,Akasa Air,,2026,5,May
2026-05-13,Akasa Air,,2026,5,May
2026-05-14,Akasa Air,,2026,5,May
2026-05-15,Akasa Air,,2026,5,May
2026-05-16,Akasa Air,,2026,5,May
2026-05-17,Akasa Air,,2026,5,May
2026-05-18,Akasa Air,,2026,5,May
2026-05-19,Akasa Air,,2026,5,May
2026-05-20,Akasa Air,,2026,5,May
2026-05-21,Akasa Air,,2026,5,May
2026-05-22,Akasa Air,,2026,5,May
2026-05-23,Akasa Air,,2026,5,May
2026-05-24,Akasa Air,,2026,5,May
2026-05-25,Akasa Air,,2026,5,May
2026-05-26,Akasa Air,,2026,5,May
2026-05-27,Akasa Air,,2026,5,May
2026-05-28,Akasa Air,,2026,5,May
2026-05-29,Akasa Air,,2026,5,May
2026-05-30,Akasa Air,,2026,5,May
2026-05-31,Akasa Air,,2026,5,May
2026-06-01,Akasa Air,,2026,6,Jun
2026-06-02,Akasa Air,,2026,6,Jun
2026-06-03,Akasa Air,,2026,6,Jun
2024-05-10,Alliance Air,,2024,5,May
2024-05-11,Alliance Air,,2024,5,May
2024-05-12,Alliance Air,,2024,5,May
2024-05-13,Alliance Air,,2024,5,May
2024-05-14,Alliance Air,,2024,5,May
2024-05-15,Alliance Air,,2024,5,May
2024-05-16,Alliance Air,,2024,5,May
2024-05-17,Alliance Air,,2024,5,May
2024-05-18,Alliance Air,,2024,5,May
2024-05-19,Alliance Air,,2024,5,May
2024-05-20,Alliance Air,,2024,5,May
2024-05-22,Alliance Air,,2024,5,May
2024-05-23,Alliance Air,,2024,5,May
2024-05-24,Alliance Air,,2024,5,May
2024-05-25,Alliance Air,,2024,5,May
2024-05-26,Alliance Air,,2024,5,May
2024-05-27,Alliance Air,,2024,5,May
2024-05-28,Alliance Air,,2024,5,May
2024-05-29,Alliance Air,,2024,5,May
2024-05-30,Alliance Air,,2024,5,May
2024-05-31,Alliance Air,,2024,5,May
2024-06-01,Alliance Air,,2024,6,Jun
2024-06-02,Alliance Air,,2024,6,Jun
2024-06-04,Alliance Air,,2024,6,Jun
2024-06-05,Alliance Air,,2024,6,Jun
2024-06-06,Alliance Air,,2024,6,Jun
2024-06-07,Alliance Air,,2024,6,Jun
2024-06-08,Alliance Air,,2024,6,Jun
2024-06-09,Alliance Air,,2024,6,Jun
2024-06-10,Alliance Air,,2024,6,Jun
2024-06-11,Alliance Air,,2024,6,Jun
2024-06-12,Alliance Air,,2024,6,Jun
2024-06-13,Alliance Air,,2024,6,Jun
2024-06-14,Alliance Air,,2024,6,Jun
2024-06-15,Alliance Air,,2024,6,Jun
2024-06-16,Alliance Air,,2024,6,Jun
2024-06-17,Alliance Air,,2024,6,Jun
2024-06-18,Alliance Air,,2024,6,Jun
2024-06-19,Alliance Air,,2024,6,Jun
2024-06-20,Alliance Air,,2024,6,Jun
2024-06-21,Alliance Air,,2024,6,Jun
2024-06-22,Alliance Air,,2024,6,Jun
2024-06-23,Alliance Air,,2024,6,Jun
2024-06-24,Alliance Air,,2024,6,Jun
2024-06-25,Alliance Air,,2024,6,Jun
2024-06-26,Alliance Air,,2024,6,Jun
2024-06-29,Alliance Air,,2024,6,Jun
2024-07-01,Alliance Air,,2024,7,Jul
2024-07-02,Alliance Air,,2024,7,Jul
2024-07-03,Alliance Air,,2024,7,Jul
2024-07-04,Alliance Air,,2024,7,Jul
2024-07-05,Alliance Air,,2024,7,Jul
2024-07-06,Alliance Air,,2024,7,Jul
2024-07-07,Alliance Air,,2024,7,Jul
2024-07-08,Alliance Air,,2024,7,Jul
2024-07-09,Alliance Air,,2024,7,Jul
2024-07-10,Alliance Air,,2024,7,Jul
2024-07-11,Alliance Air,,2024,7,Jul
2024-07-12,Alliance Air,,2024,7,Jul
2024-07-13,Alliance Air,,2024,7,Jul
2024-07-14,Alliance Air,,2024,7,Jul
2024-07-15,Alliance Air,,2024,7,Jul
2024-07-16,Alliance Air,,2024,7,Jul
2024-07-17,Alliance Air,,2024,7,Jul
2024-07-18,Alliance Air,,2024,7,Jul
2024-07-19,Alliance Air,,2024,7,Jul
2024-07-20,Alliance Air,,2024,7,Jul
2024-07-21,Alliance Air,,2024,7,Jul
2024-07-22,Alliance Air,,2024,7,Jul
2024-07-23,Alliance Air,,2024,7,Jul
2024-07-24,Alliance Air,,2024,7,Jul
2024-07-25,Alliance Air,,2024,7,Jul
2024-07-26,Alliance Air,,2024,7,Jul
2024-07-27,Alliance Air,,2024,7,Jul
2024-07-28,Alliance Air,,2024,7,Jul
2024-07-30,Alliance Air,,2024,7,Jul
2024-07-31,Alliance Air,,2024,7,Jul
2024-08-01,Alliance Air,,2024,8,Aug
2024-08-03,Alliance Air,,2024,8,Aug
2024-08-04,Alliance Air,,2024,8,Aug
2024-08-05,Alliance Air,,2024,8,Aug
2024-08-06,Alliance Air,,2024,8,Aug
2024-08-07,Alliance Air,,2024,8,Aug
2024-08-08,Alliance Air,,2024,8,Aug
2024-08-09,Alliance Air,,2024,8,Aug
2024-08-10,Alliance Air,,2024,8,Aug
2024-08-11,Alliance Air,,2024,8,Aug
2024-08-12,Alliance Air,,2024,8,Aug
2024-08-13,Alliance Air,,2024,8,Aug
2024-08-14,Alliance Air,,2024,8,Aug
2024-08-15,Alliance Air,,2024,8,Aug
2024-08-16,Alliance Air,,2024,8,Aug
2024-08-17,Alliance Air,,2024,8,Aug
2024-08-18,Alliance Air,,2024,8,Aug
2024-08-19,Alliance Air,,2024,8,Aug
2024-08-29,Alliance Air,,2024,8,Aug
2024-08-30,Alliance Air,,2024,8,Aug
2024-08-31,Alliance Air,,2024,8,Aug
2024-09-01,Alliance Air,,2024,9,Sep
2024-09-02,Alliance Air,,2024,9,Sep
2024-09-03,Alliance Air,,2024,9,Sep
2024-09-04,Alliance Air,,2024,9,Sep
2024-09-05,Alliance Air,,2024,9,Sep
2024-09-06,Alliance Air,,2024,9,Sep
2024-09-07,Alliance Air,,2024,9,Sep
2024-09-08,Alliance Air,,2024,9,Sep
2024-09-09,Alliance Air,,2024,9,Sep
2024-09-10,Alliance Air,,2024,9,Sep
2024-09-12,Alliance Air,,2024,9,Sep
2024-09-11,Alliance Air,,2024,9,Sep
2024-09-13,Alliance Air,,2024,9,Sep
2024-09-14,Alliance Air,,2024,9,Sep
2024-09-15,Alliance Air,,2024,9,Sep
2024-09-16,Alliance Air,,2024,9,Sep
2024-09-17,Alliance Air,,2024,9,Sep
2024-09-18,Alliance Air,,2024,9,Sep
2024-09-19,Alliance Air,,2024,9,Sep
2024-09-20,Alliance Air,,2024,9,Sep
2024-09-21,Alliance Air,,2024,9,Sep
2024-09-22,Alliance Air,,2024,9,Sep
2024-09-23,Alliance Air,,2024,9,Sep
2024-09-24,Alliance Air,,2024,9,Sep
2024-09-25,Alliance Air,,2024,9,Sep
2024-09-26,Alliance Air,,2024,9,Sep
2024-09-27,Alliance Air,,2024,9,Sep
2024-09-28,Alliance Air,,2024,9,Sep
2024-09-29,Alliance Air,,2024,9,Sep
2024-09-30,Alliance Air,,2024,9,Sep
2024-10-01,Alliance Air,,2024,10,Oct
2024-10-02,Alliance Air,,2024,10,Oct
2024-10-03,Alliance Air,,2024,10,Oct
2024-10-04,Alliance Air,,2024,10,Oct
2024-10-05,Alliance Air,,2024,10,Oct
2024-10-06,Alliance Air,,2024,10,Oct
2024-10-07,Alliance Air,,2024,10,Oct
2024-10-08,Alliance Air,,2024,10,Oct
2024-10-09,Alliance Air,,2024,10,Oct
2024-10-10,Alliance Air,,2024,10,Oct
2024-10-11,Alliance Air,,2024,10,Oct
2024-10-12,Alliance Air,,2024,10,Oct
2024-10-13,Alliance Air,,2024,10,Oct
2024-10-14,Alliance Air,,2024,10,Oct
2024-10-15,Alliance Air,,2024,10,Oct
2024-10-16,Alliance Air,,2024,10,Oct
2024-10-17,Alliance Air,,2024,10,Oct
2024-10-18,Alliance Air,,2024,10,Oct
2024-10-19,Alliance Air,,2024,10,Oct
2024-10-20,Alliance Air,,2024,10,Oct
2024-10-21,Alliance Air,,2024,10,Oct
2024-10-22,Alliance Air,,2024,10,Oct
2024-10-23,Alliance Air,,2024,10,Oct
2024-10-24,Alliance Air,,2024,10,Oct
2024-10-25,Alliance Air,,2024,10,Oct
2024-10-26,Alliance Air,,2024,10,Oct
2024-10-27,Alliance Air,,2024,10,Oct
2024-10-28,Alliance Air,,2024,10,Oct
2024-10-29,Alliance Air,,2024,10,Oct
2024-10-30,Alliance Air,,2024,10,Oct
2024-10-31,Alliance Air,,2024,10,Oct
2024-11-01,Alliance Air,,2024,11,Nov
2024-11-02,Alliance Air,,2024,11,Nov
2024-11-03,Alliance Air,,2024,11,Nov
2024-11-04,Alliance Air,,2024,11,Nov
2024-11-05,Alliance Air,,2024,11,Nov
2024-11-06,Alliance Air,,2024,11,Nov
2024-11-07,Alliance Air,,2024,11,Nov
2024-11-08,Alliance Air,,2024,11,Nov
2024-11-09,Alliance Air,,2024,11,Nov
2024-11-10,Alliance Air,,2024,11,Nov
2024-11-11,Alliance Air,,2024,11,Nov
2024-11-12,Alliance Air,,2024,11,Nov
2024-11-13,Alliance Air,,2024,11,Nov
2024-11-14,Alliance Air,,2024,11,Nov
2024-11-15,Alliance Air,,2024,11,Nov
2024-11-16,Alliance Air,,2024,11,Nov
2024-11-17,Alliance Air,,2024,11,Nov
2024-11-18,Alliance Air,,2024,11,Nov
2024-11-19,Alliance Air,,2024,11,Nov
2024-11-20,Alliance Air,,2024,11,Nov
2024-11-21,Alliance Air,,2024,11,Nov
2024-11-22,Alliance Air,,2024,11,Nov
2024-11-23,Alliance Air,,2024,11,Nov
2024-11-24,Alliance Air,,2024,11,Nov
2024-11-25,Alliance Air,,2024,11,Nov
2024-11-26,Alliance Air,,2024,11,Nov
2024-11-27,Alliance Air,,2024,11,Nov
2024-11-28,Alliance Air,,2024,11,Nov
2024-11-29,Alliance Air,,2024,11,Nov
2024-11-30,Alliance Air,,2024,11,Nov
2024-12-01,Alliance Air,,2024,12,Dec
2024-12-02,Alliance Air,,2024,12,Dec
2024-12-03,Alliance Air,,2024,12,Dec
2024-12-04,Alliance Air,,2024,12,Dec
2024-12-05,Alliance Air,,2024,12,Dec
2024-12-06,Alliance Air,,2024,12,Dec
2024-12-07,Alliance Air,,2024,12,Dec
2024-12-08,Alliance Air,,2024,12,Dec
2024-12-09,Alliance Air,,2024,12,Dec
2024-12-10,Alliance Air,,2024,12,Dec
2024-12-11,Alliance Air,,2024,12,Dec
2024-12-12,Alliance Air,,2024,12,Dec
2024-12-13,Alliance Air,,2024,12,Dec
2024-12-14,Alliance Air,,2024,12,Dec
2024-12-15,Alliance Air,,2024,12,Dec
2024-12-16,Alliance Air,,2024,12,Dec
2024-12-17,Alliance Air,,2024,12,Dec
2024-12-18,Alliance Air,,2024,12,Dec
2024-12-19,Alliance Air,,2024,12,Dec
2024-12-20,Alliance Air,,2024,12,Dec
2024-12-21,Alliance Air,,2024,12,Dec
2024-12-22,Alliance Air,,2024,12,Dec
2024-12-23,Alliance Air,,2024,12,Dec
2024-12-24,Alliance Air,,2024,12,Dec
2024-12-25,Alliance Air,,2024,12,Dec
2024-12-26,Alliance Air,,2024,12,Dec
2024-12-27,Alliance Air,,2024,12,Dec
2024-12-28,Alliance Air,,2024,12,Dec
2024-12-29,Alliance Air,,2024,12,Dec
2024-12-30,Alliance Air,,2024,12,Dec
2025-01-01,Alliance Air,,2025,1,Jan
2025-01-02,Alliance Air,,2025,1,Jan
2025-01-03,Alliance Air,,2025,1,Jan
2025-01-04,Alliance Air,,2025,1,Jan
2025-01-05,Alliance Air,,2025,1,Jan
2025-01-06,Alliance Air,,2025,1,Jan
2025-01-07,Alliance Air,,2025,1,Jan
2025-01-28,Alliance Air,,2025,1,Jan
2025-01-29,Alliance Air,,2025,1,Jan
2025-01-30,Alliance Air,,2025,1,Jan
2025-01-31,Alliance Air,,2025,1,Jan
2025-02-01,Alliance Air,,2025,2,Feb
2025-02-02,Alliance Air,,2025,2,Feb
2025-02-03,Alliance Air,,2025,2,Feb
2025-02-04,Alliance Air,,2025,2,Feb
2025-02-05,Alliance Air,,2025,2,Feb
2025-02-06,Alliance Air,,2025,2,Feb
2025-02-07,Alliance Air,,2025,2,Feb
2025-02-09,Alliance Air,,2025,2,Feb
2025-02-10,Alliance Air,,2025,2,Feb
2025-02-11,Alliance Air,,2025,2,Feb
2025-02-12,Alliance Air,,2025,2,Feb
2025-02-13,Alliance Air,,2025,2,Feb
2025-02-14,Alliance Air,,2025,2,Feb
2025-02-15,Alliance Air,,2025,2,Feb
2025-02-16,Alliance Air,,2025,2,Feb
2025-02-17,Alliance Air,,2025,2,Feb
2025-02-18,Alliance Air,,2025,2,Feb
2025-02-19,Alliance Air,,2025,2,Feb
2025-02-20,Alliance Air,,2025,2,Feb
2025-02-21,Alliance Air,,2025,2,Feb
2025-02-22,Alliance Air,,2025,2,Feb
2025-02-23,Alliance Air,,2025,2,Feb
2025-02-24,Alliance Air,,2025,2,Feb
2025-02-25,Alliance Air,,2025,2,Feb
2025-02-26,Alliance Air,,2025,2,Feb
2025-02-27,Alliance Air,,2025,2,Feb
2025-03-03,Alliance Air,,2025,3,Mar
2025-03-04,Alliance Air,,2025,3,Mar
2025-03-05,Alliance Air,,2025,3,Mar
2025-03-06,Alliance Air,,2025,3,Mar
2025-03-07,Alliance Air,,2025,3,Mar
2025-03-08,Alliance Air,,2025,3,Mar
2025-03-09,Alliance Air,,2025,3,Mar
2025-03-10,Alliance Air,,2025,3,Mar
2025-03-11,Alliance Air,,2025,3,Mar
2025-03-12,Alliance Air,,2025,3,Mar
2025-03-13,Alliance Air,,2025,3,Mar
2025-03-14,Alliance Air,,2025,3,Mar
2025-03-15,Alliance Air,,2025,3,Mar
2025-03-16,Alliance Air,,2025,3,Mar
2025-03-17,Alliance Air,,2025,3,Mar
2025-03-18,Alliance Air,,2025,3,Mar
2025-03-19,Alliance Air,,2025,3,Mar
2025-03-20,Alliance Air,,2025,3,Mar
2025-03-21,Alliance Air,,2025,3,Mar
2025-03-22,Alliance Air,,2025,3,Mar
2025-03-23,Alliance Air,,2025,3,Mar
2025-03-24,Alliance Air,,2025,3,Mar
2025-03-25,Alliance Air,,2025,3,Mar
2025-03-26,Alliance Air,,2025,3,Mar
2025-03-27,Alliance Air,,2025,3,Mar
2025-03-28,Alliance Air,,2025,3,Mar
2025-03-30,Alliance Air,,2025,3,Mar
2025-03-31,Alliance Air,,2025,3,Mar
2025-04-01,Alliance Air,,2025,4,Apr
2025-04-02,Alliance Air,,2025,4,Apr
2025-04-03,Alliance Air,,2025,4,Apr
2025-04-07,Alliance Air,,2025,4,Apr
2025-04-08,Alliance Air,,2025,4,Apr
2025-04-09,Alliance Air,,2025,4,Apr
2025-04-10,Alliance Air,,2025,4,Apr
2025-04-11,Alliance Air,,2025,4,Apr
2025-04-12,Alliance Air,,2025,4,Apr
2025-04-13,Alliance Air,,2025,4,Apr
2025-04-14,Alliance Air,,2025,4,Apr
2025-04-15,Alliance Air,,2025,4,Apr
2025-04-16,Alliance Air,,2025,4,Apr
2025-04-17,Alliance Air,,2025,4,Apr
2025-04-18,Alliance Air,,2025,4,Apr
2025-04-19,Alliance Air,,2025,4,Apr
2025-04-20,Alliance Air,,2025,4,Apr
2025-04-21,Alliance Air,,2025,4,Apr
2025-04-22,Alliance Air,,2025,4,Apr
2025-04-23,Alliance Air,,2025,4,Apr
2025-04-24,Alliance Air,,2025,4,Apr
2025-04-25,Alliance Air,,2025,4,Apr
2025-04-26,Alliance Air,,2025,4,Apr
2025-04-27,Alliance Air,,2025,4,Apr
2025-04-28,Alliance Air,,2025,4,Apr
2025-04-29,Alliance Air,,2025,4,Apr
2025-04-30,Alliance Air,,2025,4,Apr
2025-05-01,Alliance Air,,2025,5,May
2025-05-02,Alliance Air,,2025,5,May
2025-05-03,Alliance Air,,2025,5,May
2025-05-04,Alliance Air,,2025,5,May
2025-05-05,Alliance Air,,2025,5,May
2025-05-06,Alliance Air,,2025,5,May
2025-05-07,Alliance Air,,2025,5,May
2025-05-08,Alliance Air,,2025,5,May
2025-05-09,Alliance Air,,2025,5,May
2025-05-10,Alliance Air,,2025,5,May
2025-05-11,Alliance Air,,2025,5,May
2025-05-12,Alliance Air,,2025,5,May
2025-05-13,Alliance Air,,2025,5,May
2025-05-14,Alliance Air,,2025,5,May
2025-05-15,Alliance Air,,2025,5,May
2025-05-16,Alliance Air,,2025,5,May
2025-05-17,Alliance Air,,2025,5,May
2025-05-18,Alliance Air,,2025,5,May
2025-05-19,Alliance Air,,2025,5,May
2025-05-20,Alliance Air,,2025,5,May
2025-05-21,Alliance Air,,2025,5,May
2025-05-22,Alliance Air,,2025,5,May
2025-05-23,Alliance Air,,2025,5,May
2025-05-24,Alliance Air,,2025,5,May
2025-05-25,Alliance Air,,2025,5,May
2025-05-26,Alliance Air,,2025,5,May
2025-05-27,Alliance Air,,2025,5,May
2025-05-28,Alliance Air,,2025,5,May
2025-05-29,Alliance Air,,2025,5,May
2025-05-30,Alliance Air,,2025,5,May
2025-05-31,Alliance Air,,2025,5,May
2025-06-01,Alliance Air,,2025,6,Jun
2025-06-02,Alliance Air,,2025,6,Jun
2025-06-03,Alliance Air,,2025,6,Jun
2025-06-04,Alliance Air,,2025,6,Jun
2025-06-05,Alliance Air,,2025,6,Jun
2025-06-06,Alliance Air,,2025,6,Jun
2025-06-07,Alliance Air,,2025,6,Jun
2025-06-08,Alliance Air,,2025,6,Jun
2025-06-09,Alliance Air,,2025,6,Jun
2025-06-10,Alliance Air,,2025,6,Jun
2025-06-11,Alliance Air,,2025,6,Jun
2025-06-12,Alliance Air,,2025,6,Jun
2025-06-13,Alliance Air,,2025,6,Jun
2025-06-14,Alliance Air,,2025,6,Jun
2025-06-15,Alliance Air,,2025,6,Jun
2025-06-16,Alliance Air,,2025,6,Jun
2025-06-17,Alliance Air,,2025,6,Jun
2025-06-18,Alliance Air,,2025,6,Jun
2025-06-19,Alliance Air,,2025,6,Jun
2025-06-20,Alliance Air,,2025,6,Jun
2025-06-21,Alliance Air,,2025,6,Jun
2025-06-22,Alliance Air,,2025,6,Jun
2025-06-23,Alliance Air,,2025,6,Jun
2025-06-24,Alliance Air,,2025,6,Jun
2025-06-25,Alliance Air,,2025,6,Jun
2025-06-26,Alliance Air,,2025,6,Jun
2025-06-27,Alliance Air,,2025,6,Jun
2025-06-28,Alliance Air,,2025,6,Jun
2025-06-29,Alliance Air,,2025,6,Jun
2025-06-30,Alliance Air,,2025,6,Jun
2025-07-01,Alliance Air,,2025,7,Jul
2025-07-02,Alliance Air,,2025,7,Jul
2025-07-03,Alliance Air,,2025,7,Jul
2025-07-04,Alliance Air,,2025,7,Jul
2025-07-05,Alliance Air,,2025,7,Jul
2025-07-06,Alliance Air,,2025,7,Jul
2025-07-07,Alliance Air,,2025,7,Jul
2025-07-08,Alliance Air,,2025,7,Jul
2025-07-09,Alliance Air,,2025,7,Jul
2025-07-10,Alliance Air,,2025,7,Jul
2025-07-11,Alliance Air,,2025,7,Jul
2025-07-12,Alliance Air,,2025,7,Jul
2025-07-13,Alliance Air,,2025,7,Jul
2025-07-14,Alliance Air,,2025,7,Jul
2025-07-15,Alliance Air,,2025,7,Jul
2025-07-16,Alliance Air,,2025,7,Jul
2025-07-17,Alliance Air,,2025,7,Jul
2025-07-18,Alliance Air,,2025,7,Jul
2025-07-19,Alliance Air,,2025,7,Jul
2025-07-20,Alliance Air,,2025,7,Jul
2025-07-21,Alliance Air,,2025,7,Jul
2025-07-22,Alliance Air,,2025,7,Jul
2025-07-23,Alliance Air,,2025,7,Jul
2025-07-24,Alliance Air,,2025,7,Jul
2025-07-25,Alliance Air,,2025,7,Jul
2025-07-26,Alliance Air,,2025,7,Jul
2025-07-27,Alliance Air,,2025,7,Jul
2025-07-28,Alliance Air,,2025,7,Jul
2025-07-29,Alliance Air,,2025,7,Jul
2025-07-30,Alliance Air,,2025,7,Jul
2025-07-31,Alliance Air,,2025,7,Jul
2025-08-01,Alliance Air,,2025,8,Aug
2025-08-02,Alliance Air,,2025,8,Aug
2025-08-03,Alliance Air,,2025,8,Aug
2025-08-04,Alliance Air,,2025,8,Aug
2025-08-05,Alliance Air,,2025,8,Aug
2025-08-06,Alliance Air,,2025,8,Aug
2025-08-07,Alliance Air,,2025,8,Aug
2025-08-08,Alliance Air,,2025,8,Aug
2025-08-09,Alliance Air,,2025,8,Aug
2025-08-10,Alliance Air,,2025,8,Aug
2025-08-11,Alliance Air,,2025,8,Aug
2025-08-12,Alliance Air,,2025,8,Aug
2025-08-13,Alliance Air,,2025,8,Aug
2025-08-14,Alliance Air,,2025,8,Aug
2025-08-15,Alliance Air,,2025,8,Aug
2025-08-16,Alliance Air,,2025,8,Aug
2025-08-17,Alliance Air,,2025,8,Aug
2025-08-18,Alliance Air,,2025,8,Aug
2025-08-19,Alliance Air,,2025,8,Aug
2025-08-20,Alliance Air,,2025,8,Aug
2025-08-21,Alliance Air,,2025,8,Aug
2025-08-22,Alliance Air,,2025,8,Aug
2025-08-23,Alliance Air,,2025,8,Aug
2025-08-24,Alliance Air,,2025,8,Aug
2025-08-25,Alliance Air,,2025,8,Aug
2025-08-26,Alliance Air,,2025,8,Aug
2025-08-27,Alliance Air,,2025,8,Aug
2025-08-28,Alliance Air,,2025,8,Aug
2025-08-29,Alliance Air,,2025,8,Aug
2025-08-30,Alliance Air,,2025,8,Aug
2025-08-31,Alliance Air,,2025,8,Aug
2025-09-01,Alliance Air,,2025,9,Sep
2025-09-02,Alliance Air,,2025,9,Sep
2025-09-03,Alliance Air,,2025,9,Sep
2025-09-04,Alliance Air,,2025,9,Sep
2025-09-05,Alliance Air,,2025,9,Sep
2025-09-06,Alliance Air,,2025,9,Sep
2025-09-07,Alliance Air,,2025,9,Sep
2025-09-08,Alliance Air,,2025,9,Sep
2025-09-09,Alliance Air,,2025,9,Sep
2025-09-10,Alliance Air,,2025,9,Sep
2025-09-11,Alliance Air,,2025,9,Sep
2025-09-12,Alliance Air,,2025,9,Sep
2025-09-13,Alliance Air,,2025,9,Sep
2025-09-14,Alliance Air,,2025,9,Sep
2025-09-15,Alliance Air,,2025,9,Sep
2025-09-16,Alliance Air,,2025,9,Sep
2025-09-17,Alliance Air,,2025,9,Sep
2025-09-18,Alliance Air,,2025,9,Sep
2025-09-19,Alliance Air,,2025,9,Sep
2025-09-20,Alliance Air,,2025,9,Sep
2025-09-21,Alliance Air,,2025,9,Sep
2025-09-22,Alliance Air,,2025,9,Sep
2025-09-23,Alliance Air,,2025,9,Sep
2025-09-25,Alliance Air,,2025,9,Sep
2025-09-26,Alliance Air,,2025,9,Sep
2025-09-27,Alliance Air,,2025,9,Sep
2025-09-28,Alliance Air,,2025,9,Sep
2025-09-29,Alliance Air,,2025,9,Sep
2025-09-30,Alliance Air,,2025,9,Sep
2025-10-01,Alliance Air,,2025,10,Oct
2025-10-02,Alliance Air,,2025,10,Oct
2025-10-03,Alliance Air,,2025,10,Oct
2025-10-04,Alliance Air,,2025,10,Oct
2025-10-05,Alliance Air,,2025,10,Oct
2025-10-06,Alliance Air,,2025,10,Oct
2025-10-07,Alliance Air,,2025,10,Oct
2025-10-08,Alliance Air,,2025,10,Oct
2025-10-09,Alliance Air,,2025,10,Oct
2025-10-10,Alliance Air,,2025,10,Oct
2025-10-11,Alliance Air,,2025,10,Oct
2025-10-12,Alliance Air,,2025,10,Oct
2025-10-13,Alliance Air,,2025,10,Oct
2025-10-14,Alliance Air,,2025,10,Oct
2025-10-15,Alliance Air,,2025,10,Oct
2025-10-16,Alliance Air,,2025,10,Oct
2025-10-17,Alliance Air,,2025,10,Oct
2025-10-18,Alliance Air,,2025,10,Oct
2025-10-19,Alliance Air,,2025,10,Oct
2025-10-20,Alliance Air,,2025,10,Oct
2025-10-21,Alliance Air,,2025,10,Oct
2025-10-22,Alliance Air,,2025,10,Oct
2025-10-23,Alliance Air,,2025,10,Oct
2025-10-24,Alliance Air,,2025,10,Oct
2025-10-25,Alliance Air,,2025,10,Oct
2025-10-26,Alliance Air,,2025,10,Oct
2025-10-27,Alliance Air,,2025,10,Oct
2025-10-28,Alliance Air,,2025,10,Oct
2025-10-29,Alliance Air,,2025,10,Oct
2025-10-30,Alliance Air,,2025,10,Oct
2025-10-31,Alliance Air,,2025,10,Oct
2025-11-01,Alliance Air,,2025,11,Nov
2025-11-02,Alliance Air,,2025,11,Nov
2025-11-03,Alliance Air,,2025,11,Nov
2025-11-04,Alliance Air,,2025,11,Nov
2025-11-05,Alliance Air,,2025,11,Nov
2025-11-06,Alliance Air,,2025,11,Nov
2025-11-07,Alliance Air,,2025,11,Nov
2025-11-08,Alliance Air,,2025,11,Nov
2025-11-09,Alliance Air,,2025,11,Nov
2025-11-10,Alliance Air,,2025,11,Nov
2025-11-11,Alliance Air,,2025,11,Nov
2025-11-12,Alliance Air,,2025,11,Nov
2025-11-13,Alliance Air,,2025,11,Nov
2025-11-14,Alliance Air,,2025,11,Nov
2025-11-15,Alliance Air,,2025,11,Nov
2025-11-16,Alliance Air,,2025,11,Nov
2025-11-17,Alliance Air,,2025,11,Nov
2025-11-18,Alliance Air,,2025,11,Nov
2025-11-19,Alliance Air,,2025,11,Nov
2025-11-20,Alliance Air,,2025,11,Nov
2025-11-21,Alliance Air,,2025,11,Nov
2025-11-22,Alliance Air,,2025,11,Nov
2025-11-23,Alliance Air,,2025,11,Nov
2025-11-24,Alliance Air,,2025,11,Nov
2025-11-25,Alliance Air,,2025,11,Nov
2025-11-26,Alliance Air,,2025,11,Nov
2025-11-27,Alliance Air,,2025,11,Nov
2025-11-28,Alliance Air,,2025,11,Nov
2025-11-29,Alliance Air,,2025,11,Nov
2025-11-30,Alliance Air,,2025,11,Nov
2025-12-01,Alliance Air,,2025,12,Dec
2025-12-02,Alliance Air,,2025,12,Dec
2025-12-03,Alliance Air,,2025,12,Dec
2025-12-07,Alliance Air,,2025,12,Dec
2025-12-08,Alliance Air,,2025,12,Dec
2025-12-09,Alliance Air,,2025,12,Dec
2025-12-10,Alliance Air,,2025,12,Dec
2025-12-11,Alliance Air,,2025,12,Dec
2025-12-12,Alliance Air,,2025,12,Dec
2025-12-13,Alliance Air,,2025,12,Dec
2025-12-14,Alliance Air,,2025,12,Dec
2025-12-15,Alliance Air,,2025,12,Dec
2025-12-16,Alliance Air,,2025,12,Dec
2025-12-17,Alliance Air,,2025,12,Dec
2025-12-18,Alliance Air,,2025,12,Dec
2025-12-19,Alliance Air,,2025,12,Dec
2025-12-20,Alliance Air,,2025,12,Dec
2025-12-21,Alliance Air,,2025,12,Dec
2025-12-22,Alliance Air,,2025,12,Dec
2025-12-23,Alliance Air,,2025,12,Dec
2025-12-24,Alliance Air,,2025,12,Dec
2025-12-25,Alliance Air,,2025,12,Dec
2025-12-26,Alliance Air,,2025,12,Dec
2025-12-27,Alliance Air,,2025,12,Dec
2025-12-28,Alliance Air,,2025,12,Dec
2025-12-29,Alliance Air,,2025,12,Dec
2025-12-30,Alliance Air,,2025,12,Dec
2025-12-31,Alliance Air,,2025,12,Dec
2026-01-01,Alliance Air,,2026,1,Jan
2026-01-02,Alliance Air,,2026,1,Jan
2026-01-03,Alliance Air,,2026,1,Jan
2026-01-04,Alliance Air,,2026,1,Jan
2026-01-05,Alliance Air,,2026,1,Jan
2026-01-06,Alliance Air,,2026,1,Jan
2026-01-07,Alliance Air,,2026,1,Jan
2026-01-08,Alliance Air,,2026,1,Jan
2026-01-09,Alliance Air,,2026,1,Jan
2026-01-10,Alliance Air,,2026,1,Jan
2026-01-11,Alliance Air,,2026,1,Jan
2026-01-12,Alliance Air,,2026,1,Jan
2026-01-13,Alliance Air,,2026,1,Jan
2026-01-14,Alliance Air,,2026,1,Jan
2026-01-15,Alliance Air,,2026,1,Jan
2026-01-16,Alliance Air,,2026,1,Jan
2026-01-17,Alliance Air,,2026,1,Jan
2026-01-18,Alliance Air,,2026,1,Jan
2026-01-19,Alliance Air,,2026,1,Jan
2026-01-20,Alliance Air,,2026,1,Jan
2026-01-21,Alliance Air,,2026,1,Jan
2026-01-22,Alliance Air,,2026,1,Jan
2026-01-23,Alliance Air,,2026,1,Jan
2026-01-24,Alliance Air,,2026,1,Jan
2026-01-25,Alliance Air,,2026,1,Jan
2026-01-26,Alliance Air,,2026,1,Jan
2026-01-27,Alliance Air,,2026,1,Jan
2026-01-28,Alliance Air,,2026,1,Jan
2026-01-29,Alliance Air,,2026,1,Jan
2026-01-30,Alliance Air,,2026,1,Jan
2026-01-31,Alliance Air,,2026,1,Jan
2026-02-01,Alliance Air,,2026,2,Feb
2026-02-02,Alliance Air,,2026,2,Feb
2026-02-03,Alliance Air,,2026,2,Feb
2026-02-04,Alliance Air,,2026,2,Feb
2026-02-05,Alliance Air,,2026,2,Feb
2026-02-06,Alliance Air,,2026,2,Feb
2026-02-07,Alliance Air,,2026,2,Feb
2026-02-08,Alliance Air,,2026,2,Feb
2026-02-09,Alliance Air,,2026,2,Feb
2026-02-10,Alliance Air,,2026,2,Feb
2026-02-11,Alliance Air,,2026,2,Feb
2026-02-12,Alliance Air,,2026,2,Feb
2026-02-13,Alliance Air,,2026,2,Feb
2026-02-14,Alliance Air,,2026,2,Feb
2026-02-15,Alliance Air,,2026,2,Feb
2026-02-16,Alliance Air,,2026,2,Feb
2026-02-17,Alliance Air,,2026,2,Feb
2026-02-18,Alliance Air,,2026,2,Feb
2026-02-19,Alliance Air,,2026,2,Feb
2026-02-20,Alliance Air,,2026,2,Feb
2026-02-21,Alliance Air,,2026,2,Feb
2026-02-22,Alliance Air,,2026,2,Feb
2026-02-23,Alliance Air,,2026,2,Feb
2026-02-24,Alliance Air,,2026,2,Feb
2026-02-25,Alliance Air,,2026,2,Feb
2026-02-26,Alliance Air,,2026,2,Feb
2026-02-27,Alliance Air,,2026,2,Feb
2026-02-28,Alliance Air,,2026,2,Feb
2026-03-01,Alliance Air,,2026,3,Mar
2026-03-02,Alliance Air,,2026,3,Mar
2026-03-03,Alliance Air,,2026,3,Mar
2026-03-04,Alliance Air,,2026,3,Mar
2026-03-05,Alliance Air,,2026,3,Mar
2026-03-06,Alliance Air,,2026,3,Mar
2026-03-07,Alliance Air,,2026,3,Mar
2026-03-08,Alliance Air,,2026,3,Mar
2026-03-09,Alliance Air,,2026,3,Mar
2026-03-10,Alliance Air,,2026,3,Mar
2026-03-11,Alliance Air,,2026,3,Mar
2026-03-12,Alliance Air,,2026,3,Mar
2026-03-13,Alliance Air,,2026,3,Mar
2026-03-14,Alliance Air,,2026,3,Mar
2026-03-15,Alliance Air,,2026,3,Mar
2026-03-16,Alliance Air,,2026,3,Mar
2026-03-17,Alliance Air,,2026,3,Mar
2026-03-18,Alliance Air,,2026,3,Mar
2026-03-19,Alliance Air,,2026,3,Mar
2026-03-20,Alliance Air,,2026,3,Mar
2026-03-21,Alliance Air,,2026,3,Mar
2026-03-22,Alliance Air,,2026,3,Mar
2026-03-23,Alliance Air,,2026,3,Mar
2026-03-24,Alliance Air,,2026,3,Mar
2026-03-25,Alliance Air,,2026,3,Mar
2026-03-26,Alliance Air,,2026,3,Mar
2026-03-27,Alliance Air,,2026,3,Mar
2026-03-28,Alliance Air,,2026,3,Mar
2026-03-29,Alliance Air,,2026,3,Mar
2026-03-30,Alliance Air,,2026,3,Mar
2026-03-31,Alliance Air,,2026,3,Mar
2026-04-01,Alliance Air,,2026,4,Apr
2026-04-02,Alliance Air,,2026,4,Apr
2026-04-03,Alliance Air,,2026,4,Apr
2026-04-04,Alliance Air,,2026,4,Apr
2026-04-05,Alliance Air,,2026,4,Apr
2026-04-06,Alliance Air,,2026,4,Apr
2026-04-07,Alliance Air,,2026,4,Apr
2026-04-08,Alliance Air,,2026,4,Apr
2026-04-09,Alliance Air,,2026,4,Apr
2026-04-11,Alliance Air,,2026,4,Apr
2026-04-12,Alliance Air,,2026,4,Apr
2026-04-13,Alliance Air,,2026,4,Apr
2026-04-14,Alliance Air,,2026,4,Apr
2026-04-15,Alliance Air,,2026,4,Apr
2026-04-16,Alliance Air,,2026,4,Apr
2026-04-17,Alliance Air,,2026,4,Apr
2026-04-18,Alliance Air,,2026,4,Apr
2026-04-19,Alliance Air,,2026,4,Apr
2026-04-20,Alliance Air,,2026,4,Apr
2026-04-21,Alliance Air,,2026,4,Apr
2026-04-22,Alliance Air,,2026,4,Apr
2026-04-23,Alliance Air,,2026,4,Apr
2026-04-24,Alliance Air,,2026,4,Apr
2026-04-25,Alliance Air,,2026,4,Apr
2026-04-26,Alliance Air,,2026,4,Apr
2026-04-27,Alliance Air,,2026,4,Apr
2026-04-28,Alliance Air,,2026,4,Apr
2026-04-29,Alliance Air,,2026,4,Apr
2026-04-30,Alliance Air,,2026,4,Apr
2026-05-01,Alliance Air,,2026,5,May
2026-05-02,Alliance Air,,2026,5,May
2026-05-03,Alliance Air,,2026,5,May
2026-05-05,Alliance Air,,2026,5,May
2026-05-04,Alliance Air,,2026,5,May
2026-05-06,Alliance Air,,2026,5,May
2026-05-07,Alliance Air,,2026,5,May
2026-05-08,Alliance Air,,2026,5,May
2026-05-09,Alliance Air,,2026,5,May
2026-05-10,Alliance Air,,2026,5,May
2026-05-11,Alliance Air,,2026,5,May
2026-05-12,Alliance Air,,2026,5,May
2026-05-13,Alliance Air,,2026,5,May
2026-05-14,Alliance Air,,2026,5,May
2026-05-15,Alliance Air,,2026,5,May
2026-05-16,Alliance Air,,2026,5,May
2026-05-17,Alliance Air,,2026,5,May
2026-05-18,Alliance Air,,2026,5,May
2026-05-19,Alliance Air,,2026,5,May
2026-05-20,Alliance Air,,2026,5,May
2026-05-21,Alliance Air,,2026,5,May
2026-05-22,Alliance Air,,2026,5,May
2026-05-23,Alliance Air,,2026,5,May
2026-05-24,Alliance Air,,2026,5,May
2026-05-25,Alliance Air,,2026,5,May
2026-05-26,Alliance Air,,2026,5,May
2026-05-27,Alliance Air,,2026,5,May
2026-05-28,Alliance Air,,2026,5,May
2026-05-29,Alliance Air,,2026,5,May
2026-05-30,Alliance Air,,2026,5,May
2026-05-31,Alliance Air,,2026,5,May
2026-06-01,Alliance Air,,2026,6,Jun
2026-06-02,Alliance Air,,2026,6,Jun
2026-06-03,Alliance Air,,2026,6,Jun
2021-07-29,GoAir,,2021,7,Jul
2021-07-30,GoAir,,2021,7,Jul
2021-08-03,GoAir,,2021,8,Aug
2021-08-04,GoAir,,2021,8,Aug
2021-08-05,GoAir,,2021,8,Aug
2021-08-06,GoAir,,2021,8,Aug
2021-08-07,GoAir,,2021,8,Aug
2021-08-09,GoAir,,2021,8,Aug
2021-08-10,GoAir,,2021,8,Aug
2021-08-12,GoAir,,2021,8,Aug
2021-08-13,GoAir,,2021,8,Aug
2021-08-14,GoAir,,2021,8,Aug
2021-08-15,GoAir,,2021,8,Aug
2021-08-16,GoAir,,2021,8,Aug
2021-08-17,GoAir,,2021,8,Aug
2021-08-18,GoAir,,2021,8,Aug
2021-08-19,GoAir,,2021,8,Aug
2021-08-20,GoAir,,2021,8,Aug
2021-08-21,GoAir,,2021,8,Aug
2021-08-22,GoAir,,2021,8,Aug
2021-08-26,GoAir,,2021,8,Aug
2021-08-27,GoAir,,2021,8,Aug
2021-08-28,GoAir,,2021,8,Aug
2021-08-29,GoAir,,2021,8,Aug
2021-09-17,GoAir,,2021,9,Sep
2021-09-24,GoAir,,2021,9,Sep
2021-09-26,GoAir,,2021,9,Sep
2021-09-27,GoAir,,2021,9,Sep
2021-09-29,GoAir,,2021,9,Sep
2021-10-01,GoAir,,2021,10,Oct
2021-10-02,GoAir,,2021,10,Oct
2021-10-03,GoAir,,2021,10,Oct
2021-10-04,GoAir,,2021,10,Oct
2021-10-07,GoAir,,2021,10,Oct
2021-10-15,GoAir,,2021,10,Oct
2021-10-09,GoAir,,2021,10,Oct
2021-10-18,GoAir,,2021,10,Oct
2021-10-26,GoAir,,2021,10,Oct
2021-10-27,GoAir,,2021,10,Oct
2021-11-05,GoAir,,2021,11,Nov
2021-11-07,GoAir,,2021,11,Nov
2021-11-08,GoAir,,2021,11,Nov
2021-11-15,GoAir,,2021,11,Nov
2021-11-27,GoAir,,2021,11,Nov
2021-11-29,GoAir,,2021,11,Nov
2021-12-13,GoAir,,2021,12,Dec
2021-12-26,GoAir,,2021,12,Dec
2021-12-27,GoAir,,2021,12,Dec
2021-12-28,GoAir,,2021,12,Dec
2021-12-29,GoAir,,2021,12,Dec
2021-12-30,GoAir,,2021,12,Dec
2021-12-31,GoAir,,2021,12,Dec
2022-01-01,GoAir,,2022,1,Jan
2022-01-02,GoAir,,2022,1,Jan
2022-01-03,GoAir,,2022,1,Jan
2022-01-04,GoAir,,2022,1,Jan
2022-01-06,GoAir,,2022,1,Jan
2022-01-05,GoAir,,2022,1,Jan
2022-01-07,GoAir,,2022,1,Jan
2022-01-08,GoAir,,2022,1,Jan
2022-01-09,GoAir,,2022,1,Jan
2022-01-10,GoAir,,2022,1,Jan
2022-01-11,GoAir,,2022,1,Jan
2022-01-12,GoAir,,2022,1,Jan
2022-01-13,GoAir,,2022,1,Jan
2022-01-14,GoAir,,2022,1,Jan
2022-01-15,GoAir,,2022,1,Jan
2022-01-16,GoAir,,2022,1,Jan
2022-01-17,GoAir,,2022,1,Jan
2022-01-19,GoAir,,2022,1,Jan
2022-01-18,GoAir,,2022,1,Jan
2022-01-20,GoAir,,2022,1,Jan
2022-01-21,GoAir,,2022,1,Jan
2022-01-22,GoAir,,2022,1,Jan
2022-01-23,GoAir,,2022,1,Jan
2022-01-24,GoAir,,2022,1,Jan
2022-01-25,GoAir,,2022,1,Jan
2022-01-26,GoAir,,2022,1,Jan
2022-01-27,GoAir,,2022,1,Jan
2022-01-28,GoAir,,2022,1,Jan
2022-01-29,GoAir,,2022,1,Jan
2022-01-30,GoAir,,2022,1,Jan
2022-01-31,GoAir,,2022,1,Jan
2022-02-01,GoAir,,2022,2,Feb
2022-02-02,GoAir,,2022,2,Feb
2022-02-03,GoAir,,2022,2,Feb
2022-02-04,GoAir,,2022,2,Feb
2022-02-05,GoAir,,2022,2,Feb
2022-02-06,GoAir,,2022,2,Feb
2022-02-07,GoAir,,2022,2,Feb
2022-02-08,GoAir,,2022,2,Feb
2022-02-09,GoAir,,2022,2,Feb
2022-02-10,GoAir,,2022,2,Feb
2022-02-12,GoAir,,2022,2,Feb
2022-02-11,GoAir,,2022,2,Feb
2022-02-13,GoAir,,2022,2,Feb
2022-02-14,GoAir,,2022,2,Feb
2022-02-15,GoAir,,2022,2,Feb
2022-02-17,GoAir,,2022,2,Feb
2022-02-16,GoAir,,2022,2,Feb
2022-02-18,GoAir,,2022,2,Feb
2022-02-19,GoAir,,2022,2,Feb
2022-02-21,GoAir,,2022,2,Feb
2022-02-23,GoAir,,2022,2,Feb
2022-02-24,GoAir,,2022,2,Feb
2022-02-25,GoAir,,2022,2,Feb
2022-02-26,GoAir,,2022,2,Feb
2022-03-01,GoAir,,2022,3,Mar
2022-03-02,GoAir,,2022,3,Mar
2022-03-06,GoAir,,2022,3,Mar
2022-03-10,GoAir,,2022,3,Mar
2022-03-11,GoAir,,2022,3,Mar
2022-03-14,GoAir,,2022,3,Mar
2022-03-18,GoAir,,2022,3,Mar
2022-03-19,GoAir,,2022,3,Mar
2022-03-20,GoAir,,2022,3,Mar
2022-03-21,GoAir,,2022,3,Mar
2022-03-22,GoAir,,2022,3,Mar
2022-03-23,GoAir,,2022,3,Mar
2022-03-25,GoAir,,2022,3,Mar
2022-03-26,GoAir,,2022,3,Mar
2022-03-27,GoAir,,2022,3,Mar
2022-03-28,GoAir,,2022,3,Mar
2022-03-31,GoAir,,2022,3,Mar
2022-04-01,GoAir,,2022,4,Apr
2022-04-03,GoAir,,2022,4,Apr
2022-04-04,GoAir,,2022,4,Apr
2022-04-06,GoAir,,2022,4,Apr
2022-04-05,GoAir,,2022,4,Apr
2022-04-07,GoAir,,2022,4,Apr
2022-04-08,GoAir,,2022,4,Apr
2022-04-09,GoAir,,2022,4,Apr
2022-04-10,GoAir,,2022,4,Apr
2022-04-11,GoAir,,2022,4,Apr
2022-04-13,GoAir,,2022,4,Apr
2022-04-21,GoAir,,2022,4,Apr
2022-04-30,GoAir,,2022,4,Apr
2022-05-11,GoAir,,2022,5,May
2022-05-13,GoAir,,2022,5,May
2022-05-14,GoAir,,2022,5,May
2022-05-15,GoAir,,2022,5,May
2022-05-16,GoAir,,2022,5,May
2022-06-02,GoAir,,2022,6,Jun
2022-11-29,GoAir,,2022,11,Nov
2022-12-03,GoAir,,2022,12,Dec
2023-01-03,GoAir,,2023,1,Jan
2023-01-07,GoAir,,2023,1,Jan
2023-02-01,GoAir,,2023,2,Feb
2023-02-02,GoAir,,2023,2,Feb
2023-02-19,GoAir,,2023,2,Feb
2023-02-18,GoAir,,2023,2,Feb
2023-03-04,GoAir,,2023,3,Mar
2023-03-05,GoAir,,2023,3,Mar
2023-03-06,GoAir,,2023,3,Mar
2023-03-09,GoAir,,2023,3,Mar
2023-03-10,GoAir,,2023,3,Mar
2023-03-11,GoAir,,2023,3,Mar
2023-03-12,GoAir,,2023,3,Mar
2023-03-13,GoAir,,2023,3,Mar
2023-03-14,GoAir,,2023,3,Mar
2023-03-15,GoAir,,2023,3,Mar
2023-03-17,GoAir,,2023,3,Mar
2023-03-18,GoAir,,2023,3,Mar
2023-03-19,GoAir,,2023,3,Mar
2023-03-20,GoAir,,2023,3,Mar
2023-03-21,GoAir,,2023,3,Mar
2023-03-22,GoAir,,2023,3,Mar
2023-03-23,GoAir,,2023,3,Mar
2023-03-24,GoAir,,2023,3,Mar
2023-03-25,GoAir,,2023,3,Mar
2023-03-26,GoAir,,2023,3,Mar
2023-03-27,GoAir,,2023,3,Mar
2023-03-28,GoAir,,2023,3,Mar
2023-03-29,GoAir,,2023,3,Mar
2023-03-30,GoAir,,2023,3,Mar
2023-03-31,GoAir,,2023,3,Mar
2023-04-01,GoAir,,2023,4,Apr
2023-04-02,GoAir,,2023,4,Apr
2023-04-03,GoAir,,2023,4,Apr
2023-04-04,GoAir,,2023,4,Apr
2023-04-05,GoAir,,2023,4,Apr
2023-04-06,GoAir,,2023,4,Apr
2023-04-07,GoAir,,2023,4,Apr
2023-04-08,GoAir,,2023,4,Apr
2023-04-09,GoAir,,2023,4,Apr
2023-04-10,GoAir,,2023,4,Apr
2023-04-11,GoAir,,2023,4,Apr
2023-04-12,GoAir,,2023,4,Apr
2023-04-14,GoAir,,2023,4,Apr
2023-04-15,GoAir,,2023,4,Apr
2023-04-16,GoAir,,2023,4,Apr
2023-04-17,GoAir,,2023,4,Apr
2023-04-18,GoAir,,2023,4,Apr
2023-04-19,GoAir,,2023,4,Apr
2023-04-20,GoAir,,2023,4,Apr
2023-04-21,GoAir,,2023,4,Apr
2023-04-22,GoAir,,2023,4,Apr
2023-04-23,GoAir,,2023,4,Apr
2023-04-24,GoAir,,2023,4,Apr
2023-04-25,GoAir,,2023,4,Apr
2023-04-26,GoAir,,2023,4,Apr
2023-04-27,GoAir,,2023,4,Apr
2023-04-28,GoAir,,2023,4,Apr
2023-04-29,GoAir,,2023,4,Apr
2023-04-30,GoAir,,2023,4,Apr
2023-05-01,GoAir,,2023,5,May
2023-05-02,GoAir,,2023,5,May
2023-05-03,GoAir,,2023,5,May
2023-05-04,GoAir,,2023,5,May
2023-05-05,GoAir,,2023,5,May
2023-05-06,GoAir,,2023,5,May
2023-05-07,GoAir,,2023,5,May
2023-05-08,GoAir,,2023,5,May
2023-05-09,GoAir,,2023,5,May
2023-05-10,GoAir,,2023,5,May
2023-05-11,GoAir,,2023,5,May
2023-05-12,GoAir,,2023,5,May
2023-05-13,GoAir,,2023,5,May
2023-05-14,GoAir,,2023,5,May
2023-05-15,GoAir,,2023,5,May
2023-05-16,GoAir,,2023,5,May
2023-05-17,GoAir,,2023,5,May
2023-05-18,GoAir,,2023,5,May
2023-05-19,GoAir,,2023,5,May
2023-05-20,GoAir,,2023,5,May
2023-05-21,GoAir,,2023,5,May
2023-05-22,GoAir,,2023,5,May
2023-05-23,GoAir,,2023,5,May
2023-05-24,GoAir,,2023,5,May
2023-05-25,GoAir,,2023,5,May
2023-05-26,GoAir,,2023,5,May
2023-05-27,GoAir,,2023,5,May
2023-05-28,GoAir,,2023,5,May
2023-05-29,GoAir,,2023,5,May
2023-05-30,GoAir,,2023,5,May
2023-05-31,GoAir,,2023,5,May
2023-06-02,GoAir,,2023,6,Jun
2023-06-03,GoAir,,2023,6,Jun
2023-06-04,GoAir,,2023,6,Jun
2023-06-05,GoAir,,2023,6,Jun
2023-06-06,GoAir,,2023,6,Jun
2023-06-07,GoAir,,2023,6,Jun
2023-06-08,GoAir,,2023,6,Jun
2023-06-09,GoAir,,2023,6,Jun
2023-06-10,GoAir,,2023,6,Jun
2023-06-11,GoAir,,2023,6,Jun
2023-06-12,GoAir,,2023,6,Jun
2023-06-13,GoAir,,2023,6,Jun
2023-06-14,GoAir,,2023,6,Jun
2023-06-15,GoAir,,2023,6,Jun
2023-06-16,GoAir,,2023,6,Jun
2023-06-17,GoAir,,2023,6,Jun
2023-06-18,GoAir,,2023,6,Jun
2023-06-19,GoAir,,2023,6,Jun
2023-06-23,GoAir,,2023,6,Jun
2023-06-24,GoAir,,2023,6,Jun
2023-06-25,GoAir,,2023,6,Jun
2023-06-26,GoAir,,2023,6,Jun
2023-06-27,GoAir,,2023,6,Jun
2023-06-28,GoAir,,2023,6,Jun
2023-06-29,GoAir,,2023,6,Jun
2023-06-30,GoAir,,2023,6,Jun
2023-07-01,GoAir,,2023,7,Jul
2023-07-02,GoAir,,2023,7,Jul
2023-07-03,GoAir,,2023,7,Jul
2023-07-04,GoAir,,2023,7,Jul
2023-07-05,GoAir,,2023,7,Jul
2023-07-08,GoAir,,2023,7,Jul
2023-07-09,GoAir,,2023,7,Jul
2023-07-10,GoAir,,2023,7,Jul
2023-07-11,GoAir,,2023,7,Jul
2023-07-12,GoAir,,2023,7,Jul
2023-07-13,GoAir,,2023,7,Jul
2023-07-14,GoAir,,2023,7,Jul
2023-07-15,GoAir,,2023,7,Jul
2023-07-17,GoAir,,2023,7,Jul
2023-07-18,GoAir,,2023,7,Jul
2023-07-19,GoAir,,2023,7,Jul
2023-07-20,GoAir,,2023,7,Jul
2023-07-21,GoAir,,2023,7,Jul
2023-07-22,GoAir,,2023,7,Jul
2023-07-23,GoAir,,2023,7,Jul
2023-07-24,GoAir,,2023,7,Jul
2023-07-25,GoAir,,2023,7,Jul
2023-07-26,GoAir,,2023,7,Jul
2023-07-27,GoAir,,2023,7,Jul
2023-07-28,GoAir,,2023,7,Jul
2023-07-29,GoAir,,2023,7,Jul
2023-07-30,GoAir,,2023,7,Jul
2023-07-31,GoAir,,2023,7,Jul
2023-08-01,GoAir,,2023,8,Aug
2023-08-02,GoAir,,2023,8,Aug
2023-08-03,GoAir,,2023,8,Aug
2023-08-04,GoAir,,2023,8,Aug
2023-08-05,GoAir,,2023,8,Aug
2023-08-06,GoAir,,2023,8,Aug
2023-08-07,GoAir,,2023,8,Aug
2023-08-08,GoAir,,2023,8,Aug
2023-08-09,GoAir,,2023,8,Aug
2023-08-10,GoAir,,2023,8,Aug
2023-08-11,GoAir,,2023,8,Aug
2023-08-13,GoAir,,2023,8,Aug
2023-08-14,GoAir,,2023,8,Aug
2023-08-15,GoAir,,2023,8,Aug
2023-08-28,GoAir,,2023,8,Aug
2023-09-20,GoAir,,2023,9,Sep
2023-10-13,GoAir,,2023,10,Oct
2023-10-14,GoAir,,2023,10,Oct
2023-10-15,GoAir,,2023,10,Oct
2023-10-16,GoAir,,2023,10,Oct
2023-10-17,GoAir,,2023,10,Oct
2023-10-18,GoAir,,2023,10,Oct
2023-10-19,GoAir,,2023,10,Oct
2023-10-20,GoAir,,2023,10,Oct
2023-10-21,GoAir,,2023,10,Oct
2023-10-22,GoAir,,2023,10,Oct
2023-10-23,GoAir,,2023,10,Oct
2023-10-24,GoAir,,2023,10,Oct
2023-10-25,GoAir,,2023,10,Oct
2023-10-26,GoAir,,2023,10,Oct
2023-10-27,GoAir,,2023,10,Oct
2023-10-28,GoAir,,2023,10,Oct
2023-10-29,GoAir,,2023,10,Oct
2023-10-30,GoAir,,2023,10,Oct
2023-10-31,GoAir,,2023,10,Oct
2023-11-01,GoAir,,2023,11,Nov
2023-11-02,GoAir,,2023,11,Nov
2023-11-04,GoAir,,2023,11,Nov
2023-11-05,GoAir,,2023,11,Nov
2023-11-06,GoAir,,2023,11,Nov
2023-11-07,GoAir,,2023,11,Nov
2023-11-08,GoAir,,2023,11,Nov
2023-11-09,GoAir,,2023,11,Nov
2023-11-10,GoAir,,2023,11,Nov
2023-11-11,GoAir,,2023,11,Nov
2023-11-12,GoAir,,2023,11,Nov
2023-11-13,GoAir,,2023,11,Nov
2023-11-14,GoAir,,2023,11,Nov
2023-11-15,GoAir,,2023,11,Nov
2023-11-16,GoAir,,2023,11,Nov
2023-11-17,GoAir,,2023,11,Nov
2023-11-18,GoAir,,2023,11,Nov
2023-11-19,GoAir,,2023,11,Nov
2023-11-20,GoAir,,2023,11,Nov
2023-11-21,GoAir,,2023,11,Nov
2023-11-22,GoAir,,2023,11,Nov
2023-11-23,GoAir,,2023,11,Nov
2023-11-25,GoAir,,2023,11,Nov
2023-11-27,GoAir,,2023,11,Nov
2023-11-26,GoAir,,2023,11,Nov
2023-11-28,GoAir,,2023,11,Nov
2023-11-30,GoAir,,2023,11,Nov
2023-12-01,GoAir,,2023,12,Dec
2023-12-02,GoAir,,2023,12,Dec
2023-12-03,GoAir,,2023,12,Dec
2023-12-04,GoAir,,2023,12,Dec
2023-12-06,GoAir,,2023,12,Dec
2023-12-07,GoAir,,2023,12,Dec
2023-12-08,GoAir,,2023,12,Dec
2023-12-10,GoAir,,2023,12,Dec
2023-12-11,GoAir,,2023,12,Dec
2023-12-13,GoAir,,2023,12,Dec
2023-12-14,GoAir,,2023,12,Dec
2023-12-12,GoAir,,2023,12,Dec
2023-12-15,GoAir,,2023,12,Dec
2023-12-16,GoAir,,2023,12,Dec
2023-12-18,GoAir,,2023,12,Dec
2023-12-19,GoAir,,2023,12,Dec
2023-12-20,GoAir,,2023,12,Dec
2023-12-21,GoAir,,2023,12,Dec
2023-12-22,GoAir,,2023,12,Dec
2023-12-25,GoAir,,2023,12,Dec
2023-12-23,GoAir,,2023,12,Dec
2023-12-26,GoAir,,2023,12,Dec
2023-12-28,GoAir,,2023,12,Dec
2023-12-27,GoAir,,2023,12,Dec
2023-12-29,GoAir,,2023,12,Dec
2023-12-30,GoAir,,2023,12,Dec
2023-12-31,GoAir,,2023,12,Dec
2024-01-01,GoAir,,2024,1,Jan
2024-01-02,GoAir,,2024,1,Jan
2024-01-03,GoAir,,2024,1,Jan
2024-01-04,GoAir,,2024,1,Jan
2024-01-05,GoAir,,2024,1,Jan
2024-01-06,GoAir,,2024,1,Jan
2024-01-07,GoAir,,2024,1,Jan
2024-01-08,GoAir,,2024,1,Jan
2024-01-09,GoAir,,2024,1,Jan
2024-01-10,GoAir,,2024,1,Jan
2024-01-11,GoAir,,2024,1,Jan
2024-01-12,GoAir,,2024,1,Jan
2024-01-13,GoAir,,2024,1,Jan
2024-01-14,GoAir,,2024,1,Jan
2024-01-15,GoAir,,2024,1,Jan
2024-01-16,GoAir,,2024,1,Jan
2024-01-17,GoAir,,2024,1,Jan
2024-01-18,GoAir,,2024,1,Jan
2024-01-19,GoAir,,2024,1,Jan
2024-01-20,GoAir,,2024,1,Jan
2024-01-21,GoAir,,2024,1,Jan
2024-01-22,GoAir,,2024,1,Jan
2024-01-23,GoAir,,2024,1,Jan
2024-01-24,GoAir,,2024,1,Jan
2024-01-25,GoAir,,2024,1,Jan
2024-01-26,GoAir,,2024,1,Jan
2024-01-27,GoAir,,2024,1,Jan
2024-01-28,GoAir,,2024,1,Jan
2024-01-29,GoAir,,2024,1,Jan
2024-01-30,GoAir,,2024,1,Jan
2024-01-31,GoAir,,2024,1,Jan
2024-02-01,GoAir,,2024,2,Feb
2024-02-02,GoAir,,2024,2,Feb
2024-02-03,GoAir,,2024,2,Feb
2024-02-04,GoAir,,2024,2,Feb
2024-02-05,GoAir,,2024,2,Feb
2024-02-06,GoAir,,2024,2,Feb
2024-02-07,GoAir,,2024,2,Feb
2024-02-08,GoAir,,2024,2,Feb
2024-02-09,GoAir,,2024,2,Feb
2024-02-10,GoAir,,2024,2,Feb
2024-02-11,GoAir,,2024,2,Feb
2024-02-12,GoAir,,2024,2,Feb
2024-02-13,GoAir,,2024,2,Feb
2024-02-14,GoAir,,2024,2,Feb
2024-02-15,GoAir,,2024,2,Feb
2024-02-16,GoAir,,2024,2,Feb
2024-02-17,GoAir,,2024,2,Feb
2024-02-18,GoAir,,2024,2,Feb
2024-02-19,GoAir,,2024,2,Feb
2024-02-21,GoAir,,2024,2,Feb
2024-02-22,GoAir,,2024,2,Feb
2024-02-23,GoAir,,2024,2,Feb
2024-02-24,GoAir,,2024,2,Feb
2024-02-25,GoAir,,2024,2,Feb
2024-02-26,GoAir,,2024,2,Feb
2024-02-27,GoAir,,2024,2,Feb
2024-02-28,GoAir,,2024,2,Feb
2024-02-29,GoAir,,2024,2,Feb
2024-03-01,GoAir,,2024,3,Mar
2024-03-02,GoAir,,2024,3,Mar
2024-03-03,GoAir,,2024,3,Mar
2024-03-04,GoAir,,2024,3,Mar
2024-03-05,GoAir,,2024,3,Mar
2024-03-06,GoAir,,2024,3,Mar
2024-03-07,GoAir,,2024,3,Mar
2024-03-08,GoAir,,2024,3,Mar
2024-03-09,GoAir,,2024,3,Mar
2024-03-10,GoAir,,2024,3,Mar
2024-03-11,GoAir,,2024,3,Mar
2024-03-12,GoAir,,2024,3,Mar
2024-03-13,GoAir,,2024,3,Mar
2024-03-14,GoAir,,2024,3,Mar
2024-03-15,GoAir,,2024,3,Mar
2024-03-16,GoAir,,2024,3,Mar
2024-03-17,GoAir,,2024,3,Mar
2024-03-18,GoAir,,2024,3,Mar
2024-03-19,GoAir,,2024,3,Mar
2024-03-20,GoAir,,2024,3,Mar
2024-03-21,GoAir,,2024,3,Mar
2024-03-22,GoAir,,2024,3,Mar
2024-03-24,GoAir,,2024,3,Mar
2024-03-25,GoAir,,2024,3,Mar
2024-03-26,GoAir,,2024,3,Mar
2024-03-27,GoAir,,2024,3,Mar
2024-03-28,GoAir,,2024,3,Mar
2024-03-29,GoAir,,2024,3,Mar
2024-03-30,GoAir,,2024,3,Mar
2024-03-31,GoAir,,2024,3,Mar
2024-04-01,GoAir,,2024,4,Apr
2024-04-02,GoAir,,2024,4,Apr
2024-04-03,GoAir,,2024,4,Apr
2024-04-04,GoAir,,2024,4,Apr
2024-04-05,GoAir,,2024,4,Apr
2024-04-06,GoAir,,2024,4,Apr
2024-04-07,GoAir,,2024,4,Apr
2024-04-08,GoAir,,2024,4,Apr
2024-04-09,GoAir,,2024,4,Apr
2024-04-10,GoAir,,2024,4,Apr
2024-04-11,GoAir,,2024,4,Apr
2024-04-12,GoAir,,2024,4,Apr
2024-04-13,GoAir,,2024,4,Apr
2024-04-14,GoAir,,2024,4,Apr
2024-04-15,GoAir,,2024,4,Apr
2024-04-16,GoAir,,2024,4,Apr
2024-04-17,GoAir,,2024,4,Apr
2024-04-18,GoAir,,2024,4,Apr
2024-04-19,GoAir,,2024,4,Apr
2024-04-20,GoAir,,2024,4,Apr
2024-04-21,GoAir,,2024,4,Apr
2024-04-22,GoAir,,2024,4,Apr
2024-04-24,GoAir,,2024,4,Apr
2024-04-25,GoAir,,2024,4,Apr
2024-04-26,GoAir,,2024,4,Apr
2024-04-27,GoAir,,2024,4,Apr
2024-04-28,GoAir,,2024,4,Apr
2024-04-30,GoAir,,2024,4,Apr
2024-05-01,GoAir,,2024,5,May
2024-05-02,GoAir,,2024,5,May
2024-05-03,GoAir,,2024,5,May
2024-05-04,GoAir,,2024,5,May
2024-05-05,GoAir,,2024,5,May
2024-05-06,GoAir,,2024,5,May
2024-05-07,GoAir,,2024,5,May
2024-05-08,GoAir,,2024,5,May
2024-05-09,GoAir,,2024,5,May
2024-05-10,GoAir,,2024,5,May
2024-05-11,GoAir,,2024,5,May
2024-05-12,GoAir,,2024,5,May
2024-05-13,GoAir,,2024,5,May
2024-05-14,GoAir,,2024,5,May
2024-05-15,GoAir,,2024,5,May
2024-05-16,GoAir,,2024,5,May
2024-05-17,GoAir,,2024,5,May
2024-05-18,GoAir,,2024,5,May
2024-05-19,GoAir,,2024,5,May
2024-05-20,GoAir,,2024,5,May
2024-05-22,GoAir,,2024,5,May
2024-05-23,GoAir,,2024,5,May
2024-05-24,GoAir,,2024,5,May
2024-05-25,GoAir,,2024,5,May
2024-05-26,GoAir,,2024,5,May
2024-05-27,GoAir,,2024,5,May
2024-05-28,GoAir,,2024,5,May
2024-05-29,GoAir,,2024,5,May
2024-05-30,GoAir,,2024,5,May
2024-05-31,GoAir,,2024,5,May
2024-06-01,GoAir,,2024,6,Jun
2024-06-02,GoAir,,2024,6,Jun
2024-06-04,GoAir,,2024,6,Jun
2024-06-05,GoAir,,2024,6,Jun
2024-06-06,GoAir,,2024,6,Jun
2024-06-07,GoAir,,2024,6,Jun
2024-06-08,GoAir,,2024,6,Jun
2024-06-09,GoAir,,2024,6,Jun
2024-06-10,GoAir,,2024,6,Jun
2024-06-11,GoAir,,2024,6,Jun
2024-06-12,GoAir,,2024,6,Jun
2024-06-13,GoAir,,2024,6,Jun
2024-06-14,GoAir,,2024,6,Jun
2024-06-15,GoAir,,2024,6,Jun
2024-06-16,GoAir,,2024,6,Jun
2024-06-17,GoAir,,2024,6,Jun
2024-06-18,GoAir,,2024,6,Jun
2024-06-19,GoAir,,2024,6,Jun
2024-06-20,GoAir,,2024,6,Jun
2024-06-21,GoAir,,2024,6,Jun
2024-06-22,GoAir,,2024,6,Jun
2024-06-23,GoAir,,2024,6,Jun
2024-06-24,GoAir,,2024,6,Jun
2024-06-25,GoAir,,2024,6,Jun
2024-06-26,GoAir,,2024,6,Jun
2024-06-29,GoAir,,2024,6,Jun
2024-07-01,GoAir,,2024,7,Jul
2024-07-02,GoAir,,2024,7,Jul
2024-07-03,GoAir,,2024,7,Jul
2024-07-04,GoAir,,2024,7,Jul
2024-07-05,GoAir,,2024,7,Jul
2024-07-06,GoAir,,2024,7,Jul
2024-07-07,GoAir,,2024,7,Jul
2024-07-08,GoAir,,2024,7,Jul
2024-07-09,GoAir,,2024,7,Jul
2024-07-10,GoAir,,2024,7,Jul
2024-07-11,GoAir,,2024,7,Jul
2024-07-12,GoAir,,2024,7,Jul
2024-07-13,GoAir,,2024,7,Jul
2024-07-14,GoAir,,2024,7,Jul
2024-07-15,GoAir,,2024,7,Jul
2024-07-16,GoAir,,2024,7,Jul
2024-07-17,GoAir,,2024,7,Jul
2024-07-18,GoAir,,2024,7,Jul
2024-07-19,GoAir,,2024,7,Jul
2024-07-20,GoAir,,2024,7,Jul
2024-07-21,GoAir,,2024,7,Jul
2024-07-22,GoAir,,2024,7,Jul
2024-07-23,GoAir,,2024,7,Jul
2024-07-24,GoAir,,2024,7,Jul
2024-07-25,GoAir,,2024,7,Jul
2024-07-26,GoAir,,2024,7,Jul
2024-07-27,GoAir,,2024,7,Jul
2024-07-28,GoAir,,2024,7,Jul
2024-07-30,GoAir,,2024,7,Jul
2024-07-31,GoAir,,2024,7,Jul
2024-08-01,GoAir,,2024,8,Aug
2024-08-03,GoAir,,2024,8,Aug
2024-08-04,GoAir,,2024,8,Aug
2024-08-05,GoAir,,2024,8,Aug
2024-08-06,GoAir,,2024,8,Aug
2024-08-07,GoAir,,2024,8,Aug
2024-08-08,GoAir,,2024,8,Aug
2024-08-09,GoAir,,2024,8,Aug
2024-08-10,GoAir,,2024,8,Aug
2024-08-11,GoAir,,2024,8,Aug
2024-08-12,GoAir,,2024,8,Aug
2024-08-13,GoAir,,2024,8,Aug
2024-08-14,GoAir,,2024,8,Aug
2024-08-15,GoAir,,2024,8,Aug
2024-08-16,GoAir,,2024,8,Aug
2024-08-17,GoAir,,2024,8,Aug
2024-08-18,GoAir,,2024,8,Aug
2024-08-19,GoAir,,2024,8,Aug
2024-08-29,GoAir,,2024,8,Aug
2024-08-30,GoAir,,2024,8,Aug
2024-08-31,GoAir,,2024,8,Aug
2024-09-01,GoAir,,2024,9,Sep
2024-09-02,GoAir,,2024,9,Sep
2024-09-03,GoAir,,2024,9,Sep
2024-09-04,GoAir,,2024,9,Sep
2024-09-05,GoAir,,2024,9,Sep
2024-09-06,GoAir,,2024,9,Sep
2024-09-07,GoAir,,2024,9,Sep
2024-09-08,GoAir,,2024,9,Sep
2024-09-09,GoAir,,2024,9,Sep
2024-09-10,GoAir,,2024,9,Sep
2024-09-12,GoAir,,2024,9,Sep
2024-09-11,GoAir,,2024,9,Sep
2024-09-13,GoAir,,2024,9,Sep
2024-09-14,GoAir,,2024,9,Sep
2024-09-15,GoAir,,2024,9,Sep
2024-09-16,GoAir,,2024,9,Sep
2024-09-17,GoAir,,2024,9,Sep
2024-09-18,GoAir,,2024,9,Sep
2024-09-19,GoAir,,2024,9,Sep
2024-09-20,GoAir,,2024,9,Sep
2024-09-21,GoAir,,2024,9,Sep
2024-09-22,GoAir,,2024,9,Sep
2024-09-23,GoAir,,2024,9,Sep
2024-09-24,GoAir,,2024,9,Sep
2024-09-25,GoAir,,2024,9,Sep
2024-09-26,GoAir,,2024,9,Sep
2024-09-27,GoAir,,2024,9,Sep
2024-09-28,GoAir,,2024,9,Sep
2024-09-29,GoAir,,2024,9,Sep
2024-09-30,GoAir,,2024,9,Sep
2024-10-01,GoAir,,2024,10,Oct
2024-10-02,GoAir,,2024,10,Oct
2024-10-03,GoAir,,2024,10,Oct
2024-10-04,GoAir,,2024,10,Oct
2024-10-05,GoAir,,2024,10,Oct
2024-10-06,GoAir,,2024,10,Oct
2024-10-07,GoAir,,2024,10,Oct
2024-10-08,GoAir,,2024,10,Oct
2024-10-09,GoAir,,2024,10,Oct
2024-10-10,GoAir,,2024,10,Oct
2024-10-11,GoAir,,2024,10,Oct
2024-10-12,GoAir,,2024,10,Oct
2024-10-13,GoAir,,2024,10,Oct
2024-10-14,GoAir,,2024,10,Oct
2024-10-15,GoAir,,2024,10,Oct
2024-10-16,GoAir,,2024,10,Oct
2024-10-17,GoAir,,2024,10,Oct
2024-10-18,GoAir,,2024,10,Oct
2024-10-19,GoAir,,2024,10,Oct
2024-10-20,GoAir,,2024,10,Oct
2024-10-21,GoAir,,2024,10,Oct
2024-10-22,GoAir,,2024,10,Oct
2024-10-23,GoAir,,2024,10,Oct
2024-10-24,GoAir,,2024,10,Oct
2024-10-25,GoAir,,2024,10,Oct
2024-10-26,GoAir,,2024,10,Oct
2024-10-27,GoAir,,2024,10,Oct
2024-10-28,GoAir,,2024,10,Oct
2024-10-29,GoAir,,2024,10,Oct
2024-10-30,GoAir,,2024,10,Oct
2024-10-31,GoAir,,2024,10,Oct
2024-11-01,GoAir,,2024,11,Nov
2024-11-02,GoAir,,2024,11,Nov
2024-11-03,GoAir,,2024,11,Nov
2024-11-04,GoAir,,2024,11,Nov
2024-11-05,GoAir,,2024,11,Nov
2024-11-06,GoAir,,2024,11,Nov
2024-11-07,GoAir,,2024,11,Nov
2024-11-08,GoAir,,2024,11,Nov
2024-11-09,GoAir,,2024,11,Nov
2024-11-10,GoAir,,2024,11,Nov
2024-11-11,GoAir,,2024,11,Nov
2024-11-12,GoAir,,2024,11,Nov
2024-11-13,GoAir,,2024,11,Nov
2024-11-14,GoAir,,2024,11,Nov
2024-11-15,GoAir,,2024,11,Nov
2024-11-16,GoAir,,2024,11,Nov
2024-11-17,GoAir,,2024,11,Nov
2024-11-18,GoAir,,2024,11,Nov
2024-11-19,GoAir,,2024,11,Nov
2024-11-20,GoAir,,2024,11,Nov
2024-11-21,GoAir,,2024,11,Nov
2024-11-22,GoAir,,2024,11,Nov
2024-11-23,GoAir,,2024,11,Nov
2024-11-24,GoAir,,2024,11,Nov
2024-11-25,GoAir,,2024,11,Nov
2024-11-26,GoAir,,2024,11,Nov
2024-11-27,GoAir,,2024,11,Nov
2024-11-28,GoAir,,2024,11,Nov
2024-11-29,GoAir,,2024,11,Nov
2024-11-30,GoAir,,2024,11,Nov
2024-12-01,GoAir,,2024,12,Dec
2024-12-02,GoAir,,2024,12,Dec
2024-12-03,GoAir,,2024,12,Dec
2024-12-04,GoAir,,2024,12,Dec
2024-12-05,GoAir,,2024,12,Dec
2024-12-06,GoAir,,2024,12,Dec
2024-12-07,GoAir,,2024,12,Dec
2024-12-08,GoAir,,2024,12,Dec
2024-12-09,GoAir,,2024,12,Dec
2024-12-10,GoAir,,2024,12,Dec
2024-12-11,GoAir,,2024,12,Dec
2024-12-12,GoAir,,2024,12,Dec
2024-12-13,GoAir,,2024,12,Dec
2024-12-14,GoAir,,2024,12,Dec
2024-12-15,GoAir,,2024,12,Dec
2024-12-16,GoAir,,2024,12,Dec
2024-12-17,GoAir,,2024,12,Dec
2024-12-18,GoAir,,2024,12,Dec
2024-12-19,GoAir,,2024,12,Dec
2024-12-20,GoAir,,2024,12,Dec
2024-12-21,GoAir,,2024,12,Dec
2024-12-22,GoAir,,2024,12,Dec
2024-12-23,GoAir,,2024,12,Dec
2024-12-24,GoAir,,2024,12,Dec
2024-12-25,GoAir,,2024,12,Dec
2024-12-26,GoAir,,2024,12,Dec
2024-12-27,GoAir,,2024,12,Dec
2024-12-28,GoAir,,2024,12,Dec
2021-07-29,Indigo,,2021,7,Jul
2021-07-30,Indigo,,2021,7,Jul
2021-08-03,Indigo,,2021,8,Aug
2021-08-04,Indigo,,2021,8,Aug
2021-08-05,Indigo,,2021,8,Aug
2021-08-06,Indigo,,2021,8,Aug
2021-08-07,Indigo,,2021,8,Aug
2021-08-09,Indigo,,2021,8,Aug
2021-08-10,Indigo,,2021,8,Aug
2021-08-12,Indigo,,2021,8,Aug
2021-08-13,Indigo,,2021,8,Aug
2021-08-14,Indigo,,2021,8,Aug
2021-08-15,Indigo,,2021,8,Aug
2021-08-16,Indigo,,2021,8,Aug
2021-08-17,Indigo,,2021,8,Aug
2021-08-18,Indigo,,2021,8,Aug
2021-08-19,Indigo,,2021,8,Aug
2021-08-20,Indigo,,2021,8,Aug
2021-08-21,Indigo,,2021,8,Aug
2021-08-22,Indigo,,2021,8,Aug
2021-08-26,Indigo,,2021,8,Aug
2021-08-27,Indigo,,2021,8,Aug
2021-08-28,Indigo,,2021,8,Aug
2021-08-29,Indigo,,2021,8,Aug
2021-09-17,Indigo,,2021,9,Sep
2021-09-24,Indigo,,2021,9,Sep
2021-09-26,Indigo,,2021,9,Sep
2021-09-27,Indigo,,2021,9,Sep
2021-09-29,Indigo,,2021,9,Sep
2021-10-01,Indigo,,2021,10,Oct
2021-10-02,Indigo,,2021,10,Oct
2021-10-03,Indigo,,2021,10,Oct
2021-10-04,Indigo,,2021,10,Oct
2021-10-07,Indigo,,2021,10,Oct
2021-10-15,Indigo,,2021,10,Oct
2021-10-09,Indigo,,2021,10,Oct
2021-10-18,Indigo,,2021,10,Oct
2021-10-26,Indigo,,2021,10,Oct
2021-10-27,Indigo,,2021,10,Oct
2021-11-05,Indigo,,2021,11,Nov
2021-11-07,Indigo,,2021,11,Nov
2021-11-08,Indigo,,2021,11,Nov
2021-11-15,Indigo,,2021,11,Nov
2021-11-27,Indigo,,2021,11,Nov
2021-11-29,Indigo,,2021,11,Nov
2021-12-13,Indigo,,2021,12,Dec
2021-12-26,Indigo,,2021,12,Dec
2021-12-27,Indigo,,2021,12,Dec
2021-12-28,Indigo,,2021,12,Dec
2021-12-29,Indigo,,2021,12,Dec
2021-12-30,Indigo,,2021,12,Dec
2021-12-31,Indigo,,2021,12,Dec
2022-01-01,Indigo,,2022,1,Jan
2022-01-02,Indigo,,2022,1,Jan
2022-01-03,Indigo,,2022,1,Jan
2022-01-04,Indigo,,2022,1,Jan
2022-01-06,Indigo,,2022,1,Jan
2022-01-05,Indigo,,2022,1,Jan
2022-01-07,Indigo,,2022,1,Jan
2022-01-08,Indigo,,2022,1,Jan
2022-01-09,Indigo,,2022,1,Jan
2022-01-10,Indigo,,2022,1,Jan
2022-01-11,Indigo,,2022,1,Jan
2022-01-12,Indigo,,2022,1,Jan
2022-01-13,Indigo,,2022,1,Jan
2022-01-14,Indigo,,2022,1,Jan
2022-01-15,Indigo,,2022,1,Jan
2022-01-16,Indigo,,2022,1,Jan
2022-01-17,Indigo,,2022,1,Jan
2022-01-19,Indigo,,2022,1,Jan
2022-01-18,Indigo,,2022,1,Jan
2022-01-20,Indigo,,2022,1,Jan
2022-01-21,Indigo,,2022,1,Jan
2022-01-22,Indigo,,2022,1,Jan
2022-01-23,Indigo,,2022,1,Jan
2022-01-24,Indigo,,2022,1,Jan
2022-01-25,Indigo,,2022,1,Jan
2022-01-26,Indigo,,2022,1,Jan
2022-01-27,Indigo,,2022,1,Jan
2022-01-28,Indigo,,2022,1,Jan
2022-01-29,Indigo,,2022,1,Jan
2022-01-30,Indigo,,2022,1,Jan
2022-01-31,Indigo,,2022,1,Jan
2022-02-01,Indigo,,2022,2,Feb
2022-02-02,Indigo,,2022,2,Feb
2022-02-03,Indigo,,2022,2,Feb
2022-02-04,Indigo,,2022,2,Feb
2022-02-05,Indigo,,2022,2,Feb
2022-02-06,Indigo,,2022,2,Feb
2022-02-07,Indigo,,2022,2,Feb
2022-02-08,Indigo,,2022,2,Feb
2022-02-09,Indigo,,2022,2,Feb
2022-02-10,Indigo,,2022,2,Feb
2022-02-12,Indigo,,2022,2,Feb
2022-02-11,Indigo,,2022,2,Feb
2022-02-13,Indigo,,2022,2,Feb
2022-02-14,Indigo,,2022,2,Feb
2022-02-15,Indigo,,2022,2,Feb
2022-02-17,Indigo,,2022,2,Feb
2022-02-16,Indigo,,2022,2,Feb
2022-02-18,Indigo,,2022,2,Feb
2022-02-19,Indigo,,2022,2,Feb
2022-02-21,Indigo,,2022,2,Feb
2022-02-23,Indigo,,2022,2,Feb
2022-02-24,Indigo,,2022,2,Feb
2022-02-25,Indigo,,2022,2,Feb
2022-02-26,Indigo,,2022,2,Feb
2022-03-01,Indigo,,2022,3,Mar
2022-03-02,Indigo,,2022,3,Mar
2022-03-06,Indigo,,2022,3,Mar
2022-03-10,Indigo,,2022,3,Mar
2022-03-11,Indigo,,2022,3,Mar
2022-03-14,Indigo,,2022,3,Mar
2022-03-18,Indigo,,2022,3,Mar
2022-03-19,Indigo,,2022,3,Mar
2022-03-20,Indigo,,2022,3,Mar
2022-03-21,Indigo,,2022,3,Mar
2022-03-22,Indigo,,2022,3,Mar
2022-03-23,Indigo,,2022,3,Mar
2022-03-25,Indigo,,2022,3,Mar
2022-03-26,Indigo,,2022,3,Mar
2022-03-27,Indigo,,2022,3,Mar
2022-03-28,Indigo,,2022,3,Mar
2022-03-31,Indigo,,2022,3,Mar
2022-04-01,Indigo,,2022,4,Apr
2022-04-03,Indigo,,2022,4,Apr
2022-04-04,Indigo,,2022,4,Apr
2022-04-06,Indigo,,2022,4,Apr
2022-04-05,Indigo,,2022,4,Apr
2022-04-07,Indigo,,2022,4,Apr
2022-04-08,Indigo,,2022,4,Apr
2022-04-09,Indigo,,2022,4,Apr
2022-04-10,Indigo,,2022,4,Apr
2022-04-11,Indigo,,2022,4,Apr
2022-04-13,Indigo,,2022,4,Apr
2022-04-21,Indigo,,2022,4,Apr
2022-04-30,Indigo,,2022,4,Apr
2022-05-11,Indigo,,2022,5,May
2022-05-13,Indigo,,2022,5,May
2022-05-14,Indigo,,2022,5,May
2022-05-15,Indigo,,2022,5,May
2022-05-16,Indigo,,2022,5,May
2022-06-02,Indigo,,2022,6,Jun
2022-11-29,Indigo,,2022,11,Nov
2022-12-03,Indigo,,2022,12,Dec
2023-01-03,Indigo,,2023,1,Jan
2023-01-07,Indigo,,2023,1,Jan
2023-02-01,Indigo,,2023,2,Feb
2023-02-02,Indigo,,2023,2,Feb
2023-02-19,Indigo,,2023,2,Feb
2023-02-18,Indigo,,2023,2,Feb
2023-03-04,Indigo,,2023,3,Mar
2023-03-05,Indigo,,2023,3,Mar
2023-03-06,Indigo,,2023,3,Mar
2023-03-09,Indigo,,2023,3,Mar
2023-03-10,Indigo,,2023,3,Mar
2023-03-11,Indigo,,2023,3,Mar
2023-03-12,Indigo,,2023,3,Mar
2023-03-13,Indigo,,2023,3,Mar
2023-03-14,Indigo,,2023,3,Mar
2023-03-15,Indigo,,2023,3,Mar
2023-03-17,Indigo,,2023,3,Mar
2023-03-18,Indigo,,2023,3,Mar
2023-03-19,Indigo,,2023,3,Mar
2023-03-20,Indigo,,2023,3,Mar
2023-03-21,Indigo,,2023,3,Mar
2023-03-22,Indigo,,2023,3,Mar
2023-03-23,Indigo,,2023,3,Mar
2023-03-24,Indigo,,2023,3,Mar
2023-03-25,Indigo,,2023,3,Mar
2023-03-26,Indigo,,2023,3,Mar
2023-03-27,Indigo,,2023,3,Mar
2023-03-28,Indigo,,2023,3,Mar
2023-03-29,Indigo,,2023,3,Mar
2023-03-30,Indigo,,2023,3,Mar
2023-03-31,Indigo,,2023,3,Mar
2023-04-01,Indigo,,2023,4,Apr
2023-04-02,Indigo,,2023,4,Apr
2023-04-03,Indigo,,2023,4,Apr
2023-04-04,Indigo,,2023,4,Apr
2023-04-05,Indigo,,2023,4,Apr
2023-04-06,Indigo,,2023,4,Apr
2023-04-07,Indigo,,2023,4,Apr
2023-04-08,Indigo,,2023,4,Apr
2023-04-09,Indigo,,2023,4,Apr
2023-04-10,Indigo,,2023,4,Apr
2023-04-11,Indigo,,2023,4,Apr
2023-04-12,Indigo,,2023,4,Apr
2023-04-14,Indigo,,2023,4,Apr
2023-04-15,Indigo,,2023,4,Apr
2023-04-16,Indigo,,2023,4,Apr
2023-04-17,Indigo,,2023,4,Apr
2023-04-18,Indigo,,2023,4,Apr
2023-04-19,Indigo,,2023,4,Apr
2023-04-20,Indigo,,2023,4,Apr
2023-04-21,Indigo,,2023,4,Apr
2023-04-22,Indigo,,2023,4,Apr
2023-04-23,Indigo,,2023,4,Apr
2023-04-24,Indigo,,2023,4,Apr
2023-04-25,Indigo,,2023,4,Apr
2023-04-26,Indigo,,2023,4,Apr
2023-04-27,Indigo,,2023,4,Apr
2023-04-28,Indigo,,2023,4,Apr
2023-04-29,Indigo,,2023,4,Apr
2023-04-30,Indigo,,2023,4,Apr
2023-05-01,Indigo,,2023,5,May
2023-05-02,Indigo,,2023,5,May
2023-05-03,Indigo,,2023,5,May
2023-05-04,Indigo,,2023,5,May
2023-05-05,Indigo,,2023,5,May
2023-05-06,Indigo,,2023,5,May
2023-05-07,Indigo,,2023,5,May
2023-05-08,Indigo,,2023,5,May
2023-05-09,Indigo,,2023,5,May
2023-05-10,Indigo,,2023,5,May
2023-05-11,Indigo,,2023,5,May
2023-05-12,Indigo,,2023,5,May
2023-05-13,Indigo,,2023,5,May
2023-05-14,Indigo,,2023,5,May
2023-05-15,Indigo,,2023,5,May
2023-05-16,Indigo,,2023,5,May
2023-05-17,Indigo,,2023,5,May
2023-05-18,Indigo,,2023,5,May
2023-05-19,Indigo,,2023,5,May
2023-05-20,Indigo,,2023,5,May
2023-05-21,Indigo,,2023,5,May
2023-05-22,Indigo,,2023,5,May
2023-05-23,Indigo,,2023,5,May
2023-05-24,Indigo,,2023,5,May
2023-05-25,Indigo,,2023,5,May
2023-05-26,Indigo,,2023,5,May
2023-05-27,Indigo,,2023,5,May
2023-05-28,Indigo,,2023,5,May
2023-05-29,Indigo,,2023,5,May
2023-05-30,Indigo,,2023,5,May
2023-05-31,Indigo,,2023,5,May
2023-06-02,Indigo,,2023,6,Jun
2023-06-03,Indigo,,2023,6,Jun
2023-06-04,Indigo,,2023,6,Jun
2023-06-05,Indigo,,2023,6,Jun
2023-06-06,Indigo,,2023,6,Jun
2023-06-07,Indigo,,2023,6,Jun
2023-06-08,Indigo,,2023,6,Jun
2023-06-09,Indigo,,2023,6,Jun
2023-06-10,Indigo,,2023,6,Jun
2023-06-11,Indigo,,2023,6,Jun
2023-06-12,Indigo,,2023,6,Jun
2023-06-13,Indigo,,2023,6,Jun
2023-06-14,Indigo,,2023,6,Jun
2023-06-15,Indigo,,2023,6,Jun
2023-06-16,Indigo,,2023,6,Jun
2023-06-17,Indigo,,2023,6,Jun
2023-06-18,Indigo,,2023,6,Jun
2023-06-19,Indigo,,2023,6,Jun
2023-06-23,Indigo,,2023,6,Jun
2023-06-24,Indigo,,2023,6,Jun
2023-06-25,Indigo,,2023,6,Jun
2023-06-26,Indigo,,2023,6,Jun
2023-06-27,Indigo,,2023,6,Jun
2023-06-28,Indigo,,2023,6,Jun
2023-06-29,Indigo,,2023,6,Jun
2023-06-30,Indigo,,2023,6,Jun
2023-07-01,Indigo,,2023,7,Jul
2023-07-02,Indigo,,2023,7,Jul
2023-07-03,Indigo,,2023,7,Jul
2023-07-04,Indigo,,2023,7,Jul
2023-07-05,Indigo,,2023,7,Jul
2023-07-08,Indigo,,2023,7,Jul
2023-07-09,Indigo,,2023,7,Jul
2023-07-10,Indigo,,2023,7,Jul
2023-07-11,Indigo,,2023,7,Jul
2023-07-12,Indigo,,2023,7,Jul
2023-07-13,Indigo,,2023,7,Jul
2023-07-14,Indigo,,2023,7,Jul
2023-07-15,Indigo,,2023,7,Jul
2023-07-17,Indigo,,2023,7,Jul
2023-07-18,Indigo,,2023,7,Jul
2023-07-19,Indigo,,2023,7,Jul
2023-07-20,Indigo,,2023,7,Jul
2023-07-21,Indigo,,2023,7,Jul
2023-07-22,Indigo,,2023,7,Jul
2023-07-23,Indigo,,2023,7,Jul
2023-07-24,Indigo,,2023,7,Jul
2023-07-25,Indigo,,2023,7,Jul
2023-07-26,Indigo,,2023,7,Jul
2023-07-27,Indigo,,2023,7,Jul
2023-07-28,Indigo,,2023,7,Jul
2023-07-29,Indigo,,2023,7,Jul
2023-07-30,Indigo,,2023,7,Jul
2023-07-31,Indigo,,2023,7,Jul
2023-08-01,Indigo,,2023,8,Aug
2023-08-02,Indigo,,2023,8,Aug
2023-08-03,Indigo,,2023,8,Aug
2023-08-04,Indigo,,2023,8,Aug
2023-08-05,Indigo,,2023,8,Aug
2023-08-06,Indigo,,2023,8,Aug
2023-08-07,Indigo,,2023,8,Aug
2023-08-08,Indigo,,2023,8,Aug
2023-08-09,Indigo,,2023,8,Aug
2023-08-10,Indigo,,2023,8,Aug
2023-08-11,Indigo,,2023,8,Aug
2023-08-13,Indigo,,2023,8,Aug
2023-08-14,Indigo,,2023,8,Aug
2023-08-15,Indigo,,2023,8,Aug
2023-08-28,Indigo,,2023,8,Aug
2023-09-20,Indigo,,2023,9,Sep
2023-10-13,Indigo,,2023,10,Oct
2023-10-14,Indigo,,2023,10,Oct
2023-10-15,Indigo,,2023,10,Oct
2023-10-16,Indigo,,2023,10,Oct
2023-10-17,Indigo,,2023,10,Oct
2023-10-18,Indigo,,2023,10,Oct
2023-10-19,Indigo,,2023,10,Oct
2023-10-20,Indigo,,2023,10,Oct
2023-10-21,Indigo,,2023,10,Oct
2023-10-22,Indigo,,2023,10,Oct
2023-10-23,Indigo,,2023,10,Oct
2023-10-24,Indigo,,2023,10,Oct
2023-10-25,Indigo,,2023,10,Oct
2023-10-26,Indigo,,2023,10,Oct
2023-10-27,Indigo,,2023,10,Oct
2023-10-28,Indigo,,2023,10,Oct
2023-10-29,Indigo,,2023,10,Oct
2023-10-30,Indigo,,2023,10,Oct
2023-10-31,Indigo,,2023,10,Oct
2023-11-01,Indigo,,2023,11,Nov
2023-11-02,Indigo,,2023,11,Nov
2023-11-04,Indigo,,2023,11,Nov
2023-11-05,Indigo,,2023,11,Nov
2023-11-06,Indigo,,2023,11,Nov
2023-11-07,Indigo,,2023,11,Nov
2023-11-08,Indigo,,2023,11,Nov
2023-11-09,Indigo,,2023,11,Nov
2023-11-10,Indigo,,2023,11,Nov
2023-11-11,Indigo,,2023,11,Nov
2023-11-12,Indigo,,2023,11,Nov
2023-11-13,Indigo,,2023,11,Nov
2023-11-14,Indigo,,2023,11,Nov
2023-11-15,Indigo,,2023,11,Nov
2023-11-16,Indigo,,2023,11,Nov
2023-11-17,Indigo,,2023,11,Nov
2023-11-18,Indigo,,2023,11,Nov
2023-11-19,Indigo,,2023,11,Nov
2023-11-20,Indigo,,2023,11,Nov
2023-11-21,Indigo,,2023,11,Nov
2023-11-22,Indigo,,2023,11,Nov
2023-11-23,Indigo,,2023,11,Nov
2023-11-25,Indigo,,2023,11,Nov
2023-11-27,Indigo,,2023,11,Nov
2023-11-26,Indigo,,2023,11,Nov
2023-11-28,Indigo,,2023,11,Nov
2023-11-30,Indigo,,2023,11,Nov
2023-12-01,Indigo,,2023,12,Dec
2023-12-02,Indigo,,2023,12,Dec
2023-12-03,Indigo,,2023,12,Dec
2023-12-04,Indigo,,2023,12,Dec
2023-12-06,Indigo,,2023,12,Dec
2023-12-07,Indigo,,2023,12,Dec
2023-12-08,Indigo,,2023,12,Dec
2023-12-10,Indigo,,2023,12,Dec
2023-12-11,Indigo,,2023,12,Dec
2023-12-13,Indigo,,2023,12,Dec
2023-12-14,Indigo,,2023,12,Dec
2023-12-12,Indigo,,2023,12,Dec
2023-12-15,Indigo,,2023,12,Dec
2023-12-16,Indigo,,2023,12,Dec
2023-12-18,Indigo,,2023,12,Dec
2023-12-19,Indigo,,2023,12,Dec
2023-12-20,Indigo,,2023,12,Dec
2023-12-21,Indigo,,2023,12,Dec
2023-12-22,Indigo,,2023,12,Dec
2023-12-25,Indigo,,2023,12,Dec
2023-12-23,Indigo,,2023,12,Dec
2023-12-26,Indigo,,2023,12,Dec
2023-12-28,Indigo,,2023,12,Dec
2023-12-27,Indigo,,2023,12,Dec
2023-12-29,Indigo,,2023,12,Dec
2023-12-30,Indigo,,2023,12,Dec
2023-12-31,Indigo,,2023,12,Dec
2024-01-01,Indigo,,2024,1,Jan
2024-01-02,Indigo,,2024,1,Jan
2024-01-03,Indigo,,2024,1,Jan
2024-01-04,Indigo,,2024,1,Jan
2024-01-05,Indigo,,2024,1,Jan
2024-01-06,Indigo,,2024,1,Jan
2024-01-07,Indigo,,2024,1,Jan
2024-01-08,Indigo,,2024,1,Jan
2024-01-09,Indigo,,2024,1,Jan
2024-01-10,Indigo,,2024,1,Jan
2024-01-11,Indigo,,2024,1,Jan
2024-01-12,Indigo,,2024,1,Jan
2024-01-13,Indigo,,2024,1,Jan
2024-01-14,Indigo,,2024,1,Jan
2024-01-15,Indigo,,2024,1,Jan
2024-01-16,Indigo,,2024,1,Jan
2024-01-17,Indigo,,2024,1,Jan
2024-01-18,Indigo,,2024,1,Jan
2024-01-19,Indigo,,2024,1,Jan
2024-01-20,Indigo,,2024,1,Jan
2024-01-21,Indigo,,2024,1,Jan
2024-01-22,Indigo,,2024,1,Jan
2024-01-23,Indigo,,2024,1,Jan
2024-01-24,Indigo,,2024,1,Jan
2024-01-25,Indigo,,2024,1,Jan
2024-01-26,Indigo,,2024,1,Jan
2024-01-27,Indigo,,2024,1,Jan
2024-01-28,Indigo,,2024,1,Jan
2024-01-29,Indigo,,2024,1,Jan
2024-01-30,Indigo,,2024,1,Jan
2024-01-31,Indigo,,2024,1,Jan
2024-02-01,Indigo,,2024,2,Feb
2024-02-02,Indigo,,2024,2,Feb
2024-02-03,Indigo,,2024,2,Feb
2024-02-04,Indigo,,2024,2,Feb
2024-02-05,Indigo,,2024,2,Feb
2024-02-06,Indigo,,2024,2,Feb
2024-02-07,Indigo,,2024,2,Feb
2024-02-08,Indigo,,2024,2,Feb
2024-02-09,Indigo,,2024,2,Feb
2024-02-10,Indigo,,2024,2,Feb
2024-02-11,Indigo,,2024,2,Feb
2024-02-12,Indigo,,2024,2,Feb
2024-02-13,Indigo,,2024,2,Feb
2024-02-14,Indigo,,2024,2,Feb
2024-02-15,Indigo,,2024,2,Feb
2024-02-16,Indigo,,2024,2,Feb
2024-02-17,Indigo,,2024,2,Feb
2024-02-18,Indigo,,2024,2,Feb
2024-02-19,Indigo,,2024,2,Feb
2024-02-21,Indigo,,2024,2,Feb
2024-02-22,Indigo,,2024,2,Feb
2024-02-23,Indigo,,2024,2,Feb
2024-02-24,Indigo,,2024,2,Feb
2024-02-25,Indigo,,2024,2,Feb
2024-02-26,Indigo,,2024,2,Feb
2024-02-27,Indigo,,2024,2,Feb
2024-02-28,Indigo,,2024,2,Feb
2024-02-29,Indigo,,2024,2,Feb
2024-03-01,Indigo,,2024,3,Mar
2024-03-02,Indigo,,2024,3,Mar
2024-03-03,Indigo,,2024,3,Mar
2024-03-04,Indigo,,2024,3,Mar
2024-03-05,Indigo,,2024,3,Mar
2024-03-06,Indigo,,2024,3,Mar
2024-03-07,Indigo,,2024,3,Mar
2024-03-08,Indigo,,2024,3,Mar
2024-03-09,Indigo,,2024,3,Mar
2024-03-10,Indigo,,2024,3,Mar
2024-03-11,Indigo,,2024,3,Mar
2024-03-12,Indigo,,2024,3,Mar
2024-03-13,Indigo,,2024,3,Mar
2024-03-14,Indigo,,2024,3,Mar
2024-03-15,Indigo,,2024,3,Mar
2024-03-16,Indigo,,2024,3,Mar
2024-03-17,Indigo,,2024,3,Mar
2024-03-18,Indigo,,2024,3,Mar
2024-03-19,Indigo,,2024,3,Mar
2024-03-20,Indigo,,2024,3,Mar
2024-03-21,Indigo,,2024,3,Mar
2024-03-22,Indigo,,2024,3,Mar
2024-03-24,Indigo,,2024,3,Mar
2024-03-25,Indigo,,2024,3,Mar
2024-03-26,Indigo,,2024,3,Mar
2024-03-27,Indigo,,2024,3,Mar
2024-03-28,Indigo,,2024,3,Mar
2024-03-29,Indigo,,2024,3,Mar
2024-03-30,Indigo,,2024,3,Mar
2024-03-31,Indigo,,2024,3,Mar
2024-04-01,Indigo,,2024,4,Apr
2024-04-02,Indigo,,2024,4,Apr
2024-04-03,Indigo,,2024,4,Apr
2024-04-04,Indigo,,2024,4,Apr
2024-04-05,Indigo,,2024,4,Apr
2024-04-06,Indigo,,2024,4,Apr
2024-04-07,Indigo,,2024,4,Apr
2024-04-08,Indigo,,2024,4,Apr
2024-04-09,Indigo,,2024,4,Apr
2024-04-10,Indigo,,2024,4,Apr
2024-04-11,Indigo,,2024,4,Apr
2024-04-12,Indigo,,2024,4,Apr
2024-04-13,Indigo,,2024,4,Apr
2024-04-14,Indigo,,2024,4,Apr
2024-04-15,Indigo,,2024,4,Apr
2024-04-16,Indigo,,2024,4,Apr
2024-04-17,Indigo,,2024,4,Apr
2024-04-18,Indigo,,2024,4,Apr
2024-04-19,Indigo,,2024,4,Apr
2024-04-20,Indigo,,2024,4,Apr
2024-04-21,Indigo,,2024,4,Apr
2024-04-22,Indigo,,2024,4,Apr
2024-04-24,Indigo,,2024,4,Apr
2024-04-25,Indigo,,2024,4,Apr
2024-04-26,Indigo,,2024,4,Apr
2024-04-27,Indigo,,2024,4,Apr
2024-04-28,Indigo,,2024,4,Apr
2024-04-30,Indigo,,2024,4,Apr
2024-05-01,Indigo,,2024,5,May
2024-05-02,Indigo,,2024,5,May
2024-05-03,Indigo,,2024,5,May
2024-05-04,Indigo,,2024,5,May
2024-05-05,Indigo,,2024,5,May
2024-05-06,Indigo,,2024,5,May
2024-05-07,Indigo,,2024,5,May
2024-05-08,Indigo,,2024,5,May
2024-05-09,Indigo,,2024,5,May
2024-05-10,Indigo,,2024,5,May
2024-05-11,Indigo,,2024,5,May
2024-05-12,Indigo,,2024,5,May
2024-05-13,Indigo,,2024,5,May
2024-05-14,Indigo,,2024,5,May
2024-05-15,Indigo,,2024,5,May
2024-05-16,Indigo,,2024,5,May
2024-05-17,Indigo,,2024,5,May
2024-05-18,Indigo,,2024,5,May
2024-05-19,Indigo,,2024,5,May
2024-05-20,Indigo,,2024,5,May
2024-05-22,Indigo,,2024,5,May
2024-05-23,Indigo,,2024,5,May
2024-05-24,Indigo,,2024,5,May
2024-05-25,Indigo,,2024,5,May
2024-05-26,Indigo,,2024,5,May
2024-05-27,Indigo,,2024,5,May
2024-05-28,Indigo,,2024,5,May
2024-05-29,Indigo,,2024,5,May
2024-05-30,Indigo,,2024,5,May
2024-05-31,Indigo,,2024,5,May
2024-06-01,Indigo,,2024,6,Jun
2024-06-02,Indigo,,2024,6,Jun
2024-06-04,Indigo,,2024,6,Jun
2024-06-05,Indigo,,2024,6,Jun
2024-06-06,Indigo,,2024,6,Jun
2024-06-07,Indigo,,2024,6,Jun
2024-06-08,Indigo,,2024,6,Jun
2024-06-09,Indigo,,2024,6,Jun
2024-06-10,Indigo,,2024,6,Jun
2024-06-11,Indigo,,2024,6,Jun
2024-06-12,Indigo,,2024,6,Jun
2024-06-13,Indigo,,2024,6,Jun
2024-06-14,Indigo,,2024,6,Jun
2024-06-15,Indigo,,2024,6,Jun
2024-06-16,Indigo,,2024,6,Jun
2024-06-17,Indigo,,2024,6,Jun
2024-06-18,Indigo,,2024,6,Jun
2024-06-19,Indigo,,2024,6,Jun
2024-06-20,Indigo,,2024,6,Jun
2024-06-21,Indigo,,2024,6,Jun
2024-06-22,Indigo,,2024,6,Jun
2024-06-23,Indigo,,2024,6,Jun
2024-06-24,Indigo,,2024,6,Jun
2024-06-25,Indigo,,2024,6,Jun
2024-06-26,Indigo,,2024,6,Jun
2024-06-29,Indigo,,2024,6,Jun
2024-07-01,Indigo,,2024,7,Jul
2024-07-02,Indigo,,2024,7,Jul
2024-07-03,Indigo,,2024,7,Jul
2024-07-04,Indigo,,2024,7,Jul
2024-07-05,Indigo,,2024,7,Jul
2024-07-06,Indigo,,2024,7,Jul
2024-07-07,Indigo,,2024,7,Jul
2024-07-08,Indigo,,2024,7,Jul
2024-07-09,Indigo,,2024,7,Jul
2024-07-10,Indigo,,2024,7,Jul
2024-07-11,Indigo,,2024,7,Jul
2024-07-12,Indigo,,2024,7,Jul
2024-07-13,Indigo,,2024,7,Jul
2024-07-14,Indigo,,2024,7,Jul
2024-07-15,Indigo,,2024,7,Jul
2024-07-16,Indigo,,2024,7,Jul
2024-07-17,Indigo,,2024,7,Jul
2024-07-18,Indigo,,2024,7,Jul
2024-07-19,Indigo,,2024,7,Jul
2024-07-20,Indigo,,2024,7,Jul
2024-07-21,Indigo,,2024,7,Jul
2024-07-22,Indigo,,2024,7,Jul
2024-07-23,Indigo,,2024,7,Jul
2024-07-24,Indigo,,2024,7,Jul
2024-07-25,Indigo,,2024,7,Jul
2024-07-26,Indigo,,2024,7,Jul
2024-07-27,Indigo,,2024,7,Jul
2024-07-28,Indigo,,2024,7,Jul
2024-07-30,Indigo,,2024,7,Jul
2024-07-31,Indigo,,2024,7,Jul
2024-08-01,Indigo,,2024,8,Aug
2024-08-03,Indigo,,2024,8,Aug
2024-08-04,Indigo,,2024,8,Aug
2024-08-05,Indigo,,2024,8,Aug
2024-08-06,Indigo,,2024,8,Aug
2024-08-07,Indigo,,2024,8,Aug
2024-08-08,Indigo,,2024,8,Aug
2024-08-09,Indigo,,2024,8,Aug
2024-08-10,Indigo,,2024,8,Aug
2024-08-11,Indigo,,2024,8,Aug
2024-08-12,Indigo,,2024,8,Aug
2024-08-13,Indigo,,2024,8,Aug
2024-08-14,Indigo,,2024,8,Aug
2024-08-15,Indigo,,2024,8,Aug
2024-08-16,Indigo,,2024,8,Aug
2024-08-17,Indigo,,2024,8,Aug
2024-08-18,Indigo,,2024,8,Aug
2024-08-19,Indigo,,2024,8,Aug
2024-08-29,Indigo,,2024,8,Aug
2024-08-30,Indigo,,2024,8,Aug
2024-08-31,Indigo,,2024,8,Aug
2024-09-01,Indigo,,2024,9,Sep
2024-09-02,Indigo,,2024,9,Sep
2024-09-03,Indigo,,2024,9,Sep
2024-09-04,Indigo,,2024,9,Sep
2024-09-05,Indigo,,2024,9,Sep
2024-09-06,Indigo,,2024,9,Sep
2024-09-07,Indigo,,2024,9,Sep
2024-09-08,Indigo,,2024,9,Sep
2024-09-09,Indigo,,2024,9,Sep
2024-09-10,Indigo,,2024,9,Sep
2024-09-12,Indigo,,2024,9,Sep
2024-09-11,Indigo,,2024,9,Sep
2024-09-13,Indigo,,2024,9,Sep
2024-09-14,Indigo,,2024,9,Sep
2024-09-15,Indigo,,2024,9,Sep
2024-09-16,Indigo,,2024,9,Sep
2024-09-17,Indigo,,2024,9,Sep
2024-09-18,Indigo,,2024,9,Sep
2024-09-19,Indigo,,2024,9,Sep
2024-09-20,Indigo,,2024,9,Sep
2024-09-21,Indigo,,2024,9,Sep
2024-09-22,Indigo,,2024,9,Sep
2024-09-23,Indigo,,2024,9,Sep
2024-09-24,Indigo,,2024,9,Sep
2024-09-25,Indigo,,2024,9,Sep
2024-09-26,Indigo,,2024,9,Sep
2024-09-27,Indigo,,2024,9,Sep
2024-09-28,Indigo,,2024,9,Sep
2024-09-29,Indigo,,2024,9,Sep
2024-09-30,Indigo,,2024,9,Sep
2024-10-01,Indigo,,2024,10,Oct
2024-10-02,Indigo,,2024,10,Oct
2024-10-03,Indigo,,2024,10,Oct
2024-10-04,Indigo,,2024,10,Oct
2024-10-05,Indigo,,2024,10,Oct
2024-10-06,Indigo,,2024,10,Oct
2024-10-07,Indigo,,2024,10,Oct
2024-10-08,Indigo,,2024,10,Oct
2024-10-09,Indigo,,2024,10,Oct
2024-10-10,Indigo,,2024,10,Oct
2024-10-11,Indigo,,2024,10,Oct
2024-10-12,Indigo,,2024,10,Oct
2024-10-13,Indigo,,2024,10,Oct
2024-10-14,Indigo,,2024,10,Oct
2024-10-15,Indigo,,2024,10,Oct
2024-10-16,Indigo,,2024,10,Oct
2024-10-17,Indigo,,2024,10,Oct
2024-10-18,Indigo,,2024,10,Oct
2024-10-19,Indigo,,2024,10,Oct
2024-10-20,Indigo,,2024,10,Oct
2024-10-21,Indigo,,2024,10,Oct
2024-10-22,Indigo,,2024,10,Oct
2024-10-23,Indigo,,2024,10,Oct
2024-10-24,Indigo,,2024,10,Oct
2024-10-25,Indigo,,2024,10,Oct
2024-10-26,Indigo,,2024,10,Oct
2024-10-27,Indigo,,2024,10,Oct
2024-10-28,Indigo,,2024,10,Oct
2024-10-29,Indigo,,2024,10,Oct
2024-10-30,Indigo,,2024,10,Oct
2024-10-31,Indigo,,2024,10,Oct
2024-11-01,Indigo,,2024,11,Nov
2024-11-02,Indigo,,2024,11,Nov
2024-11-03,Indigo,,2024,11,Nov
2024-11-04,Indigo,,2024,11,Nov
2024-11-05,Indigo,,2024,11,Nov
2024-11-06,Indigo,,2024,11,Nov
2024-11-07,Indigo,,2024,11,Nov
2024-11-08,Indigo,,2024,11,Nov
2024-11-09,Indigo,,2024,11,Nov
2024-11-10,Indigo,,2024,11,Nov
2024-11-11,Indigo,,2024,11,Nov
2024-11-12,Indigo,,2024,11,Nov
2024-11-13,Indigo,,2024,11,Nov
2024-11-14,Indigo,,2024,11,Nov
2024-11-15,Indigo,,2024,11,Nov
2024-11-16,Indigo,,2024,11,Nov
2024-11-17,Indigo,,2024,11,Nov
2024-11-18,Indigo,,2024,11,Nov
2024-11-19,Indigo,,2024,11,Nov
2024-11-20,Indigo,,2024,11,Nov
2024-11-21,Indigo,,2024,11,Nov
2024-11-22,Indigo,,2024,11,Nov
2024-11-23,Indigo,,2024,11,Nov
2024-11-24,Indigo,,2024,11,Nov
2024-11-25,Indigo,,2024,11,Nov
2024-11-26,Indigo,,2024,11,Nov
2024-11-27,Indigo,,2024,11,Nov
2024-11-28,Indigo,,2024,11,Nov
2024-11-29,Indigo,,2024,11,Nov
2024-11-30,Indigo,,2024,11,Nov
2024-12-01,Indigo,,2024,12,Dec
2024-12-02,Indigo,,2024,12,Dec
2024-12-03,Indigo,,2024,12,Dec
2024-12-04,Indigo,,2024,12,Dec
2024-12-05,Indigo,,2024,12,Dec
2024-12-06,Indigo,,2024,12,Dec
2024-12-07,Indigo,,2024,12,Dec
2024-12-08,Indigo,,2024,12,Dec
2024-12-09,Indigo,,2024,12,Dec
2024-12-10,Indigo,,2024,12,Dec
2024-12-11,Indigo,,2024,12,Dec
2024-12-12,Indigo,,2024,12,Dec
2024-12-13,Indigo,,2024,12,Dec
2024-12-14,Indigo,,2024,12,Dec
2024-12-15,Indigo,,2024,12,Dec
2024-12-16,Indigo,,2024,12,Dec
2024-12-17,Indigo,,2024,12,Dec
2024-12-18,Indigo,,2024,12,Dec
2024-12-19,Indigo,,2024,12,Dec
2024-12-20,Indigo,,2024,12,Dec
2024-12-21,Indigo,,2024,12,Dec
2024-12-22,Indigo,,2024,12,Dec
2024-12-23,Indigo,,2024,12,Dec
2024-12-24,Indigo,,2024,12,Dec
2024-12-25,Indigo,,2024,12,Dec
2024-12-26,Indigo,,2024,12,Dec
2024-12-27,Indigo,,2024,12,Dec
2024-12-28,Indigo,,2024,12,Dec
2024-12-29,Indigo,,2024,12,Dec
2024-12-30,Indigo,,2024,12,Dec
2025-01-01,Indigo,,2025,1,Jan
2025-01-02,Indigo,,2025,1,Jan
2025-01-03,Indigo,,2025,1,Jan
2025-01-04,Indigo,,2025,1,Jan
2025-01-05,Indigo,,2025,1,Jan
2025-01-06,Indigo,,2025,1,Jan
2025-01-07,Indigo,,2025,1,Jan
2025-01-28,Indigo,,2025,1,Jan
2025-01-29,Indigo,,2025,1,Jan
2025-01-30,Indigo,,2025,1,Jan
2025-01-31,Indigo,,2025,1,Jan
2025-02-01,Indigo,,2025,2,Feb
2025-02-02,Indigo,,2025,2,Feb
2025-02-03,Indigo,,2025,2,Feb
2025-02-04,Indigo,,2025,2,Feb
2025-02-05,Indigo,,2025,2,Feb
2025-02-06,Indigo,,2025,2,Feb
2025-02-07,Indigo,,2025,2,Feb
2025-02-09,Indigo,,2025,2,Feb
2025-02-10,Indigo,,2025,2,Feb
2025-02-11,Indigo,,2025,2,Feb
2025-02-12,Indigo,,2025,2,Feb
2025-02-13,Indigo,,2025,2,Feb
2025-02-14,Indigo,,2025,2,Feb
2025-02-15,Indigo,,2025,2,Feb
2025-02-16,Indigo,,2025,2,Feb
2025-02-17,Indigo,,2025,2,Feb
2025-02-18,Indigo,,2025,2,Feb
2025-02-19,Indigo,,2025,2,Feb
2025-02-20,Indigo,,2025,2,Feb
2025-02-21,Indigo,,2025,2,Feb
2025-02-22,Indigo,,2025,2,Feb
2025-02-23,Indigo,,2025,2,Feb
2025-02-24,Indigo,,2025,2,Feb
2025-02-25,Indigo,,2025,2,Feb
2025-02-26,Indigo,,2025,2,Feb
2025-02-27,Indigo,,2025,2,Feb
2025-03-03,Indigo,,2025,3,Mar
2025-03-04,Indigo,,2025,3,Mar
2025-03-05,Indigo,,2025,3,Mar
2025-03-06,Indigo,,2025,3,Mar
2025-03-07,Indigo,,2025,3,Mar
2025-03-08,Indigo,,2025,3,Mar
2025-03-09,Indigo,,2025,3,Mar
2025-03-10,Indigo,,2025,3,Mar
2025-03-11,Indigo,,2025,3,Mar
2025-03-12,Indigo,,2025,3,Mar
2025-03-13,Indigo,,2025,3,Mar
2025-03-14,Indigo,,2025,3,Mar
2025-03-15,Indigo,,2025,3,Mar
2025-03-16,Indigo,,2025,3,Mar
2025-03-17,Indigo,,2025,3,Mar
2025-03-18,Indigo,,2025,3,Mar
2025-03-19,Indigo,,2025,3,Mar
2025-03-20,Indigo,,2025,3,Mar
2025-03-21,Indigo,,2025,3,Mar
2025-03-22,Indigo,,2025,3,Mar
2025-03-23,Indigo,,2025,3,Mar
2025-03-24,Indigo,,2025,3,Mar
2025-03-25,Indigo,,2025,3,Mar
2025-03-26,Indigo,,2025,3,Mar
2025-03-27,Indigo,,2025,3,Mar
2025-03-28,Indigo,,2025,3,Mar
2025-03-30,Indigo,,2025,3,Mar
2025-03-31,Indigo,,2025,3,Mar
2025-04-01,Indigo,,2025,4,Apr
2025-04-02,Indigo,,2025,4,Apr
2025-04-03,Indigo,,2025,4,Apr
2025-04-07,Indigo,,2025,4,Apr
2025-04-08,Indigo,,2025,4,Apr
2025-04-09,Indigo,,2025,4,Apr
2025-04-10,Indigo,,2025,4,Apr
2025-04-11,Indigo,,2025,4,Apr
2025-04-12,Indigo,,2025,4,Apr
2025-04-13,Indigo,,2025,4,Apr
2025-04-14,Indigo,,2025,4,Apr
2025-04-15,Indigo,,2025,4,Apr
2025-04-16,Indigo,,2025,4,Apr
2025-04-17,Indigo,,2025,4,Apr
2025-04-18,Indigo,,2025,4,Apr
2025-04-19,Indigo,,2025,4,Apr
2025-04-20,Indigo,,2025,4,Apr
2025-04-21,Indigo,,2025,4,Apr
2025-04-22,Indigo,,2025,4,Apr
2025-04-23,Indigo,,2025,4,Apr
2025-04-24,Indigo,,2025,4,Apr
2025-04-25,Indigo,,2025,4,Apr
2025-04-26,Indigo,,2025,4,Apr
2025-04-27,Indigo,,2025,4,Apr
2025-04-28,Indigo,,2025,4,Apr
2025-04-29,Indigo,,2025,4,Apr
2025-04-30,Indigo,,2025,4,Apr
2025-05-01,Indigo,,2025,5,May
2025-05-02,Indigo,,2025,5,May
2025-05-03,Indigo,,2025,5,May
2025-05-04,Indigo,,2025,5,May
2025-05-05,Indigo,,2025,5,May
2025-05-06,Indigo,,2025,5,May
2025-05-07,Indigo,,2025,5,May
2025-05-08,Indigo,,2025,5,May
2025-05-09,Indigo,,2025,5,May
2025-05-10,Indigo,,2025,5,May
2025-05-11,Indigo,,2025,5,May
2025-05-12,Indigo,,2025,5,May
2025-05-13,Indigo,,2025,5,May
2025-05-14,Indigo,,2025,5,May
2025-05-15,Indigo,,2025,5,May
2025-05-16,Indigo,,2025,5,May
2025-05-17,Indigo,,2025,5,May
2025-05-18,Indigo,,2025,5,May
2025-05-19,Indigo,,2025,5,May
2025-05-20,Indigo,,2025,5,May
2025-05-21,Indigo,,2025,5,May
2025-05-22,Indigo,,2025,5,May
2025-05-23,Indigo,,2025,5,May
2025-05-24,Indigo,,2025,5,May
2025-05-25,Indigo,,2025,5,May
2025-05-26,Indigo,,2025,5,May
2025-05-27,Indigo,,2025,5,May
2025-05-28,Indigo,,2025,5,May
2025-05-29,Indigo,,2025,5,May
2025-05-30,Indigo,,2025,5,May
2025-05-31,Indigo,,2025,5,May
2025-06-01,Indigo,,2025,6,Jun
2025-06-02,Indigo,,2025,6,Jun
2025-06-03,Indigo,,2025,6,Jun
2025-06-04,Indigo,,2025,6,Jun
2025-06-05,Indigo,,2025,6,Jun
2025-06-06,Indigo,,2025,6,Jun
2025-06-07,Indigo,,2025,6,Jun
2025-06-08,Indigo,,2025,6,Jun
2025-06-09,Indigo,,2025,6,Jun
2025-06-10,Indigo,,2025,6,Jun
2025-06-11,Indigo,,2025,6,Jun
2025-06-12,Indigo,,2025,6,Jun
2025-06-13,Indigo,,2025,6,Jun
2025-06-14,Indigo,,2025,6,Jun
2025-06-15,Indigo,,2025,6,Jun
2025-06-16,Indigo,,2025,6,Jun
2025-06-17,Indigo,,2025,6,Jun
2025-06-18,Indigo,,2025,6,Jun
2025-06-19,Indigo,,2025,6,Jun
2025-06-20,Indigo,,2025,6,Jun
2025-06-21,Indigo,,2025,6,Jun
2025-06-22,Indigo,,2025,6,Jun
2025-06-23,Indigo,,2025,6,Jun
2025-06-24,Indigo,,2025,6,Jun
2025-06-25,Indigo,,2025,6,Jun
2025-06-26,Indigo,,2025,6,Jun
2025-06-27,Indigo,,2025,6,Jun
2025-06-28,Indigo,,2025,6,Jun
2025-06-29,Indigo,,2025,6,Jun
2025-06-30,Indigo,,2025,6,Jun
2025-07-01,Indigo,,2025,7,Jul
2025-07-02,Indigo,,2025,7,Jul
2025-07-03,Indigo,,2025,7,Jul
2025-07-04,Indigo,,2025,7,Jul
2025-07-05,Indigo,,2025,7,Jul
2025-07-06,Indigo,,2025,7,Jul
2025-07-07,Indigo,,2025,7,Jul
2025-07-08,Indigo,,2025,7,Jul
2025-07-09,Indigo,,2025,7,Jul
2025-07-10,Indigo,,2025,7,Jul
2025-07-11,Indigo,,2025,7,Jul
2025-07-12,Indigo,,2025,7,Jul
2025-07-13,Indigo,,2025,7,Jul
2025-07-14,Indigo,,2025,7,Jul
2025-07-15,Indigo,,2025,7,Jul
2025-07-16,Indigo,,2025,7,Jul
2025-07-17,Indigo,,2025,7,Jul
2025-07-18,Indigo,,2025,7,Jul
2025-07-19,Indigo,,2025,7,Jul
2025-07-20,Indigo,,2025,7,Jul
2025-07-21,Indigo,,2025,7,Jul
2025-07-22,Indigo,,2025,7,Jul
2025-07-23,Indigo,,2025,7,Jul
2025-07-24,Indigo,,2025,7,Jul
2025-07-25,Indigo,,2025,7,Jul
2025-07-26,Indigo,,2025,7,Jul
2025-07-27,Indigo,,2025,7,Jul
2025-07-28,Indigo,,2025,7,Jul
2025-07-29,Indigo,,2025,7,Jul
2025-07-30,Indigo,,2025,7,Jul
2025-07-31,Indigo,,2025,7,Jul
2025-08-01,Indigo,,2025,8,Aug
2025-08-02,Indigo,,2025,8,Aug
2025-08-03,Indigo,,2025,8,Aug
2025-08-04,Indigo,,2025,8,Aug
2025-08-05,Indigo,,2025,8,Aug
2025-08-06,Indigo,,2025,8,Aug
2025-08-07,Indigo,,2025,8,Aug
2025-08-08,Indigo,,2025,8,Aug
2025-08-09,Indigo,,2025,8,Aug
2025-08-10,Indigo,,2025,8,Aug
2025-08-11,Indigo,,2025,8,Aug
2025-08-12,Indigo,,2025,8,Aug
2025-08-13,Indigo,,2025,8,Aug
2025-08-14,Indigo,,2025,8,Aug
2025-08-15,Indigo,,2025,8,Aug
2025-08-16,Indigo,,2025,8,Aug
2025-08-17,Indigo,,2025,8,Aug
2025-08-18,Indigo,,2025,8,Aug
2025-08-19,Indigo,,2025,8,Aug
2025-08-20,Indigo,,2025,8,Aug
2025-08-21,Indigo,,2025,8,Aug
2025-08-22,Indigo,,2025,8,Aug
2025-08-23,Indigo,,2025,8,Aug
2025-08-24,Indigo,,2025,8,Aug
2025-08-25,Indigo,,2025,8,Aug
2025-08-26,Indigo,,2025,8,Aug
2025-08-27,Indigo,,2025,8,Aug
2025-08-28,Indigo,,2025,8,Aug
2025-08-29,Indigo,,2025,8,Aug
2025-08-30,Indigo,,2025,8,Aug
2025-08-31,Indigo,,2025,8,Aug
2025-09-01,Indigo,,2025,9,Sep
2025-09-02,Indigo,,2025,9,Sep
2025-09-03,Indigo,,2025,9,Sep
2025-09-04,Indigo,,2025,9,Sep
2025-09-05,Indigo,,2025,9,Sep
2025-09-06,Indigo,,2025,9,Sep
2025-09-07,Indigo,,2025,9,Sep
2025-09-08,Indigo,,2025,9,Sep
2025-09-09,Indigo,,2025,9,Sep
2025-09-10,Indigo,,2025,9,Sep
2025-09-11,Indigo,,2025,9,Sep
2025-09-12,Indigo,,2025,9,Sep
2025-09-13,Indigo,,2025,9,Sep
2025-09-14,Indigo,,2025,9,Sep
2025-09-15,Indigo,,2025,9,Sep
2025-09-16,Indigo,,2025,9,Sep
2025-09-17,Indigo,,2025,9,Sep
2025-09-18,Indigo,,2025,9,Sep
2025-09-19,Indigo,,2025,9,Sep
2025-09-20,Indigo,,2025,9,Sep
2025-09-21,Indigo,,2025,9,Sep
2025-09-22,Indigo,,2025,9,Sep
2025-09-23,Indigo,,2025,9,Sep
2025-09-25,Indigo,,2025,9,Sep
2025-09-26,Indigo,,2025,9,Sep
2025-09-27,Indigo,,2025,9,Sep
2025-09-28,Indigo,,2025,9,Sep
2025-09-29,Indigo,,2025,9,Sep
2025-09-30,Indigo,,2025,9,Sep
2025-10-01,Indigo,,2025,10,Oct
2025-10-02,Indigo,,2025,10,Oct
2025-10-03,Indigo,,2025,10,Oct
2025-10-04,Indigo,,2025,10,Oct
2025-10-05,Indigo,,2025,10,Oct
2025-10-06,Indigo,,2025,10,Oct
2025-10-07,Indigo,,2025,10,Oct
2025-10-08,Indigo,,2025,10,Oct
2025-10-09,Indigo,,2025,10,Oct
2025-10-10,Indigo,,2025,10,Oct
2025-10-11,Indigo,,2025,10,Oct
2025-10-12,Indigo,,2025,10,Oct
2025-10-13,Indigo,,2025,10,Oct
2025-10-14,Indigo,,2025,10,Oct
2025-10-15,Indigo,,2025,10,Oct
2025-10-16,Indigo,,2025,10,Oct
2025-10-17,Indigo,,2025,10,Oct
2025-10-18,Indigo,,2025,10,Oct
2025-10-19,Indigo,,2025,10,Oct
2025-10-20,Indigo,,2025,10,Oct
2025-10-21,Indigo,,2025,10,Oct
2025-10-22,Indigo,,2025,10,Oct
2025-10-23,Indigo,,2025,10,Oct
2025-10-24,Indigo,,2025,10,Oct
2025-10-25,Indigo,,2025,10,Oct
2025-10-26,Indigo,,2025,10,Oct
2025-10-27,Indigo,,2025,10,Oct
2025-10-28,Indigo,,2025,10,Oct
2025-10-29,Indigo,,2025,10,Oct
2025-10-30,Indigo,,2025,10,Oct
2025-10-31,Indigo,,2025,10,Oct
2025-11-01,Indigo,,2025,11,Nov
2025-11-02,Indigo,,2025,11,Nov
2025-11-03,Indigo,,2025,11,Nov
2025-11-04,Indigo,,2025,11,Nov
2025-11-05,Indigo,,2025,11,Nov
2025-11-06,Indigo,,2025,11,Nov
2025-11-07,Indigo,,2025,11,Nov
2025-11-08,Indigo,,2025,11,Nov
2025-11-09,Indigo,,2025,11,Nov
2025-11-10,Indigo,,2025,11,Nov
2025-11-11,Indigo,,2025,11,Nov
2025-11-12,Indigo,,2025,11,Nov
2025-11-13,Indigo,,2025,11,Nov
2025-11-14,Indigo,,2025,11,Nov
2025-11-15,Indigo,,2025,11,Nov
2025-11-16,Indigo,,2025,11,Nov
2025-11-17,Indigo,,2025,11,Nov
2025-11-18,Indigo,,2025,11,Nov
2025-11-19,Indigo,,2025,11,Nov
2025-11-20,Indigo,,2025,11,Nov
2025-11-21,Indigo,,2025,11,Nov
2025-11-22,Indigo,,2025,11,Nov
2025-11-23,Indigo,,2025,11,Nov
2025-11-24,Indigo,,2025,11,Nov
2025-11-25,Indigo,,2025,11,Nov
2025-11-26,Indigo,,2025,11,Nov
2025-11-27,Indigo,,2025,11,Nov
2025-11-28,Indigo,,2025,11,Nov
2025-11-29,Indigo,,2025,11,Nov
2025-11-30,Indigo,,2025,11,Nov
2025-12-01,Indigo,,2025,12,Dec
2025-12-02,Indigo,,2025,12,Dec
2025-12-03,Indigo,,2025,12,Dec
2025-12-07,Indigo,,2025,12,Dec
2025-12-08,Indigo,,2025,12,Dec
2025-12-09,Indigo,,2025,12,Dec
2025-12-10,Indigo,,2025,12,Dec
2025-12-11,Indigo,,2025,12,Dec
2025-12-12,Indigo,,2025,12,Dec
2025-12-13,Indigo,,2025,12,Dec
2025-12-14,Indigo,,2025,12,Dec
2025-12-15,Indigo,,2025,12,Dec
2025-12-16,Indigo,,2025,12,Dec
2025-12-17,Indigo,,2025,12,Dec
2025-12-18,Indigo,,2025,12,Dec
2025-12-19,Indigo,,2025,12,Dec
2025-12-20,Indigo,,2025,12,Dec
2025-12-21,Indigo,,2025,12,Dec
2025-12-22,Indigo,,2025,12,Dec
2025-12-23,Indigo,,2025,12,Dec
2025-12-24,Indigo,,2025,12,Dec
2025-12-25,Indigo,,2025,12,Dec
2025-12-26,Indigo,,2025,12,Dec
2025-12-27,Indigo,,2025,12,Dec
2025-12-28,Indigo,,2025,12,Dec
2025-12-29,Indigo,,2025,12,Dec
2025-12-30,Indigo,,2025,12,Dec
2025-12-31,Indigo,,2025,12,Dec
2026-01-01,Indigo,,2026,1,Jan
2026-01-02,Indigo,,2026,1,Jan
2026-01-03,Indigo,,2026,1,Jan
2026-01-04,Indigo,,2026,1,Jan
2026-01-05,Indigo,,2026,1,Jan
2026-01-06,Indigo,,2026,1,Jan
2026-01-07,Indigo,,2026,1,Jan
2026-01-08,Indigo,,2026,1,Jan
2026-01-09,Indigo,,2026,1,Jan
2026-01-10,Indigo,,2026,1,Jan
2026-01-11,Indigo,,2026,1,Jan
2026-01-12,Indigo,,2026,1,Jan
2026-01-13,Indigo,,2026,1,Jan
2026-01-14,Indigo,,2026,1,Jan
2026-01-15,Indigo,,2026,1,Jan
2026-01-16,Indigo,,2026,1,Jan
2026-01-17,Indigo,,2026,1,Jan
2026-01-18,Indigo,,2026,1,Jan
2026-01-19,Indigo,,2026,1,Jan
2026-01-20,Indigo,,2026,1,Jan
2026-01-21,Indigo,,2026,1,Jan
2026-01-22,Indigo,,2026,1,Jan
2026-01-23,Indigo,,2026,1,Jan
2026-01-24,Indigo,,2026,1,Jan
2026-01-25,Indigo,,2026,1,Jan
2026-01-26,Indigo,,2026,1,Jan
2026-01-27,Indigo,,2026,1,Jan
2026-01-28,Indigo,,2026,1,Jan
2026-01-29,Indigo,,2026,1,Jan
2026-01-30,Indigo,,2026,1,Jan
2026-01-31,Indigo,,2026,1,Jan
2026-02-01,Indigo,,2026,2,Feb
2026-02-02,Indigo,,2026,2,Feb
2026-02-03,Indigo,,2026,2,Feb
2026-02-04,Indigo,,2026,2,Feb
2026-02-05,Indigo,,2026,2,Feb
2026-02-06,Indigo,,2026,2,Feb
2026-02-07,Indigo,,2026,2,Feb
2026-02-08,Indigo,,2026,2,Feb
2026-02-09,Indigo,,2026,2,Feb
2026-02-10,Indigo,,2026,2,Feb
2026-02-11,Indigo,,2026,2,Feb
2026-02-12,Indigo,,2026,2,Feb
2026-02-13,Indigo,,2026,2,Feb
2026-02-14,Indigo,,2026,2,Feb
2026-02-15,Indigo,,2026,2,Feb
2026-02-16,Indigo,,2026,2,Feb
2026-02-17,Indigo,,2026,2,Feb
2026-02-18,Indigo,,2026,2,Feb
2026-02-19,Indigo,,2026,2,Feb
2026-02-20,Indigo,,2026,2,Feb
2026-02-21,Indigo,,2026,2,Feb
2026-02-22,Indigo,,2026,2,Feb
2026-02-23,Indigo,,2026,2,Feb
2026-02-24,Indigo,,2026,2,Feb
2026-02-25,Indigo,,2026,2,Feb
2026-02-26,Indigo,,2026,2,Feb
2026-02-27,Indigo,,2026,2,Feb
2026-02-28,Indigo,,2026,2,Feb
2026-03-01,Indigo,,2026,3,Mar
2026-03-02,Indigo,,2026,3,Mar
2026-03-03,Indigo,,2026,3,Mar
2026-03-04,Indigo,,2026,3,Mar
2026-03-05,Indigo,,2026,3,Mar
2026-03-06,Indigo,,2026,3,Mar
2026-03-07,Indigo,,2026,3,Mar
2026-03-08,Indigo,,2026,3,Mar
2026-03-09,Indigo,,2026,3,Mar
2026-03-10,Indigo,,2026,3,Mar
2026-03-11,Indigo,,2026,3,Mar
2026-03-12,Indigo,,2026,3,Mar
2026-03-13,Indigo,,2026,3,Mar
2026-03-14,Indigo,,2026,3,Mar
2026-03-15,Indigo,,2026,3,Mar
2026-03-16,Indigo,,2026,3,Mar
2026-03-17,Indigo,,2026,3,Mar
2026-03-18,Indigo,,2026,3,Mar
2026-03-19,Indigo,,2026,3,Mar
2026-03-20,Indigo,,2026,3,Mar
2026-03-21,Indigo,,2026,3,Mar
2026-03-22,Indigo,,2026,3,Mar
2026-03-23,Indigo,,2026,3,Mar
2026-03-24,Indigo,,2026,3,Mar
2026-03-25,Indigo,,2026,3,Mar
2026-03-26,Indigo,,2026,3,Mar
2026-03-27,Indigo,,2026,3,Mar
2026-03-28,Indigo,,2026,3,Mar
2026-03-29,Indigo,,2026,3,Mar
2026-03-30,Indigo,,2026,3,Mar
2026-03-31,Indigo,,2026,3,Mar
2026-04-01,Indigo,,2026,4,Apr
2026-04-02,Indigo,,2026,4,Apr
2026-04-03,Indigo,,2026,4,Apr
2026-04-04,Indigo,,2026,4,Apr
2026-04-05,Indigo,,2026,4,Apr
2026-04-06,Indigo,,2026,4,Apr
2026-04-07,Indigo,,2026,4,Apr
2026-04-08,Indigo,,2026,4,Apr
2026-04-09,Indigo,,2026,4,Apr
2026-04-11,Indigo,,2026,4,Apr
2026-04-12,Indigo,,2026,4,Apr
2026-04-13,Indigo,,2026,4,Apr
2026-04-14,Indigo,,2026,4,Apr
2026-04-15,Indigo,,2026,4,Apr
2026-04-16,Indigo,,2026,4,Apr
2026-04-17,Indigo,,2026,4,Apr
2026-04-18,Indigo,,2026,4,Apr
2026-04-19,Indigo,,2026,4,Apr
2026-04-20,Indigo,,2026,4,Apr
2026-04-21,Indigo,,2026,4,Apr
2026-04-22,Indigo,,2026,4,Apr
2026-04-23,Indigo,,2026,4,Apr
2026-04-24,Indigo,,2026,4,Apr
2026-04-25,Indigo,,2026,4,Apr
2026-04-26,Indigo,,2026,4,Apr
2026-04-27,Indigo,,2026,4,Apr
2026-04-28,Indigo,,2026,4,Apr
2026-04-29,Indigo,,2026,4,Apr
2026-04-30,Indigo,,2026,4,Apr
2026-05-01,Indigo,,2026,5,May
2026-05-02,Indigo,,2026,5,May
2026-05-03,Indigo,,2026,5,May
2026-05-05,Indigo,,2026,5,May
2026-05-04,Indigo,,2026,5,May
2026-05-06,Indigo,,2026,5,May
2026-05-07,Indigo,,2026,5,May
2026-05-08,Indigo,,2026,5,May
2026-05-09,Indigo,,2026,5,May
2026-05-10,Indigo,,2026,5,May
2026-05-11,Indigo,,2026,5,May
2026-05-12,Indigo,,2026,5,May
2026-05-13,Indigo,,2026,5,May
2026-05-14,Indigo,,2026,5,May
2026-05-15,Indigo,,2026,5,May
2026-05-16,Indigo,,2026,5,May
2026-05-17,Indigo,,2026,5,May
2026-05-18,Indigo,,2026,5,May
2026-05-19,Indigo,,2026,5,May
2026-05-20,Indigo,,2026,5,May
2026-05-21,Indigo,,2026,5,May
2026-05-22,Indigo,,2026,5,May
2026-05-23,Indigo,,2026,5,May
2026-05-24,Indigo,,2026,5,May
2026-05-25,Indigo,,2026,5,May
2026-05-26,Indigo,,2026,5,May
2026-05-27,Indigo,,2026,5,May
2026-05-28,Indigo,,2026,5,May
2026-05-29,Indigo,,2026,5,May
2026-05-30,Indigo,,2026,5,May
2026-05-31,Indigo,,2026,5,May
2026-06-01,Indigo,,2026,6,Jun
2026-06-02,Indigo,,2026,6,Jun
2026-06-03,Indigo,,2026,6,Jun
2021-07-29,Spicejet,,2021,7,Jul
2021-07-30,Spicejet,,2021,7,Jul
2021-08-03,Spicejet,,2021,8,Aug
2021-08-04,Spicejet,,2021,8,Aug
2021-08-05,Spicejet,,2021,8,Aug
2021-08-06,Spicejet,,2021,8,Aug
2021-08-07,Spicejet,,2021,8,Aug
2021-08-09,Spicejet,,2021,8,Aug
2021-08-10,Spicejet,,2021,8,Aug
2021-08-12,Spicejet,,2021,8,Aug
2021-08-13,Spicejet,,2021,8,Aug
2021-08-14,Spicejet,,2021,8,Aug
2021-08-15,Spicejet,,2021,8,Aug
2021-08-16,Spicejet,,2021,8,Aug
2021-08-17,Spicejet,,2021,8,Aug
2021-08-18,Spicejet,,2021,8,Aug
2021-08-19,Spicejet,,2021,8,Aug
2021-08-20,Spicejet,,2021,8,Aug
2021-08-21,Spicejet,,2021,8,Aug
2021-08-22,Spicejet,,2021,8,Aug
2021-08-26,Spicejet,,2021,8,Aug
2021-08-27,Spicejet,,2021,8,Aug
2021-08-28,Spicejet,,2021,8,Aug
2021-08-29,Spicejet,,2021,8,Aug
2021-09-17,Spicejet,,2021,9,Sep
2021-09-24,Spicejet,,2021,9,Sep
2021-09-26,Spicejet,,2021,9,Sep
2021-09-27,Spicejet,,2021,9,Sep
2021-09-29,Spicejet,,2021,9,Sep
2021-10-01,Spicejet,,2021,10,Oct
2021-10-02,Spicejet,,2021,10,Oct
2021-10-03,Spicejet,,2021,10,Oct
2021-10-04,Spicejet,,2021,10,Oct
2021-10-07,Spicejet,,2021,10,Oct
2021-10-15,Spicejet,,2021,10,Oct
2021-10-09,Spicejet,,2021,10,Oct
2021-10-18,Spicejet,,2021,10,Oct
2021-10-26,Spicejet,,2021,10,Oct
2021-10-27,Spicejet,,2021,10,Oct
2021-11-05,Spicejet,,2021,11,Nov
2021-11-07,Spicejet,,2021,11,Nov
2021-11-08,Spicejet,,2021,11,Nov
2021-11-15,Spicejet,,2021,11,Nov
2021-11-27,Spicejet,,2021,11,Nov
2021-11-29,Spicejet,,2021,11,Nov
2021-12-13,Spicejet,,2021,12,Dec
2021-12-26,Spicejet,,2021,12,Dec
2021-12-27,Spicejet,,2021,12,Dec
2021-12-28,Spicejet,,2021,12,Dec
2021-12-29,Spicejet,,2021,12,Dec
2021-12-30,Spicejet,,2021,12,Dec
2021-12-31,Spicejet,,2021,12,Dec
2022-01-01,Spicejet,,2022,1,Jan
2022-01-02,Spicejet,,2022,1,Jan
2022-01-03,Spicejet,,2022,1,Jan
2022-01-04,Spicejet,,2022,1,Jan
2022-01-06,Spicejet,,2022,1,Jan
2022-01-05,Spicejet,,2022,1,Jan
2022-01-07,Spicejet,,2022,1,Jan
2022-01-08,Spicejet,,2022,1,Jan
2022-01-09,Spicejet,,2022,1,Jan
2022-01-10,Spicejet,,2022,1,Jan
2022-01-11,Spicejet,,2022,1,Jan
2022-01-12,Spicejet,,2022,1,Jan
2022-01-13,Spicejet,,2022,1,Jan
2022-01-14,Spicejet,,2022,1,Jan
2022-01-15,Spicejet,,2022,1,Jan
2022-01-16,Spicejet,,2022,1,Jan
2022-01-17,Spicejet,,2022,1,Jan
2022-01-19,Spicejet,,2022,1,Jan
2022-01-18,Spicejet,,2022,1,Jan
2022-01-20,Spicejet,,2022,1,Jan
2022-01-21,Spicejet,,2022,1,Jan
2022-01-22,Spicejet,,2022,1,Jan
2022-01-23,Spicejet,,2022,1,Jan
2022-01-24,Spicejet,,2022,1,Jan
2022-01-25,Spicejet,,2022,1,Jan
2022-01-26,Spicejet,,2022,1,Jan
2022-01-27,Spicejet,,2022,1,Jan
2022-01-28,Spicejet,,2022,1,Jan
2022-01-29,Spicejet,,2022,1,Jan
2022-01-30,Spicejet,,2022,1,Jan
2022-01-31,Spicejet,,2022,1,Jan
2022-02-01,Spicejet,,2022,2,Feb
2022-02-02,Spicejet,,2022,2,Feb
2022-02-03,Spicejet,,2022,2,Feb
2022-02-04,Spicejet,,2022,2,Feb
2022-02-05,Spicejet,,2022,2,Feb
2022-02-06,Spicejet,,2022,2,Feb
2022-02-07,Spicejet,,2022,2,Feb
2022-02-08,Spicejet,,2022,2,Feb
2022-02-09,Spicejet,,2022,2,Feb
2022-02-10,Spicejet,,2022,2,Feb
2022-02-12,Spicejet,,2022,2,Feb
2022-02-11,Spicejet,,2022,2,Feb
2022-02-13,Spicejet,,2022,2,Feb
2022-02-14,Spicejet,,2022,2,Feb
2022-02-15,Spicejet,,2022,2,Feb
2022-02-17,Spicejet,,2022,2,Feb
2022-02-16,Spicejet,,2022,2,Feb
2022-02-18,Spicejet,,2022,2,Feb
2022-02-19,Spicejet,,2022,2,Feb
2022-02-21,Spicejet,,2022,2,Feb
2022-02-23,Spicejet,,2022,2,Feb
2022-02-24,Spicejet,,2022,2,Feb
2022-02-25,Spicejet,,2022,2,Feb
2022-02-26,Spicejet,,2022,2,Feb
2022-03-01,Spicejet,,2022,3,Mar
2022-03-02,Spicejet,,2022,3,Mar
2022-03-06,Spicejet,,2022,3,Mar
2022-03-10,Spicejet,,2022,3,Mar
2022-03-11,Spicejet,,2022,3,Mar
2022-03-14,Spicejet,,2022,3,Mar
2022-03-18,Spicejet,,2022,3,Mar
2022-03-19,Spicejet,,2022,3,Mar
2022-03-20,Spicejet,,2022,3,Mar
2022-03-21,Spicejet,,2022,3,Mar
2022-03-22,Spicejet,,2022,3,Mar
2022-03-23,Spicejet,,2022,3,Mar
2022-03-25,Spicejet,,2022,3,Mar
2022-03-26,Spicejet,,2022,3,Mar
2022-03-27,Spicejet,,2022,3,Mar
2022-03-28,Spicejet,,2022,3,Mar
2022-03-31,Spicejet,,2022,3,Mar
2022-04-01,Spicejet,,2022,4,Apr
2022-04-03,Spicejet,,2022,4,Apr
2022-04-04,Spicejet,,2022,4,Apr
2022-04-06,Spicejet,,2022,4,Apr
2022-04-05,Spicejet,,2022,4,Apr
2022-04-07,Spicejet,,2022,4,Apr
2022-04-08,Spicejet,,2022,4,Apr
2022-04-09,Spicejet,,2022,4,Apr
2022-04-10,Spicejet,,2022,4,Apr
2022-04-11,Spicejet,,2022,4,Apr
2022-04-13,Spicejet,,2022,4,Apr
2022-04-21,Spicejet,,2022,4,Apr
2022-04-30,Spicejet,,2022,4,Apr
2022-05-11,Spicejet,,2022,5,May
2022-05-13,Spicejet,,2022,5,May
2022-05-14,Spicejet,,2022,5,May
2022-05-15,Spicejet,,2022,5,May
2022-05-16,Spicejet,,2022,5,May
2022-06-02,Spicejet,,2022,6,Jun
2022-11-29,Spicejet,,2022,11,Nov
2022-12-03,Spicejet,,2022,12,Dec
2023-01-03,Spicejet,,2023,1,Jan
2023-01-07,Spicejet,,2023,1,Jan
2023-02-01,Spicejet,,2023,2,Feb
2023-02-02,Spicejet,,2023,2,Feb
2023-02-19,Spicejet,,2023,2,Feb
2023-02-18,Spicejet,,2023,2,Feb
2023-03-04,Spicejet,,2023,3,Mar
2023-03-05,Spicejet,,2023,3,Mar
2023-03-06,Spicejet,,2023,3,Mar
2023-03-09,Spicejet,,2023,3,Mar
2023-03-10,Spicejet,,2023,3,Mar
2023-03-11,Spicejet,,2023,3,Mar
2023-03-12,Spicejet,,2023,3,Mar
2023-03-13,Spicejet,,2023,3,Mar
2023-03-14,Spicejet,,2023,3,Mar
2023-03-15,Spicejet,,2023,3,Mar
2023-03-17,Spicejet,,2023,3,Mar
2023-03-18,Spicejet,,2023,3,Mar
2023-03-19,Spicejet,,2023,3,Mar
2023-03-20,Spicejet,,2023,3,Mar
2023-03-21,Spicejet,,2023,3,Mar
2023-03-22,Spicejet,,2023,3,Mar
2023-03-23,Spicejet,,2023,3,Mar
2023-03-24,Spicejet,,2023,3,Mar
2023-03-25,Spicejet,,2023,3,Mar
2023-03-26,Spicejet,,2023,3,Mar
2023-03-27,Spicejet,,2023,3,Mar
2023-03-28,Spicejet,,2023,3,Mar
2023-03-29,Spicejet,,2023,3,Mar
2023-03-30,Spicejet,,2023,3,Mar
2023-03-31,Spicejet,,2023,3,Mar
2023-04-01,Spicejet,,2023,4,Apr
2023-04-02,Spicejet,,2023,4,Apr
2023-04-03,Spicejet,,2023,4,Apr
2023-04-04,Spicejet,,2023,4,Apr
2023-04-05,Spicejet,,2023,4,Apr
2023-04-06,Spicejet,,2023,4,Apr
2023-04-07,Spicejet,,2023,4,Apr
2023-04-08,Spicejet,,2023,4,Apr
2023-04-09,Spicejet,,2023,4,Apr
2023-04-10,Spicejet,,2023,4,Apr
2023-04-11,Spicejet,,2023,4,Apr
2023-04-12,Spicejet,,2023,4,Apr
2023-04-14,Spicejet,,2023,4,Apr
2023-04-15,Spicejet,,2023,4,Apr
2023-04-16,Spicejet,,2023,4,Apr
2023-04-17,Spicejet,,2023,4,Apr
2023-04-18,Spicejet,,2023,4,Apr
2023-04-19,Spicejet,,2023,4,Apr
2023-04-20,Spicejet,,2023,4,Apr
2023-04-21,Spicejet,,2023,4,Apr
2023-04-22,Spicejet,,2023,4,Apr
2023-04-23,Spicejet,,2023,4,Apr
2023-04-24,Spicejet,,2023,4,Apr
2023-04-25,Spicejet,,2023,4,Apr
2023-04-26,Spicejet,,2023,4,Apr
2023-04-27,Spicejet,,2023,4,Apr
2023-04-28,Spicejet,,2023,4,Apr
2023-04-29,Spicejet,,2023,4,Apr
2023-04-30,Spicejet,,2023,4,Apr
2023-05-01,Spicejet,,2023,5,May
2023-05-02,Spicejet,,2023,5,May
2023-05-03,Spicejet,,2023,5,May
2023-05-04,Spicejet,,2023,5,May
2023-05-05,Spicejet,,2023,5,May
2023-05-06,Spicejet,,2023,5,May
2023-05-07,Spicejet,,2023,5,May
2023-05-08,Spicejet,,2023,5,May
2023-05-09,Spicejet,,2023,5,May
2023-05-10,Spicejet,,2023,5,May
2023-05-11,Spicejet,,2023,5,May
2023-05-12,Spicejet,,2023,5,May
2023-05-13,Spicejet,,2023,5,May
2023-05-14,Spicejet,,2023,5,May
2023-05-15,Spicejet,,2023,5,May
2023-05-16,Spicejet,,2023,5,May
2023-05-17,Spicejet,,2023,5,May
2023-05-18,Spicejet,,2023,5,May
2023-05-19,Spicejet,,2023,5,May
2023-05-20,Spicejet,,2023,5,May
2023-05-21,Spicejet,,2023,5,May
2023-05-22,Spicejet,,2023,5,May
2023-05-23,Spicejet,,2023,5,May
2023-05-24,Spicejet,,2023,5,May
2023-05-25,Spicejet,,2023,5,May
2023-05-26,Spicejet,,2023,5,May
2023-05-27,Spicejet,,2023,5,May
2023-05-28,Spicejet,,2023,5,May
2023-05-29,Spicejet,,2023,5,May
2023-05-30,Spicejet,,2023,5,May
2023-05-31,Spicejet,,2023,5,May
2023-06-02,Spicejet,,2023,6,Jun
2023-06-03,Spicejet,,2023,6,Jun
2023-06-04,Spicejet,,2023,6,Jun
2023-06-05,Spicejet,,2023,6,Jun
2023-06-06,Spicejet,,2023,6,Jun
2023-06-07,Spicejet,,2023,6,Jun
2023-06-08,Spicejet,,2023,6,Jun
2023-06-09,Spicejet,,2023,6,Jun
2023-06-10,Spicejet,,2023,6,Jun
2023-06-11,Spicejet,,2023,6,Jun
2023-06-12,Spicejet,,2023,6,Jun
2023-06-13,Spicejet,,2023,6,Jun
2023-06-14,Spicejet,,2023,6,Jun
2023-06-15,Spicejet,,2023,6,Jun
2023-06-16,Spicejet,,2023,6,Jun
2023-06-17,Spicejet,,2023,6,Jun
2023-06-18,Spicejet,,2023,6,Jun
2023-06-19,Spicejet,,2023,6,Jun
2023-06-23,Spicejet,,2023,6,Jun
2023-06-24,Spicejet,,2023,6,Jun
2023-06-25,Spicejet,,2023,6,Jun
2023-06-26,Spicejet,,2023,6,Jun
2023-06-27,Spicejet,,2023,6,Jun
2023-06-28,Spicejet,,2023,6,Jun
2023-06-29,Spicejet,,2023,6,Jun
2023-06-30,Spicejet,,2023,6,Jun
2023-07-01,Spicejet,,2023,7,Jul
2023-07-02,Spicejet,,2023,7,Jul
2023-07-03,Spicejet,,2023,7,Jul
2023-07-04,Spicejet,,2023,7,Jul
2023-07-05,Spicejet,,2023,7,Jul
2023-07-08,Spicejet,,2023,7,Jul
2023-07-09,Spicejet,,2023,7,Jul
2023-07-10,Spicejet,,2023,7,Jul
2023-07-11,Spicejet,,2023,7,Jul
2023-07-12,Spicejet,,2023,7,Jul
2023-07-13,Spicejet,,2023,7,Jul
2023-07-14,Spicejet,,2023,7,Jul
2023-07-15,Spicejet,,2023,7,Jul
2023-07-17,Spicejet,,2023,7,Jul
2023-07-18,Spicejet,,2023,7,Jul
2023-07-19,Spicejet,,2023,7,Jul
2023-07-20,Spicejet,,2023,7,Jul
2023-07-21,Spicejet,,2023,7,Jul
2023-07-22,Spicejet,,2023,7,Jul
2023-07-23,Spicejet,,2023,7,Jul
2023-07-24,Spicejet,,2023,7,Jul
2023-07-25,Spicejet,,2023,7,Jul
2023-07-26,Spicejet,,2023,7,Jul
2023-07-27,Spicejet,,2023,7,Jul
2023-07-28,Spicejet,,2023,7,Jul
2023-07-29,Spicejet,,2023,7,Jul
2023-07-30,Spicejet,,2023,7,Jul
2023-07-31,Spicejet,,2023,7,Jul
2023-08-01,Spicejet,,2023,8,Aug
2023-08-02,Spicejet,,2023,8,Aug
2023-08-03,Spicejet,,2023,8,Aug
2023-08-04,Spicejet,,2023,8,Aug
2023-08-05,Spicejet,,2023,8,Aug
2023-08-06,Spicejet,,2023,8,Aug
2023-08-07,Spicejet,,2023,8,Aug
2023-08-08,Spicejet,,2023,8,Aug
2023-08-09,Spicejet,,2023,8,Aug
2023-08-10,Spicejet,,2023,8,Aug
2023-08-11,Spicejet,,2023,8,Aug
2023-08-13,Spicejet,,2023,8,Aug
2023-08-14,Spicejet,,2023,8,Aug
2023-08-15,Spicejet,,2023,8,Aug
2023-08-28,Spicejet,,2023,8,Aug
2023-09-20,Spicejet,,2023,9,Sep
2023-10-13,Spicejet,,2023,10,Oct
2023-10-14,Spicejet,,2023,10,Oct
2023-10-15,Spicejet,,2023,10,Oct
2023-10-16,Spicejet,,2023,10,Oct
2023-10-17,Spicejet,,2023,10,Oct
2023-10-18,Spicejet,,2023,10,Oct
2023-10-19,Spicejet,,2023,10,Oct
2023-10-20,Spicejet,,2023,10,Oct
2023-10-21,Spicejet,,2023,10,Oct
2023-10-22,Spicejet,,2023,10,Oct
2023-10-23,Spicejet,,2023,10,Oct
2023-10-24,Spicejet,,2023,10,Oct
2023-10-25,Spicejet,,2023,10,Oct
2023-10-26,Spicejet,,2023,10,Oct
2023-10-27,Spicejet,,2023,10,Oct
2023-10-28,Spicejet,,2023,10,Oct
2023-10-29,Spicejet,,2023,10,Oct
2023-10-30,Spicejet,,2023,10,Oct
2023-10-31,Spicejet,,2023,10,Oct
2023-11-01,Spicejet,,2023,11,Nov
2023-11-02,Spicejet,,2023,11,Nov
2023-11-04,Spicejet,,2023,11,Nov
2023-11-05,Spicejet,,2023,11,Nov
2023-11-06,Spicejet,,2023,11,Nov
2023-11-07,Spicejet,,2023,11,Nov
2023-11-08,Spicejet,,2023,11,Nov
2023-11-09,Spicejet,,2023,11,Nov
2023-11-10,Spicejet,,2023,11,Nov
2023-11-11,Spicejet,,2023,11,Nov
2023-11-12,Spicejet,,2023,11,Nov
2023-11-13,Spicejet,,2023,11,Nov
2023-11-14,Spicejet,,2023,11,Nov
2023-11-15,Spicejet,,2023,11,Nov
2023-11-16,Spicejet,,2023,11,Nov
2023-11-17,Spicejet,,2023,11,Nov
2023-11-18,Spicejet,,2023,11,Nov
2023-11-19,Spicejet,,2023,11,Nov
2023-11-20,Spicejet,,2023,11,Nov
2023-11-21,Spicejet,,2023,11,Nov
2023-11-22,Spicejet,,2023,11,Nov
2023-11-23,Spicejet,,2023,11,Nov
2023-11-25,Spicejet,,2023,11,Nov
2023-11-27,Spicejet,,2023,11,Nov
2023-11-26,Spicejet,,2023,11,Nov
2023-11-28,Spicejet,,2023,11,Nov
2023-11-30,Spicejet,,2023,11,Nov
2023-12-01,Spicejet,,2023,12,Dec
2023-12-02,Spicejet,,2023,12,Dec
2023-12-03,Spicejet,,2023,12,Dec
2023-12-04,Spicejet,,2023,12,Dec
2023-12-06,Spicejet,,2023,12,Dec
2023-12-07,Spicejet,,2023,12,Dec
2023-12-08,Spicejet,,2023,12,Dec
2023-12-10,Spicejet,,2023,12,Dec
2023-12-11,Spicejet,,2023,12,Dec
2023-12-13,Spicejet,,2023,12,Dec
2023-12-14,Spicejet,,2023,12,Dec
2023-12-12,Spicejet,,2023,12,Dec
2023-12-15,Spicejet,,2023,12,Dec
2023-12-16,Spicejet,,2023,12,Dec
2023-12-18,Spicejet,,2023,12,Dec
2023-12-19,Spicejet,,2023,12,Dec
2023-12-20,Spicejet,,2023,12,Dec
2023-12-21,Spicejet,,2023,12,Dec
2023-12-22,Spicejet,,2023,12,Dec
2023-12-25,Spicejet,,2023,12,Dec
2023-12-23,Spicejet,,2023,12,Dec
2023-12-26,Spicejet,,2023,12,Dec
2023-12-28,Spicejet,,2023,12,Dec
2023-12-27,Spicejet,,2023,12,Dec
2023-12-29,Spicejet,,2023,12,Dec
2023-12-30,Spicejet,,2023,12,Dec
2023-12-31,Spicejet,,2023,12,Dec
2024-01-01,Spicejet,,2024,1,Jan
2024-01-02,Spicejet,,2024,1,Jan
2024-01-03,Spicejet,,2024,1,Jan
2024-01-04,Spicejet,,2024,1,Jan
2024-01-05,Spicejet,,2024,1,Jan
2024-01-06,Spicejet,,2024,1,Jan
2024-01-07,Spicejet,,2024,1,Jan
2024-01-08,Spicejet,,2024,1,Jan
2024-01-09,Spicejet,,2024,1,Jan
2024-01-10,Spicejet,,2024,1,Jan
2024-01-11,Spicejet,,2024,1,Jan
2024-01-12,Spicejet,,2024,1,Jan
2024-01-13,Spicejet,,2024,1,Jan
2024-01-14,Spicejet,,2024,1,Jan
2024-01-15,Spicejet,,2024,1,Jan
2024-01-16,Spicejet,,2024,1,Jan
2024-01-17,Spicejet,,2024,1,Jan
2024-01-18,Spicejet,,2024,1,Jan
2024-01-19,Spicejet,,2024,1,Jan
2024-01-20,Spicejet,,2024,1,Jan
2024-01-21,Spicejet,,2024,1,Jan
2024-01-22,Spicejet,,2024,1,Jan
2024-01-23,Spicejet,,2024,1,Jan
2024-01-24,Spicejet,,2024,1,Jan
2024-01-25,Spicejet,,2024,1,Jan
2024-01-26,Spicejet,,2024,1,Jan
2024-01-27,Spicejet,,2024,1,Jan
2024-01-28,Spicejet,,2024,1,Jan
2024-01-29,Spicejet,,2024,1,Jan
2024-01-30,Spicejet,,2024,1,Jan
2024-01-31,Spicejet,,2024,1,Jan
2024-02-01,Spicejet,,2024,2,Feb
2024-02-02,Spicejet,,2024,2,Feb
2024-02-03,Spicejet,,2024,2,Feb
2024-02-04,Spicejet,,2024,2,Feb
2024-02-05,Spicejet,,2024,2,Feb
2024-02-06,Spicejet,,2024,2,Feb
2024-02-07,Spicejet,,2024,2,Feb
2024-02-08,Spicejet,,2024,2,Feb
2024-02-09,Spicejet,,2024,2,Feb
2024-02-10,Spicejet,,2024,2,Feb
2024-02-11,Spicejet,,2024,2,Feb
2024-02-12,Spicejet,,2024,2,Feb
2024-02-13,Spicejet,,2024,2,Feb
2024-02-14,Spicejet,,2024,2,Feb
2024-02-15,Spicejet,,2024,2,Feb
2024-02-16,Spicejet,,2024,2,Feb
2024-02-17,Spicejet,,2024,2,Feb
2024-02-18,Spicejet,,2024,2,Feb
2024-02-19,Spicejet,,2024,2,Feb
2024-02-21,Spicejet,,2024,2,Feb
2024-02-22,Spicejet,,2024,2,Feb
2024-02-23,Spicejet,,2024,2,Feb
2024-02-24,Spicejet,,2024,2,Feb
2024-02-25,Spicejet,,2024,2,Feb
2024-02-26,Spicejet,,2024,2,Feb
2024-02-27,Spicejet,,2024,2,Feb
2024-02-28,Spicejet,,2024,2,Feb
2024-02-29,Spicejet,,2024,2,Feb
2024-03-01,Spicejet,,2024,3,Mar
2024-03-02,Spicejet,,2024,3,Mar
2024-03-03,Spicejet,,2024,3,Mar
2024-03-04,Spicejet,,2024,3,Mar
2024-03-05,Spicejet,,2024,3,Mar
2024-03-06,Spicejet,,2024,3,Mar
2024-03-07,Spicejet,,2024,3,Mar
2024-03-08,Spicejet,,2024,3,Mar
2024-03-09,Spicejet,,2024,3,Mar
2024-03-10,Spicejet,,2024,3,Mar
2024-03-11,Spicejet,,2024,3,Mar
2024-03-12,Spicejet,,2024,3,Mar
2024-03-13,Spicejet,,2024,3,Mar
2024-03-14,Spicejet,,2024,3,Mar
2024-03-15,Spicejet,,2024,3,Mar
2024-03-16,Spicejet,,2024,3,Mar
2024-03-17,Spicejet,,2024,3,Mar
2024-03-18,Spicejet,,2024,3,Mar
2024-03-19,Spicejet,,2024,3,Mar
2024-03-20,Spicejet,,2024,3,Mar
2024-03-21,Spicejet,,2024,3,Mar
2024-03-22,Spicejet,,2024,3,Mar
2024-03-24,Spicejet,,2024,3,Mar
2024-03-25,Spicejet,,2024,3,Mar
2024-03-26,Spicejet,,2024,3,Mar
2024-03-27,Spicejet,,2024,3,Mar
2024-03-28,Spicejet,,2024,3,Mar
2024-03-29,Spicejet,,2024,3,Mar
2024-03-30,Spicejet,,2024,3,Mar
2024-03-31,Spicejet,,2024,3,Mar
2024-04-01,Spicejet,,2024,4,Apr
2024-04-02,Spicejet,,2024,4,Apr
2024-04-03,Spicejet,,2024,4,Apr
2024-04-04,Spicejet,,2024,4,Apr
2024-04-05,Spicejet,,2024,4,Apr
2024-04-06,Spicejet,,2024,4,Apr
2024-04-07,Spicejet,,2024,4,Apr
2024-04-08,Spicejet,,2024,4,Apr
2024-04-09,Spicejet,,2024,4,Apr
2024-04-10,Spicejet,,2024,4,Apr
2024-04-11,Spicejet,,2024,4,Apr
2024-04-12,Spicejet,,2024,4,Apr
2024-04-13,Spicejet,,2024,4,Apr
2024-04-14,Spicejet,,2024,4,Apr
2024-04-15,Spicejet,,2024,4,Apr
2024-04-16,Spicejet,,2024,4,Apr
2024-04-17,Spicejet,,2024,4,Apr
2024-04-18,Spicejet,,2024,4,Apr
2024-04-19,Spicejet,,2024,4,Apr
2024-04-20,Spicejet,,2024,4,Apr
2024-04-21,Spicejet,,2024,4,Apr
2024-04-22,Spicejet,,2024,4,Apr
2024-04-24,Spicejet,,2024,4,Apr
2024-04-25,Spicejet,,2024,4,Apr
2024-04-26,Spicejet,,2024,4,Apr
2024-04-27,Spicejet,,2024,4,Apr
2024-04-28,Spicejet,,2024,4,Apr
2024-04-30,Spicejet,,2024,4,Apr
2024-05-01,Spicejet,,2024,5,May
2024-05-02,Spicejet,,2024,5,May
2024-05-03,Spicejet,,2024,5,May
2024-05-04,Spicejet,,2024,5,May
2024-05-05,Spicejet,,2024,5,May
2024-05-06,Spicejet,,2024,5,May
2024-05-07,Spicejet,,2024,5,May
2024-05-08,Spicejet,,2024,5,May
2024-05-09,Spicejet,,2024,5,May
2024-05-10,Spicejet,,2024,5,May
2024-05-11,Spicejet,,2024,5,May
2024-05-12,Spicejet,,2024,5,May
2024-05-13,Spicejet,,2024,5,May
2024-05-14,Spicejet,,2024,5,May
2024-05-15,Spicejet,,2024,5,May
2024-05-16,Spicejet,,2024,5,May
2024-05-17,Spicejet,,2024,5,May
2024-05-18,Spicejet,,2024,5,May
2024-05-19,Spicejet,,2024,5,May
2024-05-20,Spicejet,,2024,5,May
2024-05-22,Spicejet,,2024,5,May
2024-05-23,Spicejet,,2024,5,May
2024-05-24,Spicejet,,2024,5,May
2024-05-25,Spicejet,,2024,5,May
2024-05-26,Spicejet,,2024,5,May
2024-05-27,Spicejet,,2024,5,May
2024-05-28,Spicejet,,2024,5,May
2024-05-29,Spicejet,,2024,5,May
2024-05-30,Spicejet,,2024,5,May
2024-05-31,Spicejet,,2024,5,May
2024-06-01,Spicejet,,2024,6,Jun
2024-06-02,Spicejet,,2024,6,Jun
2024-06-04,Spicejet,,2024,6,Jun
2024-06-05,Spicejet,,2024,6,Jun
2024-06-06,Spicejet,,2024,6,Jun
2024-06-07,Spicejet,,2024,6,Jun
2024-06-08,Spicejet,,2024,6,Jun
2024-06-09,Spicejet,,2024,6,Jun
2024-06-10,Spicejet,,2024,6,Jun
2024-06-11,Spicejet,,2024,6,Jun
2024-06-12,Spicejet,,2024,6,Jun
2024-06-13,Spicejet,,2024,6,Jun
2024-06-14,Spicejet,,2024,6,Jun
2024-06-15,Spicejet,,2024,6,Jun
2024-06-16,Spicejet,,2024,6,Jun
2024-06-17,Spicejet,,2024,6,Jun
2024-06-18,Spicejet,,2024,6,Jun
2024-06-19,Spicejet,,2024,6,Jun
2024-06-20,Spicejet,,2024,6,Jun
2024-06-21,Spicejet,,2024,6,Jun
2024-06-22,Spicejet,,2024,6,Jun
2024-06-23,Spicejet,,2024,6,Jun
2024-06-24,Spicejet,,2024,6,Jun
2024-06-25,Spicejet,,2024,6,Jun
2024-06-26,Spicejet,,2024,6,Jun
2024-06-29,Spicejet,,2024,6,Jun
2024-07-01,Spicejet,,2024,7,Jul
2024-07-02,Spicejet,,2024,7,Jul
2024-07-03,Spicejet,,2024,7,Jul
2024-07-04,Spicejet,,2024,7,Jul
2024-07-05,Spicejet,,2024,7,Jul
2024-07-06,Spicejet,,2024,7,Jul
2024-07-07,Spicejet,,2024,7,Jul
2024-07-08,Spicejet,,2024,7,Jul
2024-07-09,Spicejet,,2024,7,Jul
2024-07-10,Spicejet,,2024,7,Jul
2024-07-11,Spicejet,,2024,7,Jul
2024-07-12,Spicejet,,2024,7,Jul
2024-07-13,Spicejet,,2024,7,Jul
2024-07-14,Spicejet,,2024,7,Jul
2024-07-15,Spicejet,,2024,7,Jul
2024-07-16,Spicejet,,2024,7,Jul
2024-07-17,Spicejet,,2024,7,Jul
2024-07-18,Spicejet,,2024,7,Jul
2024-07-19,Spicejet,,2024,7,Jul
2024-07-20,Spicejet,,2024,7,Jul
2024-07-21,Spicejet,,2024,7,Jul
2024-07-22,Spicejet,,2024,7,Jul
2024-07-23,Spicejet,,2024,7,Jul
2024-07-24,Spicejet,,2024,7,Jul
2024-07-25,Spicejet,,2024,7,Jul
2024-07-26,Spicejet,,2024,7,Jul
2024-07-27,Spicejet,,2024,7,Jul
2024-07-28,Spicejet,,2024,7,Jul
2024-07-30,Spicejet,,2024,7,Jul
2024-07-31,Spicejet,,2024,7,Jul
2024-08-01,Spicejet,,2024,8,Aug
2024-08-03,Spicejet,,2024,8,Aug
2024-08-04,Spicejet,,2024,8,Aug
2024-08-05,Spicejet,,2024,8,Aug
2024-08-06,Spicejet,,2024,8,Aug
2024-08-07,Spicejet,,2024,8,Aug
2024-08-08,Spicejet,,2024,8,Aug
2024-08-09,Spicejet,,2024,8,Aug
2024-08-10,Spicejet,,2024,8,Aug
2024-08-11,Spicejet,,2024,8,Aug
2024-08-12,Spicejet,,2024,8,Aug
2024-08-13,Spicejet,,2024,8,Aug
2024-08-14,Spicejet,,2024,8,Aug
2024-08-15,Spicejet,,2024,8,Aug
2024-08-16,Spicejet,,2024,8,Aug
2024-08-17,Spicejet,,2024,8,Aug
2024-08-18,Spicejet,,2024,8,Aug
2024-08-19,Spicejet,,2024,8,Aug
2024-08-29,Spicejet,,2024,8,Aug
2024-08-30,Spicejet,,2024,8,Aug
2024-08-31,Spicejet,,2024,8,Aug
2024-09-01,Spicejet,,2024,9,Sep
2024-09-02,Spicejet,,2024,9,Sep
2024-09-03,Spicejet,,2024,9,Sep
2024-09-04,Spicejet,,2024,9,Sep
2024-09-05,Spicejet,,2024,9,Sep
2024-09-06,Spicejet,,2024,9,Sep
2024-09-07,Spicejet,,2024,9,Sep
2024-09-08,Spicejet,,2024,9,Sep
2024-09-09,Spicejet,,2024,9,Sep
2024-09-10,Spicejet,,2024,9,Sep
2024-09-12,Spicejet,,2024,9,Sep
2024-09-11,Spicejet,,2024,9,Sep
2024-09-13,Spicejet,,2024,9,Sep
2024-09-14,Spicejet,,2024,9,Sep
2024-09-15,Spicejet,,2024,9,Sep
2024-09-16,Spicejet,,2024,9,Sep
2024-09-17,Spicejet,,2024,9,Sep
2024-09-18,Spicejet,,2024,9,Sep
2024-09-19,Spicejet,,2024,9,Sep
2024-09-20,Spicejet,,2024,9,Sep
2024-09-21,Spicejet,,2024,9,Sep
2024-09-22,Spicejet,,2024,9,Sep
2024-09-23,Spicejet,,2024,9,Sep
2024-09-24,Spicejet,,2024,9,Sep
2024-09-25,Spicejet,,2024,9,Sep
2024-09-26,Spicejet,,2024,9,Sep
2024-09-27,Spicejet,,2024,9,Sep
2024-09-28,Spicejet,,2024,9,Sep
2024-09-29,Spicejet,,2024,9,Sep
2024-09-30,Spicejet,,2024,9,Sep
2024-10-01,Spicejet,,2024,10,Oct
2024-10-02,Spicejet,,2024,10,Oct
2024-10-03,Spicejet,,2024,10,Oct
2024-10-04,Spicejet,,2024,10,Oct
2024-10-05,Spicejet,,2024,10,Oct
2024-10-06,Spicejet,,2024,10,Oct
2024-10-07,Spicejet,,2024,10,Oct
2024-10-08,Spicejet,,2024,10,Oct
2024-10-09,Spicejet,,2024,10,Oct
2024-10-10,Spicejet,,2024,10,Oct
2024-10-11,Spicejet,,2024,10,Oct
2024-10-12,Spicejet,,2024,10,Oct
2024-10-13,Spicejet,,2024,10,Oct
2024-10-14,Spicejet,,2024,10,Oct
2024-10-15,Spicejet,,2024,10,Oct
2024-10-16,Spicejet,,2024,10,Oct
2024-10-17,Spicejet,,2024,10,Oct
2024-10-18,Spicejet,,2024,10,Oct
2024-10-19,Spicejet,,2024,10,Oct
2024-10-20,Spicejet,,2024,10,Oct
2024-10-21,Spicejet,,2024,10,Oct
2024-10-22,Spicejet,,2024,10,Oct
2024-10-23,Spicejet,,2024,10,Oct
2024-10-24,Spicejet,,2024,10,Oct
2024-10-25,Spicejet,,2024,10,Oct
2024-10-26,Spicejet,,2024,10,Oct
2024-10-27,Spicejet,,2024,10,Oct
2024-10-28,Spicejet,,2024,10,Oct
2024-10-29,Spicejet,,2024,10,Oct
2024-10-30,Spicejet,,2024,10,Oct
2024-10-31,Spicejet,,2024,10,Oct
2024-11-01,Spicejet,,2024,11,Nov
2024-11-02,Spicejet,,2024,11,Nov
2024-11-03,Spicejet,,2024,11,Nov
2024-11-04,Spicejet,,2024,11,Nov
2024-11-05,Spicejet,,2024,11,Nov
2024-11-06,Spicejet,,2024,11,Nov
2024-11-07,Spicejet,,2024,11,Nov
2024-11-08,Spicejet,,2024,11,Nov
2024-11-09,Spicejet,,2024,11,Nov
2024-11-10,Spicejet,,2024,11,Nov
2024-11-11,Spicejet,,2024,11,Nov
2024-11-12,Spicejet,,2024,11,Nov
2024-11-13,Spicejet,,2024,11,Nov
2024-11-14,Spicejet,,2024,11,Nov
2024-11-15,Spicejet,,2024,11,Nov
2024-11-16,Spicejet,,2024,11,Nov
2024-11-17,Spicejet,,2024,11,Nov
2024-11-18,Spicejet,,2024,11,Nov
2024-11-19,Spicejet,,2024,11,Nov
2024-11-20,Spicejet,,2024,11,Nov
2024-11-21,Spicejet,,2024,11,Nov
2024-11-22,Spicejet,,2024,11,Nov
2024-11-23,Spicejet,,2024,11,Nov
2024-11-24,Spicejet,,2024,11,Nov
2024-11-25,Spicejet,,2024,11,Nov
2024-11-26,Spicejet,,2024,11,Nov
2024-11-27,Spicejet,,2024,11,Nov
2024-11-28,Spicejet,,2024,11,Nov
2024-11-29,Spicejet,,2024,11,Nov
2024-11-30,Spicejet,,2024,11,Nov
2024-12-01,Spicejet,,2024,12,Dec
2024-12-02,Spicejet,,2024,12,Dec
2024-12-03,Spicejet,,2024,12,Dec
2024-12-04,Spicejet,,2024,12,Dec
2024-12-05,Spicejet,,2024,12,Dec
2024-12-06,Spicejet,,2024,12,Dec
2024-12-07,Spicejet,,2024,12,Dec
2024-12-08,Spicejet,,2024,12,Dec
2024-12-09,Spicejet,,2024,12,Dec
2024-12-10,Spicejet,,2024,12,Dec
2024-12-11,Spicejet,,2024,12,Dec
2024-12-12,Spicejet,,2024,12,Dec
2024-12-13,Spicejet,,2024,12,Dec
2024-12-14,Spicejet,,2024,12,Dec
2024-12-15,Spicejet,,2024,12,Dec
2024-12-16,Spicejet,,2024,12,Dec
2024-12-17,Spicejet,,2024,12,Dec
2024-12-18,Spicejet,,2024,12,Dec
2024-12-19,Spicejet,,2024,12,Dec
2024-12-20,Spicejet,,2024,12,Dec
2024-12-21,Spicejet,,2024,12,Dec
2024-12-22,Spicejet,,2024,12,Dec
2024-12-23,Spicejet,,2024,12,Dec
2024-12-24,Spicejet,,2024,12,Dec
2024-12-25,Spicejet,,2024,12,Dec
2024-12-26,Spicejet,,2024,12,Dec
2024-12-27,Spicejet,,2024,12,Dec
2024-12-28,Spicejet,,2024,12,Dec
2024-12-29,Spicejet,,2024,12,Dec
2024-12-30,Spicejet,,2024,12,Dec
2025-01-01,Spicejet,,2025,1,Jan
2025-01-02,Spicejet,,2025,1,Jan
2025-01-03,Spicejet,,2025,1,Jan
2025-01-04,Spicejet,,2025,1,Jan
2025-01-05,Spicejet,,2025,1,Jan
2025-01-06,Spicejet,,2025,1,Jan
2025-01-07,Spicejet,,2025,1,Jan
2025-01-28,Spicejet,,2025,1,Jan
2025-01-29,Spicejet,,2025,1,Jan
2025-01-30,Spicejet,,2025,1,Jan
2025-01-31,Spicejet,,2025,1,Jan
2025-02-01,Spicejet,,2025,2,Feb
2025-02-02,Spicejet,,2025,2,Feb
2025-02-03,Spicejet,,2025,2,Feb
2025-02-04,Spicejet,,2025,2,Feb
2025-02-05,Spicejet,,2025,2,Feb
2025-02-06,Spicejet,,2025,2,Feb
2025-02-07,Spicejet,,2025,2,Feb
2025-02-09,Spicejet,,2025,2,Feb
2025-02-10,Spicejet,,2025,2,Feb
2025-02-11,Spicejet,,2025,2,Feb
2025-02-12,Spicejet,,2025,2,Feb
2025-02-13,Spicejet,,2025,2,Feb
2025-02-14,Spicejet,,2025,2,Feb
2025-02-15,Spicejet,,2025,2,Feb
2025-02-16,Spicejet,,2025,2,Feb
2025-02-17,Spicejet,,2025,2,Feb
2025-02-18,Spicejet,,2025,2,Feb
2025-02-19,Spicejet,,2025,2,Feb
2025-02-20,Spicejet,,2025,2,Feb
2025-02-21,Spicejet,,2025,2,Feb
2025-02-22,Spicejet,,2025,2,Feb
2025-02-23,Spicejet,,2025,2,Feb
2025-02-24,Spicejet,,2025,2,Feb
2025-02-25,Spicejet,,2025,2,Feb
2025-02-26,Spicejet,,2025,2,Feb
2025-02-27,Spicejet,,2025,2,Feb
2025-03-03,Spicejet,,2025,3,Mar
2025-03-04,Spicejet,,2025,3,Mar
2025-03-05,Spicejet,,2025,3,Mar
2025-03-06,Spicejet,,2025,3,Mar
2025-03-07,Spicejet,,2025,3,Mar
2025-03-08,Spicejet,,2025,3,Mar
2025-03-09,Spicejet,,2025,3,Mar
2025-03-10,Spicejet,,2025,3,Mar
2025-03-11,Spicejet,,2025,3,Mar
2025-03-12,Spicejet,,2025,3,Mar
2025-03-13,Spicejet,,2025,3,Mar
2025-03-14,Spicejet,,2025,3,Mar
2025-03-15,Spicejet,,2025,3,Mar
2025-03-16,Spicejet,,2025,3,Mar
2025-03-17,Spicejet,,2025,3,Mar
2025-03-18,Spicejet,,2025,3,Mar
2025-03-19,Spicejet,,2025,3,Mar
2025-03-20,Spicejet,,2025,3,Mar
2025-03-21,Spicejet,,2025,3,Mar
2025-03-22,Spicejet,,2025,3,Mar
2025-03-23,Spicejet,,2025,3,Mar
2025-03-24,Spicejet,,2025,3,Mar
2025-03-25,Spicejet,,2025,3,Mar
2025-03-26,Spicejet,,2025,3,Mar
2025-03-27,Spicejet,,2025,3,Mar
2025-03-28,Spicejet,,2025,3,Mar
2025-03-30,Spicejet,,2025,3,Mar
2025-03-31,Spicejet,,2025,3,Mar
2025-04-01,Spicejet,,2025,4,Apr
2025-04-02,Spicejet,,2025,4,Apr
2025-04-03,Spicejet,,2025,4,Apr
2025-04-07,Spicejet,,2025,4,Apr
2025-04-08,Spicejet,,2025,4,Apr
2025-04-09,Spicejet,,2025,4,Apr
2025-04-10,Spicejet,,2025,4,Apr
2025-04-11,Spicejet,,2025,4,Apr
2025-04-12,Spicejet,,2025,4,Apr
2025-04-13,Spicejet,,2025,4,Apr
2025-04-14,Spicejet,,2025,4,Apr
2025-04-15,Spicejet,,2025,4,Apr
2025-04-16,Spicejet,,2025,4,Apr
2025-04-17,Spicejet,,2025,4,Apr
2025-04-18,Spicejet,,2025,4,Apr
2025-04-19,Spicejet,,2025,4,Apr
2025-04-20,Spicejet,,2025,4,Apr
2025-04-21,Spicejet,,2025,4,Apr
2025-04-22,Spicejet,,2025,4,Apr
2025-04-23,Spicejet,,2025,4,Apr
2025-04-24,Spicejet,,2025,4,Apr
2025-04-25,Spicejet,,2025,4,Apr
2025-04-26,Spicejet,,2025,4,Apr
2025-04-27,Spicejet,,2025,4,Apr
2025-04-28,Spicejet,,2025,4,Apr
2025-04-29,Spicejet,,2025,4,Apr
2025-04-30,Spicejet,,2025,4,Apr
2025-05-01,Spicejet,,2025,5,May
2025-05-02,Spicejet,,2025,5,May
2025-05-03,Spicejet,,2025,5,May
2025-05-04,Spicejet,,2025,5,May
2025-05-05,Spicejet,,2025,5,May
2025-05-06,Spicejet,,2025,5,May
2025-05-07,Spicejet,,2025,5,May
2025-05-08,Spicejet,,2025,5,May
2025-05-09,Spicejet,,2025,5,May
2025-05-10,Spicejet,,2025,5,May
2025-05-11,Spicejet,,2025,5,May
2025-05-12,Spicejet,,2025,5,May
2025-05-13,Spicejet,,2025,5,May
2025-05-14,Spicejet,,2025,5,May
2025-05-15,Spicejet,,2025,5,May
2025-05-16,Spicejet,,2025,5,May
2025-05-17,Spicejet,,2025,5,May
2025-05-18,Spicejet,,2025,5,May
2025-05-19,Spicejet,,2025,5,May
2025-05-20,Spicejet,,2025,5,May
2025-05-21,Spicejet,,2025,5,May
2025-05-22,Spicejet,,2025,5,May
2025-05-23,Spicejet,,2025,5,May
2025-05-24,Spicejet,,2025,5,May
2025-05-25,Spicejet,,2025,5,May
2025-05-26,Spicejet,,2025,5,May
2025-05-27,Spicejet,,2025,5,May
2025-05-28,Spicejet,,2025,5,May
2025-05-29,Spicejet,,2025,5,May
2025-05-30,Spicejet,,2025,5,May
2025-05-31,Spicejet,,2025,5,May
2025-06-01,Spicejet,,2025,6,Jun
2025-06-02,Spicejet,,2025,6,Jun
2025-06-03,Spicejet,,2025,6,Jun
2025-06-04,Spicejet,,2025,6,Jun
2025-06-05,Spicejet,,2025,6,Jun
2025-06-06,Spicejet,,2025,6,Jun
2025-06-07,Spicejet,,2025,6,Jun
2025-06-08,Spicejet,,2025,6,Jun
2025-06-09,Spicejet,,2025,6,Jun
2025-06-10,Spicejet,,2025,6,Jun
2025-06-11,Spicejet,,2025,6,Jun
2025-06-12,Spicejet,,2025,6,Jun
2025-06-13,Spicejet,,2025,6,Jun
2025-06-14,Spicejet,,2025,6,Jun
2025-06-15,Spicejet,,2025,6,Jun
2025-06-16,Spicejet,,2025,6,Jun
2025-06-17,Spicejet,,2025,6,Jun
2025-06-18,Spicejet,,2025,6,Jun
2025-06-19,Spicejet,,2025,6,Jun
2025-06-20,Spicejet,,2025,6,Jun
2025-06-21,Spicejet,,2025,6,Jun
2025-06-22,Spicejet,,2025,6,Jun
2025-06-23,Spicejet,,2025,6,Jun
2025-06-24,Spicejet,,2025,6,Jun
2025-06-25,Spicejet,,2025,6,Jun
2025-06-26,Spicejet,,2025,6,Jun
2025-06-27,Spicejet,,2025,6,Jun
2025-06-28,Spicejet,,2025,6,Jun
2025-06-29,Spicejet,,2025,6,Jun
2025-06-30,Spicejet,,2025,6,Jun
2025-07-01,Spicejet,,2025,7,Jul
2025-07-02,Spicejet,,2025,7,Jul
2025-07-03,Spicejet,,2025,7,Jul
2025-07-04,Spicejet,,2025,7,Jul
2025-07-05,Spicejet,,2025,7,Jul
2025-07-06,Spicejet,,2025,7,Jul
2025-07-07,Spicejet,,2025,7,Jul
2025-07-08,Spicejet,,2025,7,Jul
2025-07-09,Spicejet,,2025,7,Jul
2025-07-10,Spicejet,,2025,7,Jul
2025-07-11,Spicejet,,2025,7,Jul
2025-07-12,Spicejet,,2025,7,Jul
2025-07-13,Spicejet,,2025,7,Jul
2025-07-14,Spicejet,,2025,7,Jul
2025-07-15,Spicejet,,2025,7,Jul
2025-07-16,Spicejet,,2025,7,Jul
2025-07-17,Spicejet,,2025,7,Jul
2025-07-18,Spicejet,,2025,7,Jul
2025-07-19,Spicejet,,2025,7,Jul
2025-07-20,Spicejet,,2025,7,Jul
2025-07-21,Spicejet,,2025,7,Jul
2025-07-22,Spicejet,,2025,7,Jul
2025-07-23,Spicejet,,2025,7,Jul
2025-07-24,Spicejet,,2025,7,Jul
2025-07-25,Spicejet,,2025,7,Jul
2025-07-26,Spicejet,,2025,7,Jul
2025-07-27,Spicejet,,2025,7,Jul
2025-07-28,Spicejet,,2025,7,Jul
2025-07-29,Spicejet,,2025,7,Jul
2025-07-30,Spicejet,,2025,7,Jul
2025-07-31,Spicejet,,2025,7,Jul
2025-08-01,Spicejet,,2025,8,Aug
2025-08-02,Spicejet,,2025,8,Aug
2025-08-03,Spicejet,,2025,8,Aug
2025-08-04,Spicejet,,2025,8,Aug
2025-08-05,Spicejet,,2025,8,Aug
2025-08-06,Spicejet,,2025,8,Aug
2025-08-07,Spicejet,,2025,8,Aug
2025-08-08,Spicejet,,2025,8,Aug
2025-08-09,Spicejet,,2025,8,Aug
2025-08-10,Spicejet,,2025,8,Aug
2025-08-11,Spicejet,,2025,8,Aug
2025-08-12,Spicejet,,2025,8,Aug
2025-08-13,Spicejet,,2025,8,Aug
2025-08-14,Spicejet,,2025,8,Aug
2025-08-15,Spicejet,,2025,8,Aug
2025-08-16,Spicejet,,2025,8,Aug
2025-08-17,Spicejet,,2025,8,Aug
2025-08-18,Spicejet,,2025,8,Aug
2025-08-19,Spicejet,,2025,8,Aug
2025-08-20,Spicejet,,2025,8,Aug
2025-08-21,Spicejet,,2025,8,Aug
2025-08-22,Spicejet,,2025,8,Aug
2025-08-23,Spicejet,,2025,8,Aug
2025-08-24,Spicejet,,2025,8,Aug
2025-08-25,Spicejet,,2025,8,Aug
2025-08-26,Spicejet,,2025,8,Aug
2025-08-27,Spicejet,,2025,8,Aug
2025-08-28,Spicejet,,2025,8,Aug
2025-08-29,Spicejet,,2025,8,Aug
2025-08-30,Spicejet,,2025,8,Aug
2025-08-31,Spicejet,,2025,8,Aug
2025-09-01,Spicejet,,2025,9,Sep
2025-09-02,Spicejet,,2025,9,Sep
2025-09-03,Spicejet,,2025,9,Sep
2025-09-04,Spicejet,,2025,9,Sep
2025-09-05,Spicejet,,2025,9,Sep
2025-09-06,Spicejet,,2025,9,Sep
2025-09-07,Spicejet,,2025,9,Sep
2025-09-08,Spicejet,,2025,9,Sep
2025-09-09,Spicejet,,2025,9,Sep
2025-09-10,Spicejet,,2025,9,Sep
2025-09-11,Spicejet,,2025,9,Sep
2025-09-12,Spicejet,,2025,9,Sep
2025-09-13,Spicejet,,2025,9,Sep
2025-09-14,Spicejet,,2025,9,Sep
2025-09-15,Spicejet,,2025,9,Sep
2025-09-16,Spicejet,,2025,9,Sep
2025-09-17,Spicejet,,2025,9,Sep
2025-09-18,Spicejet,,2025,9,Sep
2025-09-19,Spicejet,,2025,9,Sep
2025-09-20,Spicejet,,2025,9,Sep
2025-09-21,Spicejet,,2025,9,Sep
2025-09-22,Spicejet,,2025,9,Sep
2025-09-23,Spicejet,,2025,9,Sep
2025-09-25,Spicejet,,2025,9,Sep
2025-09-26,Spicejet,,2025,9,Sep
2025-09-27,Spicejet,,2025,9,Sep
2025-09-28,Spicejet,,2025,9,Sep
2025-09-29,Spicejet,,2025,9,Sep
2025-09-30,Spicejet,,2025,9,Sep
2025-10-01,Spicejet,,2025,10,Oct
2025-10-02,Spicejet,,2025,10,Oct
2025-10-03,Spicejet,,2025,10,Oct
2025-10-04,Spicejet,,2025,10,Oct
2025-10-05,Spicejet,,2025,10,Oct
2025-10-06,Spicejet,,2025,10,Oct
2025-10-07,Spicejet,,2025,10,Oct
2025-10-08,Spicejet,,2025,10,Oct
2025-10-09,Spicejet,,2025,10,Oct
2025-10-10,Spicejet,,2025,10,Oct
2025-10-11,Spicejet,,2025,10,Oct
2025-10-12,Spicejet,,2025,10,Oct
2025-10-13,Spicejet,,2025,10,Oct
2025-10-14,Spicejet,,2025,10,Oct
2025-10-15,Spicejet,,2025,10,Oct
2025-10-16,Spicejet,,2025,10,Oct
2025-10-17,Spicejet,,2025,10,Oct
2025-10-18,Spicejet,,2025,10,Oct
2025-10-19,Spicejet,,2025,10,Oct
2025-10-20,Spicejet,,2025,10,Oct
2025-10-21,Spicejet,,2025,10,Oct
2025-10-22,Spicejet,,2025,10,Oct
2025-10-23,Spicejet,,2025,10,Oct
2025-10-24,Spicejet,,2025,10,Oct
2025-10-25,Spicejet,,2025,10,Oct
2025-10-26,Spicejet,,2025,10,Oct
2025-10-27,Spicejet,,2025,10,Oct
2025-10-28,Spicejet,,2025,10,Oct
2025-10-29,Spicejet,,2025,10,Oct
2025-10-30,Spicejet,,2025,10,Oct
2025-10-31,Spicejet,,2025,10,Oct
2025-11-01,Spicejet,,2025,11,Nov
2025-11-02,Spicejet,,2025,11,Nov
2025-11-03,Spicejet,,2025,11,Nov
2025-11-04,Spicejet,,2025,11,Nov
2025-11-05,Spicejet,,2025,11,Nov
2025-11-06,Spicejet,,2025,11,Nov
2025-11-07,Spicejet,,2025,11,Nov
2025-11-08,Spicejet,,2025,11,Nov
2025-11-09,Spicejet,,2025,11,Nov
2025-11-10,Spicejet,,2025,11,Nov
2025-11-11,Spicejet,,2025,11,Nov
2025-11-12,Spicejet,,2025,11,Nov
2025-11-13,Spicejet,,2025,11,Nov
2025-11-14,Spicejet,,2025,11,Nov
2025-11-15,Spicejet,,2025,11,Nov
2025-11-16,Spicejet,,2025,11,Nov
2025-11-17,Spicejet,,2025,11,Nov
2025-11-18,Spicejet,,2025,11,Nov
2025-11-19,Spicejet,,2025,11,Nov
2025-11-20,Spicejet,,2025,11,Nov
2025-11-21,Spicejet,,2025,11,Nov
2025-11-22,Spicejet,,2025,11,Nov
2025-11-23,Spicejet,,2025,11,Nov
2025-11-24,Spicejet,,2025,11,Nov
2025-11-25,Spicejet,,2025,11,Nov
2025-11-26,Spicejet,,2025,11,Nov
2025-11-27,Spicejet,,2025,11,Nov
2025-11-28,Spicejet,,2025,11,Nov
2025-11-29,Spicejet,,2025,11,Nov
2025-11-30,Spicejet,,2025,11,Nov
2025-12-01,Spicejet,,2025,12,Dec
2025-12-02,Spicejet,,2025,12,Dec
2025-12-03,Spicejet,,2025,12,Dec
2025-12-07,Spicejet,,2025,12,Dec
2025-12-08,Spicejet,,2025,12,Dec
2025-12-09,Spicejet,,2025,12,Dec
2025-12-10,Spicejet,,2025,12,Dec
2025-12-11,Spicejet,,2025,12,Dec
2025-12-12,Spicejet,,2025,12,Dec
2025-12-13,Spicejet,,2025,12,Dec
2025-12-14,Spicejet,,2025,12,Dec
2025-12-15,Spicejet,,2025,12,Dec
2025-12-16,Spicejet,,2025,12,Dec
2025-12-17,Spicejet,,2025,12,Dec
2025-12-18,Spicejet,,2025,12,Dec
2025-12-19,Spicejet,,2025,12,Dec
2025-12-20,Spicejet,,2025,12,Dec
2025-12-21,Spicejet,,2025,12,Dec
2025-12-22,Spicejet,,2025,12,Dec
2025-12-23,Spicejet,,2025,12,Dec
2025-12-24,Spicejet,,2025,12,Dec
2025-12-25,Spicejet,,2025,12,Dec
2025-12-26,Spicejet,,2025,12,Dec
2025-12-27,Spicejet,,2025,12,Dec
2025-12-28,Spicejet,,2025,12,Dec
2025-12-29,Spicejet,,2025,12,Dec
2025-12-30,Spicejet,,2025,12,Dec
2025-12-31,Spicejet,,2025,12,Dec
2026-01-01,Spicejet,,2026,1,Jan
2026-01-02,Spicejet,,2026,1,Jan
2026-01-03,Spicejet,,2026,1,Jan
2026-01-04,Spicejet,,2026,1,Jan
2026-01-05,Spicejet,,2026,1,Jan
2026-01-06,Spicejet,,2026,1,Jan
2026-01-07,Spicejet,,2026,1,Jan
2026-01-08,Spicejet,,2026,1,Jan
2026-01-09,Spicejet,,2026,1,Jan
2026-01-10,Spicejet,,2026,1,Jan
2026-01-11,Spicejet,,2026,1,Jan
2026-01-12,Spicejet,,2026,1,Jan
2026-01-13,Spicejet,,2026,1,Jan
2026-01-14,Spicejet,,2026,1,Jan
2026-01-15,Spicejet,,2026,1,Jan
2026-01-16,Spicejet,,2026,1,Jan
2026-01-17,Spicejet,,2026,1,Jan
2026-01-18,Spicejet,,2026,1,Jan
2026-01-19,Spicejet,,2026,1,Jan
2026-01-20,Spicejet,,2026,1,Jan
2026-01-21,Spicejet,,2026,1,Jan
2026-01-22,Spicejet,,2026,1,Jan
2026-01-23,Spicejet,,2026,1,Jan
2026-01-24,Spicejet,,2026,1,Jan
2026-01-25,Spicejet,,2026,1,Jan
2026-01-26,Spicejet,,2026,1,Jan
2026-01-27,Spicejet,,2026,1,Jan
2026-01-28,Spicejet,,2026,1,Jan
2026-01-29,Spicejet,,2026,1,Jan
2026-01-30,Spicejet,,2026,1,Jan
2026-01-31,Spicejet,,2026,1,Jan
2026-02-01,Spicejet,,2026,2,Feb
2026-02-02,Spicejet,,2026,2,Feb
2026-02-03,Spicejet,,2026,2,Feb
2026-02-04,Spicejet,,2026,2,Feb
2026-02-05,Spicejet,,2026,2,Feb
2026-02-06,Spicejet,,2026,2,Feb
2026-02-07,Spicejet,,2026,2,Feb
2026-02-08,Spicejet,,2026,2,Feb
2026-02-09,Spicejet,,2026,2,Feb
2026-02-10,Spicejet,,2026,2,Feb
2026-02-11,Spicejet,,2026,2,Feb
2026-02-12,Spicejet,,2026,2,Feb
2026-02-13,Spicejet,,2026,2,Feb
2026-02-14,Spicejet,,2026,2,Feb
2026-02-15,Spicejet,,2026,2,Feb
2026-02-16,Spicejet,,2026,2,Feb
2026-02-17,Spicejet,,2026,2,Feb
2026-02-18,Spicejet,,2026,2,Feb
2026-02-19,Spicejet,,2026,2,Feb
2026-02-20,Spicejet,,2026,2,Feb
2026-02-21,Spicejet,,2026,2,Feb
2026-02-22,Spicejet,,2026,2,Feb
2026-02-23,Spicejet,,2026,2,Feb
2026-02-24,Spicejet,,2026,2,Feb
2026-02-25,Spicejet,,2026,2,Feb
2026-02-26,Spicejet,,2026,2,Feb
2026-02-27,Spicejet,,2026,2,Feb
2026-02-28,Spicejet,,2026,2,Feb
2026-03-01,Spicejet,,2026,3,Mar
2026-03-02,Spicejet,,2026,3,Mar
2026-03-03,Spicejet,,2026,3,Mar
2026-03-04,Spicejet,,2026,3,Mar
2026-03-05,Spicejet,,2026,3,Mar
2026-03-06,Spicejet,,2026,3,Mar
2026-03-07,Spicejet,,2026,3,Mar
2026-03-08,Spicejet,,2026,3,Mar
2026-03-09,Spicejet,,2026,3,Mar
2026-03-10,Spicejet,,2026,3,Mar
2026-03-11,Spicejet,,2026,3,Mar
2026-03-12,Spicejet,,2026,3,Mar
2026-03-13,Spicejet,,2026,3,Mar
2026-03-14,Spicejet,,2026,3,Mar
2026-03-15,Spicejet,,2026,3,Mar
2026-03-16,Spicejet,,2026,3,Mar
2026-03-17,Spicejet,,2026,3,Mar
2026-03-18,Spicejet,,2026,3,Mar
2026-03-19,Spicejet,,2026,3,Mar
2026-03-20,Spicejet,,2026,3,Mar
2026-03-21,Spicejet,,2026,3,Mar
2026-03-22,Spicejet,,2026,3,Mar
2026-03-23,Spicejet,,2026,3,Mar
2026-03-24,Spicejet,,2026,3,Mar
2026-03-25,Spicejet,,2026,3,Mar
2026-03-26,Spicejet,,2026,3,Mar
2026-03-27,Spicejet,,2026,3,Mar
2026-03-28,Spicejet,,2026,3,Mar
2026-03-29,Spicejet,,2026,3,Mar
2026-03-30,Spicejet,,2026,3,Mar
2026-03-31,Spicejet,,2026,3,Mar
2026-04-01,Spicejet,,2026,4,Apr
2026-04-02,Spicejet,,2026,4,Apr
2026-04-03,Spicejet,,2026,4,Apr
2026-04-04,Spicejet,,2026,4,Apr
2026-04-05,Spicejet,,2026,4,Apr
2026-04-06,Spicejet,,2026,4,Apr
2026-04-07,Spicejet,,2026,4,Apr
2026-04-08,Spicejet,,2026,4,Apr
2026-04-09,Spicejet,,2026,4,Apr
2026-04-11,Spicejet,,2026,4,Apr
2026-04-12,Spicejet,,2026,4,Apr
2026-04-13,Spicejet,,2026,4,Apr
2026-04-14,Spicejet,,2026,4,Apr
2026-04-15,Spicejet,,2026,4,Apr
2026-04-16,Spicejet,,2026,4,Apr
2026-04-17,Spicejet,,2026,4,Apr
2026-04-18,Spicejet,,2026,4,Apr
2026-04-19,Spicejet,,2026,4,Apr
2026-04-20,Spicejet,,2026,4,Apr
2026-04-21,Spicejet,,2026,4,Apr
2026-04-22,Spicejet,,2026,4,Apr
2026-04-23,Spicejet,,2026,4,Apr
2026-04-24,Spicejet,,2026,4,Apr
2026-04-25,Spicejet,,2026,4,Apr
2026-04-26,Spicejet,,2026,4,Apr
2026-04-27,Spicejet,,2026,4,Apr
2026-04-28,Spicejet,,2026,4,Apr
2026-04-29,Spicejet,,2026,4,Apr
2026-04-30,Spicejet,,2026,4,Apr
2026-05-01,Spicejet,,2026,5,May
2026-05-02,Spicejet,,2026,5,May
2026-05-03,Spicejet,,2026,5,May
2026-05-05,Spicejet,,2026,5,May
2026-05-04,Spicejet,,2026,5,May
2026-05-06,Spicejet,,2026,5,May
2026-05-07,Spicejet,,2026,5,May
2026-05-08,Spicejet,,2026,5,May
2026-05-09,Spicejet,,2026,5,May
2026-05-10,Spicejet,,2026,5,May
2026-05-11,Spicejet,,2026,5,May
2026-05-12,Spicejet,,2026,5,May
2026-05-13,Spicejet,,2026,5,May
2026-05-14,Spicejet,,2026,5,May
2026-05-15,Spicejet,,2026,5,May
2026-05-16,Spicejet,,2026,5,May
2026-05-17,Spicejet,,2026,5,May
2026-05-18,Spicejet,,2026,5,May
2026-05-19,Spicejet,,2026,5,May
2026-05-20,Spicejet,,2026,5,May
2026-05-21,Spicejet,,2026,5,May
2026-05-22,Spicejet,,2026,5,May
2026-05-23,Spicejet,,2026,5,May
2026-05-24,Spicejet,,2026,5,May
2026-05-25,Spicejet,,2026,5,May
2026-05-26,Spicejet,,2026,5,May
2026-05-27,Spicejet,,2026,5,May
2026-05-28,Spicejet,,2026,5,May
2026-05-29,Spicejet,,2026,5,May
2026-05-30,Spicejet,,2026,5,May
2026-05-31,Spicejet,,2026,5,May
2026-06-01,Spicejet,,2026,6,Jun
2026-06-02,Spicejet,,2026,6,Jun
2026-06-03,Spicejet,,2026,6,Jun
2021-07-29,Vistara,,2021,7,Jul
2021-07-30,Vistara,,2021,7,Jul
2021-08-03,Vistara,,2021,8,Aug
2021-08-04,Vistara,,2021,8,Aug
2021-08-05,Vistara,,2021,8,Aug
2021-08-06,Vistara,,2021,8,Aug
2021-08-07,Vistara,,2021,8,Aug
2021-08-09,Vistara,,2021,8,Aug
2021-08-10,Vistara,,2021,8,Aug
2021-08-12,Vistara,,2021,8,Aug
2021-08-13,Vistara,,2021,8,Aug
2021-08-14,Vistara,,2021,8,Aug
2021-08-15,Vistara,,2021,8,Aug
2021-08-16,Vistara,,2021,8,Aug
2021-08-17,Vistara,,2021,8,Aug
2021-08-18,Vistara,,2021,8,Aug
2021-08-19,Vistara,,2021,8,Aug
2021-08-20,Vistara,,2021,8,Aug
2021-08-21,Vistara,,2021,8,Aug
2021-08-22,Vistara,,2021,8,Aug
2021-08-26,Vistara,,2021,8,Aug
2021-08-27,Vistara,,2021,8,Aug
2021-08-28,Vistara,,2021,8,Aug
2021-08-29,Vistara,,2021,8,Aug
2021-09-17,Vistara,,2021,9,Sep
2021-09-24,Vistara,,2021,9,Sep
2021-09-26,Vistara,,2021,9,Sep
2021-09-27,Vistara,,2021,9,Sep
2021-09-29,Vistara,,2021,9,Sep
2021-10-01,Vistara,,2021,10,Oct
2021-10-02,Vistara,,2021,10,Oct
2021-10-03,Vistara,,2021,10,Oct
2021-10-04,Vistara,,2021,10,Oct
2021-10-07,Vistara,,2021,10,Oct
2021-10-15,Vistara,,2021,10,Oct
2021-10-09,Vistara,,2021,10,Oct
2021-10-18,Vistara,,2021,10,Oct
2021-10-26,Vistara,,2021,10,Oct
2021-10-27,Vistara,,2021,10,Oct
2021-11-05,Vistara,,2021,11,Nov
2021-11-07,Vistara,,2021,11,Nov
2021-11-08,Vistara,,2021,11,Nov
2021-11-15,Vistara,,2021,11,Nov
2021-11-27,Vistara,,2021,11,Nov
2021-11-29,Vistara,,2021,11,Nov
2021-12-13,Vistara,,2021,12,Dec
2021-12-26,Vistara,,2021,12,Dec
2021-12-27,Vistara,,2021,12,Dec
2021-12-28,Vistara,,2021,12,Dec
2021-12-29,Vistara,,2021,12,Dec
2021-12-30,Vistara,,2021,12,Dec
2021-12-31,Vistara,,2021,12,Dec
2022-01-01,Vistara,,2022,1,Jan
2022-01-02,Vistara,,2022,1,Jan
2022-01-03,Vistara,,2022,1,Jan
2022-01-04,Vistara,,2022,1,Jan
2022-01-06,Vistara,,2022,1,Jan
2022-01-05,Vistara,,2022,1,Jan
2022-01-07,Vistara,,2022,1,Jan
2022-01-08,Vistara,,2022,1,Jan
2022-01-09,Vistara,,2022,1,Jan
2022-01-10,Vistara,,2022,1,Jan
2022-01-11,Vistara,,2022,1,Jan
2022-01-12,Vistara,,2022,1,Jan
2022-01-13,Vistara,,2022,1,Jan
2022-01-14,Vistara,,2022,1,Jan
2022-01-15,Vistara,,2022,1,Jan
2022-01-16,Vistara,,2022,1,Jan
2022-01-17,Vistara,,2022,1,Jan
2022-01-19,Vistara,,2022,1,Jan
2022-01-18,Vistara,,2022,1,Jan
2022-01-20,Vistara,,2022,1,Jan
2022-01-21,Vistara,,2022,1,Jan
2022-01-22,Vistara,,2022,1,Jan
2022-01-23,Vistara,,2022,1,Jan
2022-01-24,Vistara,,2022,1,Jan
2022-01-25,Vistara,,2022,1,Jan
2022-01-26,Vistara,,2022,1,Jan
2022-01-27,Vistara,,2022,1,Jan
2022-01-28,Vistara,,2022,1,Jan
2022-01-29,Vistara,,2022,1,Jan
2022-01-30,Vistara,,2022,1,Jan
2022-01-31,Vistara,,2022,1,Jan
2022-02-01,Vistara,,2022,2,Feb
2022-02-02,Vistara,,2022,2,Feb
2022-02-03,Vistara,,2022,2,Feb
2022-02-04,Vistara,,2022,2,Feb
2022-02-05,Vistara,,2022,2,Feb
2022-02-06,Vistara,,2022,2,Feb
2022-02-07,Vistara,,2022,2,Feb
2022-02-08,Vistara,,2022,2,Feb
2022-02-09,Vistara,,2022,2,Feb
2022-02-10,Vistara,,2022,2,Feb
2022-02-12,Vistara,,2022,2,Feb
2022-02-11,Vistara,,2022,2,Feb
2022-02-13,Vistara,,2022,2,Feb
2022-02-14,Vistara,,2022,2,Feb
2022-02-15,Vistara,,2022,2,Feb
2022-02-17,Vistara,,2022,2,Feb
2022-02-16,Vistara,,2022,2,Feb
2022-02-18,Vistara,,2022,2,Feb
2022-02-19,Vistara,,2022,2,Feb
2022-02-21,Vistara,,2022,2,Feb
2022-02-23,Vistara,,2022,2,Feb
2022-02-24,Vistara,,2022,2,Feb
2022-02-25,Vistara,,2022,2,Feb
2022-02-26,Vistara,,2022,2,Feb
2022-03-01,Vistara,,2022,3,Mar
2022-03-02,Vistara,,2022,3,Mar
2022-03-06,Vistara,,2022,3,Mar
2022-03-10,Vistara,,2022,3,Mar
2022-03-11,Vistara,,2022,3,Mar
2022-03-14,Vistara,,2022,3,Mar
2022-03-18,Vistara,,2022,3,Mar
2022-03-19,Vistara,,2022,3,Mar
2022-03-20,Vistara,,2022,3,Mar
2022-03-21,Vistara,,2022,3,Mar
2022-03-22,Vistara,,2022,3,Mar
2022-03-23,Vistara,,2022,3,Mar
2022-03-25,Vistara,,2022,3,Mar
2022-03-26,Vistara,,2022,3,Mar
2022-03-27,Vistara,,2022,3,Mar
2022-03-28,Vistara,,2022,3,Mar
2022-03-31,Vistara,,2022,3,Mar
2022-04-01,Vistara,,2022,4,Apr
2022-04-03,Vistara,,2022,4,Apr
2022-04-04,Vistara,,2022,4,Apr
2022-04-06,Vistara,,2022,4,Apr
2022-04-05,Vistara,,2022,4,Apr
2022-04-07,Vistara,,2022,4,Apr
2022-04-08,Vistara,,2022,4,Apr
2022-04-09,Vistara,,2022,4,Apr
2022-04-10,Vistara,,2022,4,Apr
2022-04-11,Vistara,,2022,4,Apr
2022-04-13,Vistara,,2022,4,Apr
2022-04-21,Vistara,,2022,4,Apr
2022-04-30,Vistara,,2022,4,Apr
2022-05-11,Vistara,,2022,5,May
2022-05-13,Vistara,,2022,5,May
2022-05-14,Vistara,,2022,5,May
2022-05-15,Vistara,,2022,5,May
2022-05-16,Vistara,,2022,5,May
2022-06-02,Vistara,,2022,6,Jun
2022-11-29,Vistara,,2022,11,Nov
2022-12-03,Vistara,,2022,12,Dec
2023-01-03,Vistara,,2023,1,Jan
2023-01-07,Vistara,,2023,1,Jan
2023-02-01,Vistara,,2023,2,Feb
2023-02-02,Vistara,,2023,2,Feb
2023-02-19,Vistara,,2023,2,Feb
2023-02-18,Vistara,,2023,2,Feb
2023-03-04,Vistara,,2023,3,Mar
2023-03-05,Vistara,,2023,3,Mar
2023-03-06,Vistara,,2023,3,Mar
2023-03-09,Vistara,,2023,3,Mar
2023-03-10,Vistara,,2023,3,Mar
2023-03-11,Vistara,,2023,3,Mar
2023-03-12,Vistara,,2023,3,Mar
2023-03-13,Vistara,,2023,3,Mar
2023-03-14,Vistara,,2023,3,Mar
2023-03-15,Vistara,,2023,3,Mar
2023-03-17,Vistara,,2023,3,Mar
2023-03-18,Vistara,,2023,3,Mar
2023-03-19,Vistara,,2023,3,Mar
2023-03-20,Vistara,,2023,3,Mar
2023-03-21,Vistara,,2023,3,Mar
2023-03-22,Vistara,,2023,3,Mar
2023-03-23,Vistara,,2023,3,Mar
2023-03-24,Vistara,,2023,3,Mar
2023-03-25,Vistara,,2023,3,Mar
2023-03-26,Vistara,,2023,3,Mar
2023-03-27,Vistara,,2023,3,Mar
2023-03-28,Vistara,,2023,3,Mar
2023-03-29,Vistara,,2023,3,Mar
2023-03-30,Vistara,,2023,3,Mar
2023-03-31,Vistara,,2023,3,Mar
2023-04-01,Vistara,,2023,4,Apr
2023-04-02,Vistara,,2023,4,Apr
2023-04-03,Vistara,,2023,4,Apr
2023-04-04,Vistara,,2023,4,Apr
2023-04-05,Vistara,,2023,4,Apr
2023-04-06,Vistara,,2023,4,Apr
2023-04-07,Vistara,,2023,4,Apr
2023-04-08,Vistara,,2023,4,Apr
2023-04-09,Vistara,,2023,4,Apr
2023-04-10,Vistara,,2023,4,Apr
2023-04-11,Vistara,,2023,4,Apr
2023-04-12,Vistara,,2023,4,Apr
2023-04-14,Vistara,,2023,4,Apr
2023-04-15,Vistara,,2023,4,Apr
2023-04-16,Vistara,,2023,4,Apr
2023-04-17,Vistara,,2023,4,Apr
2023-04-18,Vistara,,2023,4,Apr
2023-04-19,Vistara,,2023,4,Apr
2023-04-20,Vistara,,2023,4,Apr
2023-04-21,Vistara,,2023,4,Apr
2023-04-22,Vistara,,2023,4,Apr
2023-04-23,Vistara,,2023,4,Apr
2023-04-24,Vistara,,2023,4,Apr
2023-04-25,Vistara,,2023,4,Apr
2023-04-26,Vistara,,2023,4,Apr
2023-04-27,Vistara,,2023,4,Apr
2023-04-28,Vistara,,2023,4,Apr
2023-04-29,Vistara,,2023,4,Apr
2023-04-30,Vistara,,2023,4,Apr
2023-05-01,Vistara,,2023,5,May
2023-05-02,Vistara,,2023,5,May
2023-05-03,Vistara,,2023,5,May
2023-05-04,Vistara,,2023,5,May
2023-05-05,Vistara,,2023,5,May
2023-05-06,Vistara,,2023,5,May
2023-05-07,Vistara,,2023,5,May
2023-05-08,Vistara,,2023,5,May
2023-05-09,Vistara,,2023,5,May
2023-05-10,Vistara,,2023,5,May
2023-05-11,Vistara,,2023,5,May
2023-05-12,Vistara,,2023,5,May
2023-05-13,Vistara,,2023,5,May
2023-05-14,Vistara,,2023,5,May
2023-05-15,Vistara,,2023,5,May
2023-05-16,Vistara,,2023,5,May
2023-05-17,Vistara,,2023,5,May
2023-05-18,Vistara,,2023,5,May
2023-05-19,Vistara,,2023,5,May
2023-05-20,Vistara,,2023,5,May
2023-05-21,Vistara,,2023,5,May
2023-05-22,Vistara,,2023,5,May
2023-05-23,Vistara,,2023,5,May
2023-05-24,Vistara,,2023,5,May
2023-05-25,Vistara,,2023,5,May
2023-05-26,Vistara,,2023,5,May
2023-05-27,Vistara,,2023,5,May
2023-05-28,Vistara,,2023,5,May
2023-05-29,Vistara,,2023,5,May
2023-05-30,Vistara,,2023,5,May
2023-05-31,Vistara,,2023,5,May
2023-06-02,Vistara,,2023,6,Jun
2023-06-03,Vistara,,2023,6,Jun
2023-06-04,Vistara,,2023,6,Jun
2023-06-05,Vistara,,2023,6,Jun
2023-06-06,Vistara,,2023,6,Jun
2023-06-07,Vistara,,2023,6,Jun
2023-06-08,Vistara,,2023,6,Jun
2023-06-09,Vistara,,2023,6,Jun
2023-06-10,Vistara,,2023,6,Jun
2023-06-11,Vistara,,2023,6,Jun
2023-06-12,Vistara,,2023,6,Jun
2023-06-13,Vistara,,2023,6,Jun
2023-06-14,Vistara,,2023,6,Jun
2023-06-15,Vistara,,2023,6,Jun
2023-06-16,Vistara,,2023,6,Jun
2023-06-17,Vistara,,2023,6,Jun
2023-06-18,Vistara,,2023,6,Jun
2023-06-19,Vistara,,2023,6,Jun
2023-06-23,Vistara,,2023,6,Jun
2023-06-24,Vistara,,2023,6,Jun
2023-06-25,Vistara,,2023,6,Jun
2023-06-26,Vistara,,2023,6,Jun
2023-06-27,Vistara,,2023,6,Jun
2023-06-28,Vistara,,2023,6,Jun
2023-06-29,Vistara,,2023,6,Jun
2023-06-30,Vistara,,2023,6,Jun
2023-07-01,Vistara,,2023,7,Jul
2023-07-02,Vistara,,2023,7,Jul
2023-07-03,Vistara,,2023,7,Jul
2023-07-04,Vistara,,2023,7,Jul
2023-07-05,Vistara,,2023,7,Jul
2023-07-08,Vistara,,2023,7,Jul
2023-07-09,Vistara,,2023,7,Jul
2023-07-10,Vistara,,2023,7,Jul
2023-07-11,Vistara,,2023,7,Jul
2023-07-12,Vistara,,2023,7,Jul
2023-07-13,Vistara,,2023,7,Jul
2023-07-14,Vistara,,2023,7,Jul
2023-07-15,Vistara,,2023,7,Jul
2023-07-17,Vistara,,2023,7,Jul
2023-07-18,Vistara,,2023,7,Jul
2023-07-19,Vistara,,2023,7,Jul
2023-07-20,Vistara,,2023,7,Jul
2023-07-21,Vistara,,2023,7,Jul
2023-07-22,Vistara,,2023,7,Jul
2023-07-23,Vistara,,2023,7,Jul
2023-07-24,Vistara,,2023,7,Jul
2023-07-25,Vistara,,2023,7,Jul
2023-07-26,Vistara,,2023,7,Jul
2023-07-27,Vistara,,2023,7,Jul
2023-07-28,Vistara,,2023,7,Jul
2023-07-29,Vistara,,2023,7,Jul
2023-07-30,Vistara,,2023,7,Jul
2023-07-31,Vistara,,2023,7,Jul
2023-08-01,Vistara,,2023,8,Aug
2023-08-02,Vistara,,2023,8,Aug
2023-08-03,Vistara,,2023,8,Aug
2023-08-04,Vistara,,2023,8,Aug
2023-08-05,Vistara,,2023,8,Aug
2023-08-06,Vistara,,2023,8,Aug
2023-08-07,Vistara,,2023,8,Aug
2023-08-08,Vistara,,2023,8,Aug
2023-08-09,Vistara,,2023,8,Aug
2023-08-10,Vistara,,2023,8,Aug
2023-08-11,Vistara,,2023,8,Aug
2023-08-13,Vistara,,2023,8,Aug
2023-08-14,Vistara,,2023,8,Aug
2023-08-15,Vistara,,2023,8,Aug
2023-08-28,Vistara,,2023,8,Aug
2023-09-20,Vistara,,2023,9,Sep
2023-10-13,Vistara,,2023,10,Oct
2023-10-14,Vistara,,2023,10,Oct
2023-10-15,Vistara,,2023,10,Oct
2023-10-16,Vistara,,2023,10,Oct
2023-10-17,Vistara,,2023,10,Oct
2023-10-18,Vistara,,2023,10,Oct
2023-10-19,Vistara,,2023,10,Oct
2023-10-20,Vistara,,2023,10,Oct
2023-10-21,Vistara,,2023,10,Oct
2023-10-22,Vistara,,2023,10,Oct
2023-10-23,Vistara,,2023,10,Oct
2023-10-24,Vistara,,2023,10,Oct
2023-10-25,Vistara,,2023,10,Oct
2023-10-26,Vistara,,2023,10,Oct
2023-10-27,Vistara,,2023,10,Oct
2023-10-28,Vistara,,2023,10,Oct
2023-10-29,Vistara,,2023,10,Oct
2023-10-30,Vistara,,2023,10,Oct
2023-10-31,Vistara,,2023,10,Oct
2023-11-01,Vistara,,2023,11,Nov
2023-11-02,Vistara,,2023,11,Nov
2023-11-04,Vistara,,2023,11,Nov
2023-11-05,Vistara,,2023,11,Nov
2023-11-06,Vistara,,2023,11,Nov
2023-11-07,Vistara,,2023,11,Nov
2023-11-08,Vistara,,2023,11,Nov
2023-11-09,Vistara,,2023,11,Nov
2023-11-10,Vistara,,2023,11,Nov
2023-11-11,Vistara,,2023,11,Nov
2023-11-12,Vistara,,2023,11,Nov
2023-11-13,Vistara,,2023,11,Nov
2023-11-14,Vistara,,2023,11,Nov
2023-11-15,Vistara,,2023,11,Nov
2023-11-16,Vistara,,2023,11,Nov
2023-11-17,Vistara,,2023,11,Nov
2023-11-18,Vistara,,2023,11,Nov
2023-11-19,Vistara,,2023,11,Nov
2023-11-20,Vistara,,2023,11,Nov
2023-11-21,Vistara,,2023,11,Nov
2023-11-22,Vistara,,2023,11,Nov
2023-11-23,Vistara,,2023,11,Nov
2023-11-25,Vistara,,2023,11,Nov
2023-11-27,Vistara,,2023,11,Nov
2023-11-26,Vistara,,2023,11,Nov
2023-11-28,Vistara,,2023,11,Nov
2023-11-30,Vistara,,2023,11,Nov
2023-12-01,Vistara,,2023,12,Dec
2023-12-02,Vistara,,2023,12,Dec
2023-12-03,Vistara,,2023,12,Dec
2023-12-04,Vistara,,2023,12,Dec
2023-12-06,Vistara,,2023,12,Dec
2023-12-07,Vistara,,2023,12,Dec
2023-12-08,Vistara,,2023,12,Dec
2023-12-10,Vistara,,2023,12,Dec
2023-12-11,Vistara,,2023,12,Dec
2023-12-13,Vistara,,2023,12,Dec
2023-12-14,Vistara,,2023,12,Dec
2023-12-12,Vistara,,2023,12,Dec
2023-12-15,Vistara,,2023,12,Dec
2023-12-16,Vistara,,2023,12,Dec
2023-12-18,Vistara,,2023,12,Dec
2023-12-19,Vistara,,2023,12,Dec
2023-12-20,Vistara,,2023,12,Dec
2023-12-21,Vistara,,2023,12,Dec
2023-12-22,Vistara,,2023,12,Dec
2023-12-25,Vistara,,2023,12,Dec
2023-12-23,Vistara,,2023,12,Dec
2023-12-26,Vistara,,2023,12,Dec
2023-12-28,Vistara,,2023,12,Dec
2023-12-27,Vistara,,2023,12,Dec
2023-12-29,Vistara,,2023,12,Dec
2023-12-30,Vistara,,2023,12,Dec
2023-12-31,Vistara,,2023,12,Dec
2024-01-01,Vistara,,2024,1,Jan
2024-01-02,Vistara,,2024,1,Jan
2024-01-03,Vistara,,2024,1,Jan
2024-01-04,Vistara,,2024,1,Jan
2024-01-05,Vistara,,2024,1,Jan
2024-01-06,Vistara,,2024,1,Jan
2024-01-07,Vistara,,2024,1,Jan
2024-01-08,Vistara,,2024,1,Jan
2024-01-09,Vistara,,2024,1,Jan
2024-01-10,Vistara,,2024,1,Jan
2024-01-11,Vistara,,2024,1,Jan
2024-01-12,Vistara,,2024,1,Jan
2024-01-13,Vistara,,2024,1,Jan
2024-01-14,Vistara,,2024,1,Jan
2024-01-15,Vistara,,2024,1,Jan
2024-01-16,Vistara,,2024,1,Jan
2024-01-17,Vistara,,2024,1,Jan
2024-01-18,Vistara,,2024,1,Jan
2024-01-19,Vistara,,2024,1,Jan
2024-01-20,Vistara,,2024,1,Jan
2024-01-21,Vistara,,2024,1,Jan
2024-01-22,Vistara,,2024,1,Jan
2024-01-23,Vistara,,2024,1,Jan
2024-01-24,Vistara,,2024,1,Jan
2024-01-25,Vistara,,2024,1,Jan
2024-01-26,Vistara,,2024,1,Jan
2024-01-27,Vistara,,2024,1,Jan
2024-01-28,Vistara,,2024,1,Jan
2024-01-29,Vistara,,2024,1,Jan
2024-01-30,Vistara,,2024,1,Jan
2024-01-31,Vistara,,2024,1,Jan
2024-02-01,Vistara,,2024,2,Feb
2024-02-02,Vistara,,2024,2,Feb
2024-02-03,Vistara,,2024,2,Feb
2024-02-04,Vistara,,2024,2,Feb
2024-02-05,Vistara,,2024,2,Feb
2024-02-06,Vistara,,2024,2,Feb
2024-02-07,Vistara,,2024,2,Feb
2024-02-08,Vistara,,2024,2,Feb
2024-02-09,Vistara,,2024,2,Feb
2024-02-10,Vistara,,2024,2,Feb
2024-02-11,Vistara,,2024,2,Feb
2024-02-12,Vistara,,2024,2,Feb
2024-02-13,Vistara,,2024,2,Feb
2024-02-14,Vistara,,2024,2,Feb
2024-02-15,Vistara,,2024,2,Feb
2024-02-16,Vistara,,2024,2,Feb
2024-02-17,Vistara,,2024,2,Feb
2024-02-18,Vistara,,2024,2,Feb
2024-02-19,Vistara,,2024,2,Feb
2024-02-21,Vistara,,2024,2,Feb
2024-02-22,Vistara,,2024,2,Feb
2024-02-23,Vistara,,2024,2,Feb
2024-02-24,Vistara,,2024,2,Feb
2024-02-25,Vistara,,2024,2,Feb
2024-02-26,Vistara,,2024,2,Feb
2024-02-27,Vistara,,2024,2,Feb
2024-02-28,Vistara,,2024,2,Feb
2024-02-29,Vistara,,2024,2,Feb
2024-03-01,Vistara,,2024,3,Mar
2024-03-02,Vistara,,2024,3,Mar
2024-03-03,Vistara,,2024,3,Mar
2024-03-04,Vistara,,2024,3,Mar
2024-03-05,Vistara,,2024,3,Mar
2024-03-06,Vistara,,2024,3,Mar
2024-03-07,Vistara,,2024,3,Mar
2024-03-08,Vistara,,2024,3,Mar
2024-03-09,Vistara,,2024,3,Mar
2024-03-10,Vistara,,2024,3,Mar
2024-03-11,Vistara,,2024,3,Mar
2024-03-12,Vistara,,2024,3,Mar
2024-03-13,Vistara,,2024,3,Mar
2024-03-14,Vistara,,2024,3,Mar
2024-03-15,Vistara,,2024,3,Mar
2024-03-16,Vistara,,2024,3,Mar
2024-03-17,Vistara,,2024,3,Mar
2024-03-18,Vistara,,2024,3,Mar
2024-03-19,Vistara,,2024,3,Mar
2024-03-20,Vistara,,2024,3,Mar
2024-03-21,Vistara,,2024,3,Mar
2024-03-22,Vistara,,2024,3,Mar
2024-03-24,Vistara,,2024,3,Mar
2024-03-25,Vistara,,2024,3,Mar
2024-03-26,Vistara,,2024,3,Mar
2024-03-27,Vistara,,2024,3,Mar
2024-03-28,Vistara,,2024,3,Mar
2024-03-29,Vistara,,2024,3,Mar
2024-03-30,Vistara,,2024,3,Mar
2024-03-31,Vistara,,2024,3,Mar
2024-04-01,Vistara,,2024,4,Apr
2024-04-02,Vistara,,2024,4,Apr
2024-04-03,Vistara,,2024,4,Apr
2024-04-04,Vistara,,2024,4,Apr
2024-04-05,Vistara,,2024,4,Apr
2024-04-06,Vistara,,2024,4,Apr
2024-04-07,Vistara,,2024,4,Apr
2024-04-08,Vistara,,2024,4,Apr
2024-04-09,Vistara,,2024,4,Apr
2024-04-10,Vistara,,2024,4,Apr
2024-04-11,Vistara,,2024,4,Apr
2024-04-12,Vistara,,2024,4,Apr
2024-04-13,Vistara,,2024,4,Apr
2024-04-14,Vistara,,2024,4,Apr
2024-04-15,Vistara,,2024,4,Apr
2024-04-16,Vistara,,2024,4,Apr
2024-04-17,Vistara,,2024,4,Apr
2024-04-18,Vistara,,2024,4,Apr
2024-04-19,Vistara,,2024,4,Apr
2024-04-20,Vistara,,2024,4,Apr
2024-04-21,Vistara,,2024,4,Apr
2024-04-22,Vistara,,2024,4,Apr
2024-04-24,Vistara,,2024,4,Apr
2024-04-25,Vistara,,2024,4,Apr
2024-04-26,Vistara,,2024,4,Apr
2024-04-27,Vistara,,2024,4,Apr
2024-04-28,Vistara,,2024,4,Apr
2024-04-30,Vistara,,2024,4,Apr
2024-05-01,Vistara,,2024,5,May
2024-05-02,Vistara,,2024,5,May
2024-05-03,Vistara,,2024,5,May
2024-05-04,Vistara,,2024,5,May
2024-05-05,Vistara,,2024,5,May
2024-05-06,Vistara,,2024,5,May
2024-05-07,Vistara,,2024,5,May
2024-05-08,Vistara,,2024,5,May
2024-05-09,Vistara,,2024,5,May
2024-05-10,Vistara,,2024,5,May
2024-05-11,Vistara,,2024,5,May
2024-05-12,Vistara,,2024,5,May
2024-05-13,Vistara,,2024,5,May
2024-05-14,Vistara,,2024,5,May
2024-05-15,Vistara,,2024,5,May
2024-05-16,Vistara,,2024,5,May
2024-05-17,Vistara,,2024,5,May
2024-05-18,Vistara,,2024,5,May
2024-05-19,Vistara,,2024,5,May
2024-05-20,Vistara,,2024,5,May
2024-05-22,Vistara,,2024,5,May
2024-05-23,Vistara,,2024,5,May
2024-05-24,Vistara,,2024,5,May
2024-05-25,Vistara,,2024,5,May
2024-05-26,Vistara,,2024,5,May
2024-05-27,Vistara,,2024,5,May
2024-05-28,Vistara,,2024,5,May
2024-05-29,Vistara,,2024,5,May
2024-05-30,Vistara,,2024,5,May
2024-05-31,Vistara,,2024,5,May
2024-06-01,Vistara,,2024,6,Jun
2024-06-02,Vistara,,2024,6,Jun
2024-06-04,Vistara,,2024,6,Jun
2024-06-05,Vistara,,2024,6,Jun
2024-06-06,Vistara,,2024,6,Jun
2024-06-07,Vistara,,2024,6,Jun
2024-06-08,Vistara,,2024,6,Jun
2024-06-09,Vistara,,2024,6,Jun
2024-06-10,Vistara,,2024,6,Jun
2024-06-11,Vistara,,2024,6,Jun
2024-06-12,Vistara,,2024,6,Jun
2024-06-13,Vistara,,2024,6,Jun
2024-06-14,Vistara,,2024,6,Jun
2024-06-15,Vistara,,2024,6,Jun
2024-06-16,Vistara,,2024,6,Jun
2024-06-17,Vistara,,2024,6,Jun
2024-06-18,Vistara,,2024,6,Jun
2024-06-19,Vistara,,2024,6,Jun
2024-06-20,Vistara,,2024,6,Jun
2024-06-21,Vistara,,2024,6,Jun
2024-06-22,Vistara,,2024,6,Jun
2024-06-23,Vistara,,2024,6,Jun
2024-06-24,Vistara,,2024,6,Jun
2024-06-25,Vistara,,2024,6,Jun
2024-06-26,Vistara,,2024,6,Jun
2024-06-29,Vistara,,2024,6,Jun
2024-07-01,Vistara,,2024,7,Jul
2024-07-02,Vistara,,2024,7,Jul
2024-07-03,Vistara,,2024,7,Jul
2024-07-04,Vistara,,2024,7,Jul
2024-07-05,Vistara,,2024,7,Jul
2024-07-06,Vistara,,2024,7,Jul
2024-07-07,Vistara,,2024,7,Jul
2024-07-08,Vistara,,2024,7,Jul
2024-07-09,Vistara,,2024,7,Jul
2024-07-10,Vistara,,2024,7,Jul
2024-07-11,Vistara,,2024,7,Jul
2024-07-12,Vistara,,2024,7,Jul
2024-07-13,Vistara,,2024,7,Jul
2024-07-14,Vistara,,2024,7,Jul
2024-07-15,Vistara,,2024,7,Jul
2024-07-16,Vistara,,2024,7,Jul
2024-07-17,Vistara,,2024,7,Jul
2024-07-18,Vistara,,2024,7,Jul
2024-07-19,Vistara,,2024,7,Jul
2024-07-20,Vistara,,2024,7,Jul
2024-07-21,Vistara,,2024,7,Jul
2024-07-22,Vistara,,2024,7,Jul
2024-07-23,Vistara,,2024,7,Jul
2024-07-24,Vistara,,2024,7,Jul
2024-07-25,Vistara,,2024,7,Jul
2024-07-26,Vistara,,2024,7,Jul
2024-07-27,Vistara,,2024,7,Jul
2024-07-28,Vistara,,2024,7,Jul
2024-07-30,Vistara,,2024,7,Jul
2024-07-31,Vistara,,2024,7,Jul
2024-08-01,Vistara,,2024,8,Aug
2024-08-03,Vistara,,2024,8,Aug
2024-08-04,Vistara,,2024,8,Aug
2024-08-05,Vistara,,2024,8,Aug
2024-08-06,Vistara,,2024,8,Aug
2024-08-07,Vistara,,2024,8,Aug
2024-08-08,Vistara,,2024,8,Aug
2024-08-09,Vistara,,2024,8,Aug
2024-08-10,Vistara,,2024,8,Aug
2024-08-11,Vistara,,2024,8,Aug
2024-08-12,Vistara,,2024,8,Aug
2024-08-13,Vistara,,2024,8,Aug
2024-08-14,Vistara,,2024,8,Aug
2024-08-15,Vistara,,2024,8,Aug
2024-08-16,Vistara,,2024,8,Aug
2024-08-17,Vistara,,2024,8,Aug
2024-08-18,Vistara,,2024,8,Aug
2024-08-19,Vistara,,2024,8,Aug
2024-08-29,Vistara,,2024,8,Aug
2024-08-30,Vistara,,2024,8,Aug
2024-08-31,Vistara,,2024,8,Aug
2024-09-01,Vistara,,2024,9,Sep
2024-09-02,Vistara,,2024,9,Sep
2024-09-03,Vistara,,2024,9,Sep
2024-09-04,Vistara,,2024,9,Sep
2024-09-05,Vistara,,2024,9,Sep
2024-09-06,Vistara,,2024,9,Sep
2024-09-07,Vistara,,2024,9,Sep
2024-09-08,Vistara,,2024,9,Sep
2024-09-09,Vistara,,2024,9,Sep
2024-09-10,Vistara,,2024,9,Sep
2024-09-12,Vistara,,2024,9,Sep
2024-09-11,Vistara,,2024,9,Sep
2024-09-13,Vistara,,2024,9,Sep
2024-09-14,Vistara,,2024,9,Sep
2024-09-15,Vistara,,2024,9,Sep
2024-09-16,Vistara,,2024,9,Sep
2024-09-17,Vistara,,2024,9,Sep
2024-09-18,Vistara,,2024,9,Sep
2024-09-19,Vistara,,2024,9,Sep
2024-09-20,Vistara,,2024,9,Sep
2024-09-21,Vistara,,2024,9,Sep
2024-09-22,Vistara,,2024,9,Sep
2024-09-23,Vistara,,2024,9,Sep
2024-09-24,Vistara,,2024,9,Sep
2024-09-25,Vistara,,2024,9,Sep
2024-09-26,Vistara,,2024,9,Sep
2024-09-27,Vistara,,2024,9,Sep
2024-09-28,Vistara,,2024,9,Sep
2024-09-29,Vistara,,2024,9,Sep
2024-09-30,Vistara,,2024,9,Sep
2024-10-01,Vistara,,2024,10,Oct
2024-10-02,Vistara,,2024,10,Oct
2024-10-03,Vistara,,2024,10,Oct
2024-10-04,Vistara,,2024,10,Oct
2024-10-05,Vistara,,2024,10,Oct
2024-10-06,Vistara,,2024,10,Oct
2024-10-07,Vistara,,2024,10,Oct
2024-10-08,Vistara,,2024,10,Oct
2024-10-09,Vistara,,2024,10,Oct
2024-10-10,Vistara,,2024,10,Oct
2024-10-11,Vistara,,2024,10,Oct
2024-10-12,Vistara,,2024,10,Oct
2024-10-13,Vistara,,2024,10,Oct
2024-10-14,Vistara,,2024,10,Oct
2024-10-15,Vistara,,2024,10,Oct
2024-10-16,Vistara,,2024,10,Oct
2024-10-17,Vistara,,2024,10,Oct
2024-10-18,Vistara,,2024,10,Oct
2024-10-19,Vistara,,2024,10,Oct
2024-10-20,Vistara,,2024,10,Oct
2024-10-21,Vistara,,2024,10,Oct
2024-10-22,Vistara,,2024,10,Oct
2024-10-23,Vistara,,2024,10,Oct
2024-10-24,Vistara,,2024,10,Oct
2024-10-25,Vistara,,2024,10,Oct
2024-10-26,Vistara,,2024,10,Oct
2024-10-27,Vistara,,2024,10,Oct
2024-10-28,Vistara,,2024,10,Oct
2024-10-29,Vistara,,2024,10,Oct
2024-10-30,Vistara,,2024,10,Oct
2024-10-31,Vistara,,2024,10,Oct
2024-11-01,Vistara,,2024,11,Nov
2024-11-02,Vistara,,2024,11,Nov
2024-11-03,Vistara,,2024,11,Nov
2024-11-04,Vistara,,2024,11,Nov
2024-11-05,Vistara,,2024,11,Nov
2024-11-06,Vistara,,2024,11,Nov
2024-11-07,Vistara,,2024,11,Nov
2024-11-08,Vistara,,2024,11,Nov
2024-11-09,Vistara,,2024,11,Nov
2024-11-10,Vistara,,2024,11,Nov
2024-11-11,Vistara,,2024,11,Nov
2024-11-12,Vistara,,2024,11,Nov
2024-11-13,Vistara,,2024,11,Nov
2024-11-14,Vistara,,2024,11,Nov
2024-11-15,Vistara,,2024,11,Nov
2024-11-16,Vistara,,2024,11,Nov
2024-11-17,Vistara,,2024,11,Nov
2024-11-18,Vistara,,2024,11,Nov
2024-11-19,Vistara,,2024,11,Nov
2024-11-20,Vistara,,2024,11,Nov
