Year,Month,Airline,Flights,Passengers,PLF,PaxKm,MarketShare,FlightHours,Date,MonthName,AirlineCode,Quarter,IsPeak,PLF_Predicted,PLF_Residual
2015,1,Air Costa,1032,65179.0,76.492,51209.0,0.524255345708995,1150.0,2015-01-01,Jan 2015,2,1,1,76.44531000000009,0.04668999999991286
2015,1,Air India,8840,1104361.0,82.634,1074907.0,8.882725384595215,15537.0,2015-01-01,Jan 2015,5,1,1,81.85340999999998,0.7805900000000179
2015,1,Air India Express,71,14633.0,84.234,9403.0,0.1176978547348029,122.0,2015-01-01,Jan 2015,6,1,1,79.94516000000009,4.288839999999908
2015,1,AirAsia India,598,81434.0,76.271,68778.0,0.6549994602934427,784.4,2015-01-01,Jan 2015,10,1,1,76.37395999999997,-0.10295999999996752
2015,1,Alliance Air,581,19612.0,67.261,12072.0,0.1577455290821401,895.0,2015-01-01,Jan 2015,12,1,1,68.64623000000012,-1.3852300000001208
2015,1,Go First,3947,552971.0,79.214,533961.0,4.4477209342280295,7459.0,2015-01-01,Jan 2015,16,1,1,81.58004000000001,-2.3660400000000124
2015,1,IndiGo,16280,2276404.0,85.162,2378975.0,18.30983853684989,28759.21,2015-01-01,Jan 2015,17,1,1,86.05799000000003,-0.895990000000026
2015,1,Jet Airways,11179,1221962.0,86.96,1024836.0,9.828627483595254,17606.0,2015-01-01,Jan 2015,19,1,1,86.82214999999997,0.13785000000002867
2015,1,JetLite,2152,277588.0,87.367,216745.0,2.232728223886045,3172.0,2015-01-01,Jan 2015,20,1,1,85.49693000000006,1.8700699999999415
2015,1,SpiceJet,5667,587198.0,80.033,533684.627,4.723019538342572,7301.0,2015-01-01,Jan 2015,23,1,1,81.18436000000011,-1.1513600000001105
2015,1,Total Domestic,50563,6216341.0,83.611,5918413.627,50.0,83076.77,2015-01-01,Jan 2015,25,1,1,79.69434999999996,3.916650000000047
2015,1,Vistara,216,14999.0,45.417,13843.0,0.120641708683613,291.16,2015-01-01,Jan 2015,27,1,1,51.547000000000004,-6.130000000000003
2015,2,Air Costa,950,61717.0,77.885,47820.0,0.5152792052358652,1310.0,2015-02-01,Feb 2015,2,1,0,77.87430000000012,0.010699999999886245
2015,2,Air India,7974,1010005.0,83.58,972342.0,8.432596751045095,14006.0,2015-02-01,Feb 2015,5,1,0,80.58781999999998,2.992180000000019
2015,2,Air India Express,63,12083.0,69.235,7728.0,0.1008817446872816,120.0,2015-02-01,Feb 2015,6,1,0,71.33127999999996,-2.0962799999999646
2015,2,AirAsia India,526,72278.0,77.852,64777.0,0.6034536739640272,725.5,2015-02-01,Feb 2015,10,1,0,77.14527999999994,0.7067200000000611
2015,2,Alliance Air,669,22047.0,65.559,12788.0,0.1840718219912685,1003.0,2015-02-01,Feb 2015,12,1,0,66.6868000000001,-1.1278000000001072
2015,2,Go First,3545,534795.0,85.897,518968.0,4.465037875530479,6721.32,2015-02-01,Feb 2015,16,1,0,82.80216,3.094840000000005
2015,2,IndiGo,15285,2230645.0,88.032,2311979.0,18.6237986740016,27131.57,2015-02-01,Feb 2015,17,1,0,87.26177000000001,0.7702299999999838
2015,2,Jet Airways,10598,1186492.0,89.509,994733.0,9.906098073119436,16845.0,2015-02-01,Feb 2015,19,1,0,88.23278,1.276219999999995
2015,2,JetLite,2057,272590.0,89.673,209149.0,2.2758714544654555,3033.0,2015-02-01,Feb 2015,20,1,0,86.37267999999996,3.300320000000042
2015,2,SpiceJet,4860,552726.0,85.573,490208.771,4.614744948607334,6273.0,2015-02-01,Feb 2015,23,1,0,83.52307000000012,2.0499299999998755
2015,2,Total Domestic,46913,5988695.0,86.565,5662817.771,50.0,77742.71,2015-02-01,Feb 2015,25,1,0,79.93563999999988,6.629360000000119
2015,2,Vistara,386,33317.0,58.578,32325.0,0.278165777352161,574.32,2015-02-01,Feb 2015,27,1,0,54.15750999999996,4.4204900000000436
2015,3,Air Costa,1046,61790.0,69.232,46619.0,0.4942523072040053,1432.0,2015-03-01,Mar 2015,2,1,1,72.22632000000002,-2.994320000000016
2015,3,Air India,8804,996246.0,74.128,956765.0,7.968876582663238,15531.0,2015-03-01,Mar 2015,5,1,1,77.88344999999993,-3.755449999999925
2015,3,Air India Express,58,8430.0,56.292,4697.0,0.067430764682469,92.0,2015-03-01,Mar 2015,6,1,1,59.56551000000003,-3.27351000000003
2015,3,AirAsia India,546,68790.0,71.675,62519.0,0.5502446384943118,750.5,2015-03-01,Mar 2015,10,1,1,73.77571000000007,-2.1007100000000776
2015,3,Alliance Air,774,25651.0,64.654,16810.0,0.205179898561093,1218.0,2015-03-01,Mar 2015,12,1,1,65.19052000000006,-0.5365200000000669
2015,3,Go First,3907,550969.0,80.018,532427.0,4.407148396955553,7456.48,2015-03-01,Mar 2015,16,1,1,84.41578000000003,-4.397780000000026
2015,3,IndiGo,17661,2286128.0,77.006,2332457.0,18.286519478292256,31408.29,2015-03-01,Mar 2015,17,1,1,85.11684000000001,-8.11084000000001
2015,3,Jet Airways,11926,1296682.0,86.576,1089823.0,10.372035446025311,19015.0,2015-03-01,Mar 2015,19,1,1,85.02621,1.5497899999999873
2015,3,JetLite,2279,294766.0,87.763,226377.0,2.357805075016925,3346.0,2015-03-01,Mar 2015,20,1,1,69.81359999999998,17.949400000000026
2015,3,SpiceJet,5551,608801.0,83.376,539460.694,4.869741040267125,7153.0,2015-03-01,Mar 2015,23,1,1,83.1315100000001,0.2444899999998995
2015,3,Total Domestic,53254,6250856.0,78.781,5866034.694,50.0,88517.43,2015-03-01,Mar 2015,25,1,1,79.47664999999998,-0.6956499999999721
2015,3,Vistara,702,52603.0,53.63,58080.0,0.4207663718377131,1115.16,2015-03-01,Mar 2015,27,1,1,52.37438000000004,1.2556199999999649
2015,4,Air Costa,980,66134.0,76.859,51417.0,0.5057293923340251,1382.0,2015-04-01,Apr 2015,2,2,0,77.16884000000012,-0.309840000000122
2015,4,Air India,8384,999526.0,78.72,970285.0,7.643416043216181,14863.0,2015-04-01,Apr 2015,5,2,0,78.15985000000002,0.5601499999999788
2015,4,Air India Express,55,13226.0,74.543,7467.0,0.1011397608342126,108.0,2015-04-01,Apr 2015,6,2,0,71.53921999999994,3.003780000000063
2015,4,AirAsia India,536,72313.0,74.412,65906.0,0.5529804570697427,749.5,2015-04-01,Apr 2015,10,2,0,75.02597000000007,-0.6139700000000659
2015,4,Alliance Air,900,33047.0,69.259,20020.0,0.252711755352202,1392.0,2015-04-01,Apr 2015,12,2,0,68.59842,0.660579999999996
2015,4,Go First,3808,574464.0,85.541,550878.0,4.392949611966212,7210.04,2015-04-01,Apr 2015,16,2,0,84.95348000000006,0.587519999999941
2015,4,IndiGo,17508,2481285.0,85.694,2541928.0,18.974487483859008,30796.04,2015-04-01,Apr 2015,17,2,0,85.20301000000012,0.4909899999998828
2015,4,Jet Airways,12286,1283278.0,81.962,1089818.0,9.813279147422252,19775.0,2015-04-01,Apr 2015,19,2,0,82.01598000000006,-0.05398000000005254
2015,4,JetLite,1972,229057.0,81.883,203694.0,1.7516082109029365,3085.0,2015-04-01,Apr 2015,20,2,0,78.19683000000005,3.6861699999999473
2015,4,SpiceJet,6013,706732.0,88.725,618597.851,5.404408396634262,7728.0,2015-04-01,Apr 2015,23,2,0,86.88834000000011,1.8366599999998812
2015,4,Total Domestic,53256,6538477.0,83.416,6203034.851,50.0,88373.59,2015-04-01,Apr 2015,25,2,0,81.33049000000008,2.085509999999914
2015,4,Vistara,814,79415.0,67.307,83024.0,0.6072897404089668,1285.01,2015-04-01,Apr 2015,27,2,0,61.992129999999904,5.314870000000099
2015,5,Air Costa,801,61345.0,81.206,51616.0,0.4321810712229051,1221.0,2015-05-01,May 2015,2,2,1,80.73458000000007,0.471419999999938
2015,5,Air India,8600,1043708.0,80.575,1024659.0,7.353017222005312,15390.0,2015-05-01,May 2015,5,2,1,78.27930999999994,2.2956900000000644
2015,5,Air India Express,66,18674.0,93.827,10396.0,0.1315600183228711,117.85,2015-05-01,May 2015,6,2,1,89.31118000000009,4.515819999999906
2015,5,Air Pegasus,124,6348.0,77.953,2871.0,0.0447222339249001,151.0,2015-05-01,May 2015,8,2,1,56.938799999999986,21.014200000000017
2015,5,AirAsia India,646,93778.0,81.356,96130.0,0.6606744885017785,997.1,2015-05-01,May 2015,10,2,1,78.70241999999992,2.653580000000076
2015,5,Alliance Air,1029,38835.0,72.06,22802.0,0.2735960860859323,1561.0,2015-05-01,May 2015,12,2,1,70.65846000000009,1.4015399999999119
2015,5,Go First,3892,612994.0,89.366,596484.0,4.318598151001932,7420.5,2015-05-01,May 2015,16,2,1,87.12792999999999,2.2380700000000076
2015,5,IndiGo,18477,2769283.0,91.866,2841729.0,19.509849106844573,32107.18,2015-05-01,May 2015,17,2,1,89.45064000000002,2.4153599999999784
2015,5,Jet Airways,12800,1296787.0,81.169,1121388.0,9.135981657966214,20666.0,2015-05-01,May 2015,19,2,1,81.50313999999992,-0.3341399999999197
2015,5,JetLite,2012,225116.0,79.392,206667.0,1.5859625728162932,3220.0,2015-05-01,May 2015,20,2,1,79.81130999999996,-0.41930999999996743
2015,5,SpiceJet,6836,837236.0,93.093,737036.775,5.898403314799579,8711.0,2015-05-01,May 2015,23,2,1,91.61891,1.474090000000004
2015,5,Total Domestic,56190,7097141.0,86.954,6807929.775,50.0,91562.63,2015-05-01,May 2015,25,2,1,80.54758000000002,6.406419999999969
2015,5,Vistara,907,93037.0,71.12,96151.0,0.6554540765077093,0.0,2015-05-01,May 2015,27,2,1,62.48229999999994,8.637700000000066
2015,6,Air Costa,946,65903.0,79.171,53277.41,0.5016332404351878,1359.0,2015-06-01,Jun 2015,2,2,0,79.15541000000009,0.015589999999917836
2015,6,Air India,8390,934155.0,73.691,913497.0,7.110498759066094,15099.0,2015-06-01,Jun 2015,5,2,0,75.63124999999994,-1.940249999999935
2015,6,Air India Express,68,15851.0,85.129,9663.0,0.1206529064555204,121.35,2015-06-01,Jun 2015,6,2,0,82.87129999999998,2.2577000000000282
2015,6,Air Pegasus,196,9353.0,73.134,4210.4,0.0711921414471315,243.05,2015-06-01,Jun 2015,8,2,0,68.60698000000001,4.527019999999993
2015,6,AirAsia India,846,125721.0,83.998,144151.0,0.956949344047346,1413.3,2015-06-01,Jun 2015,10,2,0,66.98231999999999,17.015680000000017
2015,6,Alliance Air,938,31659.0,65.277,18470.0,0.2409785102186184,1410.0,2015-06-01,Jun 2015,12,2,0,65.25537000000003,0.021629999999973393
2015,6,Go First,3827,572147.0,83.581,545826.0,4.355005896776647,7347.13,2015-06-01,Jun 2015,16,2,0,85.40482000000002,-1.823820000000012
2015,6,IndiGo,17808,2536554.0,86.646,2603141.0,19.30746403894872,31337.16,2015-06-01,Jun 2015,17,2,0,85.65960999999999,0.9863900000000143
2015,6,Jet Airways,12410,1206583.0,77.684,1044457.0,9.184136384443958,20247.0,2015-06-01,Jun 2015,19,2,0,80.02443999999993,-2.34043999999993
2015,6,JetLite,1724,186556.0,78.099,172598.0,1.4200065369198198,2813.0,2015-06-01,Jun 2015,20,2,0,78.99378000000006,-0.8947800000000541
2015,6,SpiceJet,6575,800048.0,93.24,684397.023,6.08971777830586,8483.0,2015-06-01,Jun 2015,23,2,0,89.58340000000003,3.656599999999969
2015,6,Total Domestic,54710,6568843.0,82.344,6280207.833,50.0,91413.55,2015-06-01,Jun 2015,25,2,0,81.01920000000003,1.3247999999999678
2015,6,Vistara,982,84313.0,59.266,86520.0,0.6417644629351014,1540.56,2015-06-01,Jun 2015,27,2,0,63.800939999999926,-4.534939999999928
2015,7,Air Costa,938,68327.0,81.673,55519.0,0.5062915395139626,1356.0,2015-07-01,Jul 2015,2,3,0,80.12925999999992,1.543740000000085
2015,7,Air India,8755,1032276.0,78.204,1010073.0,7.648990958820308,15809.0,2015-07-01,Jul 2015,5,3,0,78.93302999999995,-0.7290299999999519
2015,7,Air India Express,11,13999.0,78.159,8506.0,0.1037302276063044,116.0,2015-07-01,Jul 2015,6,3,0,49.632079999999995,28.52692000000001
2015,7,Air Pegasus,234,10749.0,71.515,4775.705,0.0796482760583017,272.0,2015-07-01,Jul 2015,8,3,0,71.37552000000007,0.139479999999935
2015,7,AirAsia India,989,142636.0,80.228,155029.0,1.056908689538741,1589.4,2015-07-01,Jul 2015,10,3,0,78.68855999999998,1.5394400000000132
2015,7,Alliance Air,946,30552.0,60.736,17401.0,0.2263851642137161,1353.0,2015-07-01,Jul 2015,12,3,0,62.342149999999975,-1.6061499999999782
2015,7,Go First,3909,566402.0,81.2,528659.0,4.19694323713594,7447.0,2015-07-01,Jul 2015,16,3,0,81.45120999999993,-0.2512099999999293
2015,7,IndiGo,18471,2416916.0,78.439,2470014.0,17.90893969464382,32872.0,2015-07-01,Jul 2015,17,3,0,79.3078700000001,-0.8688700000001006
2015,7,Jet Airways,12878,1329409.0,81.018,1128803.0,9.850696346301133,20947.0,2015-07-01,Jul 2015,19,3,0,80.97290999999997,0.04509000000003027
2015,7,JetLite,1800,201874.0,80.06,187992.0,1.495852272861997,2947.0,2015-07-01,Jul 2015,20,3,0,79.91868000000011,0.14131999999989375
2015,7,SpiceJet,6940,831436.0,93.352,707098.0,6.160800451466198,8978.0,2015-07-01,Jul 2015,23,3,0,91.73695999999998,1.6150400000000218
2015,7,Total Domestic,57078,6747792.0,80.189,6372872.705,50.0,95562.85,2015-07-01,Jul 2015,25,3,0,79.83381000000007,0.3551899999999222
2015,7,TruJet,144,8345.0,80.738,3391.0,0.0618350417440253,190.0,2015-07-01,Jul 2015,26,3,0,66.91280000000003,13.825199999999967
2015,7,Vistara,1063,94871.0,60.315,95612.0,0.7029781000955572,1686.45,2015-07-01,Jul 2015,27,3,0,62.63227999999993,-2.3172799999999327
2015,8,Air Costa,883,62026.0,77.325,51422.0,0.4604500393222819,1282.5,2015-08-01,Aug 2015,2,3,0,77.99541999999991,-0.6704199999999076
2015,8,Air India,8753,1058866.0,79.652,1029339.0,7.860492234498877,15650.0,2015-08-01,Aug 2015,5,3,0,80.14648,-0.4944799999999958
2015,8,Air India Express,64,17014.0,89.827,9519.0,0.1263034367689244,113.18,2015-08-01,Aug 2015,6,3,0,87.07437000000009,2.752629999999911
2015,8,Air Pegasus,292,14480.0,77.078,6305.01,0.1074922866118505,335.43,2015-08-01,Aug 2015,8,3,0,77.5565000000001,-0.4785000000000963
2015,8,AirAsia India,1026,134408.0,72.12,144349.0,0.9977778493733156,1631.3,2015-08-01,Aug 2015,10,3,0,70.83906999999994,1.280930000000069
2015,8,Alliance Air,854,29539.0,62.238,17581.0,0.2192827799880838,1287.0,2015-08-01,Aug 2015,12,3,0,62.92648000000002,-0.6884800000000197
2015,8,Go First,4072,549462.0,75.586,505306.0,4.078931407895071,7506.22,2015-08-01,Aug 2015,16,3,0,78.63584000000006,-3.04984000000006
2015,8,IndiGo,18510,2384943.0,76.84,2431071.0,17.70462544951151,32595.43,2015-08-01,Aug 2015,17,3,0,78.27961000000009,-1.439610000000087
2015,8,Jet Airways,12938,1333154.0,80.797,1133189.0,9.89666932774413,20705.0,2015-08-01,Aug 2015,19,3,0,80.93262999999988,-0.13562999999987824
2015,8,JetLite,1830,204803.0,78.744,189635.0,1.520355164017046,2960.0,2015-08-01,Aug 2015,20,3,0,79.16398999999991,-0.41998999999991327
2015,8,SpiceJet,6960,829670.0,92.123,709557.871,6.159055623843512,8976.0,2015-08-01,Aug 2015,23,3,0,91.4612899999999,0.6617100000000988
2015,8,Total Domestic,57561,6735367.0,78.989,6335025.881,50.0,95132.48,2015-08-01,Aug 2015,25,3,0,79.76329000000005,-0.7742900000000503
2015,8,TruJet,300,17932.0,83.736,7723.0,0.1331182101881011,418.04,2015-08-01,Aug 2015,26,3,0,75.83729999999997,7.898700000000034
2015,8,Vistara,1079,99070.0,62.903,100029.0,0.7354461902372952,1672.38,2015-08-01,Aug 2015,27,3,0,63.261939999999996,-0.35893999999999693
2015,9,Air Costa,839,59341.0,78.929,50220.0,0.4470251033436221,1230.0,2015-09-01,Sep 2015,2,3,0,79.02755000000002,-0.09855000000001723
2015,9,Air India,8364,990986.0,77.21,949092.0,7.465253687367633,14905.0,2015-09-01,Sep 2015,5,3,0,77.79695000000002,-0.5869500000000301
2015,9,Air India Express,66,15460.0,82.557,9054.0,0.1164626160275761,117.35,2015-09-01,Sep 2015,6,3,0,81.50694999999992,1.050050000000084
2015,9,Air Pegasus,318,15271.0,73.23,6401.0,0.1150388492469026,365.24,2015-09-01,Sep 2015,8,3,0,73.71710999999993,-0.4871099999999302
2015,9,AirAsia India,1017,124861.0,67.686,133601.0,0.940597587310426,1599.8,2015-09-01,Sep 2015,10,3,0,67.91818999999992,-0.23218999999991752
2015,9,Alliance Air,898,29211.0,62.329,16390.0,0.2200510657685334,1173.0,2015-09-01,Sep 2015,12,3,0,63.256349999999976,-0.9273499999999757
2015,9,Go First,4085,579120.0,79.828,535519.0,4.362602211765196,7316.59,2015-09-01,Sep 2015,16,3,0,80.7303200000001,-0.9023200000001026
2015,9,IndiGo,18402,2430449.0,79.415,2489033.0,18.308955282122024,32127.4,2015-09-01,Sep 2015,17,3,0,79.53284000000006,-0.1178400000000579
2015,9,Jet Airways,12646,1272577.0,77.879,1072992.0,9.586523060577283,20154.0,2015-09-01,Sep 2015,19,3,0,78.73399999999994,-0.8549999999999329
2015,9,JetLite,1700,184198.0,74.936,163819.0,1.3875925580237696,2715.0,2015-09-01,Sep 2015,20,3,0,77.97219999999997,-3.0361999999999654
2015,9,SpiceJet,6767,818950.0,93.015,702162.801,6.169279391706566,8593.0,2015-09-01,Sep 2015,23,3,0,90.55663000000006,2.4583699999999453
2015,9,Total Domestic,56510,6637323.0,79.321,6232045.801,50.0,92384.81,2015-09-01,Sep 2015,25,3,0,79.70204999999999,-0.3810499999999877
2015,9,TruJet,340,19321.0,78.953,6287.0,0.1455481374041914,466.29,2015-09-01,Sep 2015,26,3,0,72.87461000000013,6.078389999999871
2015,9,Vistara,1068,97578.0,62.385,97475.0,0.7350704493362761,1622.14,2015-09-01,Sep 2015,27,3,0,62.68311999999998,-0.29811999999998307
2015,10,Air Costa,773,57942.0,78.431,50267.0,0.4133701287110531,972.11,2015-10-01,Oct 2015,2,4,1,79.44126999999989,-1.0102699999998919
2015,10,Air India,8812,1015358.0,74.735,980553.0,7.243772516443987,15867.0,2015-10-01,Oct 2015,5,4,1,76.15543999999991,-1.420439999999914
2015,10,Air India Express,43,11644.0,77.741,4750.0,0.0830706875618981,68.0,2015-10-01,Oct 2015,6,4,1,70.22070999999997,7.520290000000031
2015,10,Air Pegasus,383,19484.0,77.288,8089.0,0.1390028578199951,428.14,2015-10-01,Oct 2015,8,4,1,78.03757999999985,-0.7495799999998525
2015,10,AirAsia India,1048,150139.0,80.601,163238.0,1.071122463058728,1600.0,2015-10-01,Oct 2015,10,4,1,79.79990999999993,0.8010900000000731
2015,10,Alliance Air,851,36433.0,68.224,19744.0,0.2599205049761796,1374.0,2015-10-01,Oct 2015,12,4,1,68.80271000000005,-0.5787100000000436
2015,10,Go First,4132,594406.0,81.228,563459.0,4.240614489086021,7482.47,2015-10-01,Oct 2015,16,4,1,81.75212000000005,-0.5241200000000532
2015,10,IndiGo,19105,2589861.0,82.441,2691402.0,18.476600305714967,33699.34,2015-10-01,Oct 2015,17,4,1,81.37289000000008,1.068109999999919
2015,10,Jet Airways,13264,1316959.0,77.072,1133496.0,9.395455996292496,21424.0,2015-10-01,Oct 2015,19,4,1,80.19088,-3.1188800000000043
2015,10,JetLite,1641,171551.0,75.86,147201.0,1.2238800688707652,2509.0,2015-10-01,Oct 2015,20,4,1,77.08704999999992,-1.2270499999999203
2015,10,SpiceJet,7414,899332.0,92.083,781628.0,6.416019201856492,9408.0,2015-10-01,Oct 2015,23,4,1,90.00508999999991,2.077910000000088
2015,10,Total Domestic,59137,7008489.0,80.509,6678597.0,50.0,97315.67,2015-10-01,Oct 2015,25,4,1,79.99125,0.5177500000000066
2015,10,TruJet,421,22565.0,75.8,9591.0,0.1609833446267804,562.36,2015-10-01,Oct 2015,26,4,1,70.63465000000011,5.16534999999989
2015,10,Vistara,1250,122815.0,67.027,125179.0,0.8761874349806357,1921.25,2015-10-01,Oct 2015,27,4,1,67.88265,-0.8556499999999971
2015,11,Air Costa,628,45620.0,78.01,39962.0,0.3129138202963778,813.0,2015-11-01,Nov 2015,2,4,1,76.6116300000001,1.3983699999999004
2015,11,Air India,8732,1119595.0,81.964,1071721.0,7.679455252843558,15816.0,2015-11-01,Nov 2015,5,4,1,81.19745999999996,0.7665400000000346
2015,11,Air India Express,36,9807.0,80.968,4033.0,0.067267554485896,56.0,2015-11-01,Nov 2015,6,4,1,62.345539999999936,18.622460000000068
2015,11,Air Pegasus,440,22296.0,78.08,9081.074,0.1529313138388434,480.0,2015-11-01,Nov 2015,8,4,1,77.55579999999995,0.5242000000000502
2015,11,AirAsia India,1098,161812.0,82.983,181137.0,1.1098906420385244,1446.0,2015-11-01,Nov 2015,10,4,1,83.01513000000006,-0.03213000000005195
2015,11,Alliance Air,934,34705.0,70.686,20142.0,0.2380463422487021,1299.0,2015-11-01,Nov 2015,12,4,1,67.08336,3.602640000000008
2015,11,Go First,4088,602623.0,83.455,568787.0,4.133473588962387,7373.0,2015-11-01,Nov 2015,16,4,1,82.70236999999997,0.7526300000000248
2015,11,IndiGo,18710,2597765.0,83.925,2683285.0,17.818425479662864,33250.0,2015-11-01,Nov 2015,17,4,1,83.61409000000009,0.3109099999999074
2015,11,Jet Airways,12995,1355202.0,80.595,1187543.0,9.29551589419754,21140.0,2015-11-01,Nov 2015,19,4,1,81.11563000000005,-0.5206300000000539
2015,11,JetLite,1789,200683.0,79.159,167900.0,1.376512148148575,2768.0,2015-11-01,Nov 2015,20,4,1,79.46122999999992,-0.3022299999999092
2015,11,SpiceJet,7885,977293.0,90.724,872118.867,6.7033863695508105,10299.0,2015-11-01,Nov 2015,23,4,1,88.72741000000008,1.9965899999999266
2015,11,Total Domestic,59057,7289547.0,83.261,6954948.941,50.0,97334.73,2015-11-01,Nov 2015,25,4,1,79.47017000000002,3.7908299999999713
2015,11,TruJet,454,25789.0,79.658,10722.0,0.1768902786414574,614.87,2015-11-01,Nov 2015,26,4,1,77.86582000000007,1.7921799999999308
2015,11,Vistara,1268,136357.0,72.169,138517.0,0.9352913150844628,1979.86,2015-11-01,Nov 2015,27,4,1,70.37855999999995,1.7904400000000464
2015,12,Air Costa,691,55444.0,87.056,45720.0,0.3612047210689637,833.1,2015-12-01,Dec 2015,2,4,1,83.94657999999993,3.109420000000071
2015,12,Air India,8857,1217671.0,86.947,1158949.0,7.93284239789276,16222.0,2015-12-01,Dec 2015,5,4,1,84.46754000000006,2.4794599999999463
2015,12,Air India Express,56,10568.0,62.255,5532.0,0.0688480537525577,97.0,2015-12-01,Dec 2015,6,4,1,62.05595000000004,0.1990499999999642
2015,12,Air Pegasus,384,20554.0,82.615,8516.0,0.1339045133260854,424.02,2015-12-01,Dec 2015,8,4,1,80.98252999999988,1.6324700000001116
2015,12,AirAsia India,1230,181483.0,82.728,206958.0,1.1823193924276525,1726.0,2015-12-01,Dec 2015,10,4,1,82.90455000000003,-0.1765500000000344
2015,12,Alliance Air,827,33139.0,72.196,17631.0,0.2158928513726352,1166.0,2015-12-01,Dec 2015,12,4,1,70.59239999999996,1.6036000000000428
2015,12,Go First,4200,639264.0,86.502,603414.0,4.164655775366677,7560.3,2015-12-01,Dec 2015,16,4,1,83.91119000000013,2.5908099999998626
2015,12,IndiGo,18677,2743325.0,88.493,2835728.0,17.872122166988582,33391.32,2015-12-01,Dec 2015,17,4,1,86.81310000000013,1.6798999999998614
2015,12,Jet Airways,12595,1393452.0,83.707,1226114.0,9.078014590992527,20707.0,2015-12-01,Dec 2015,19,4,1,83.2075200000001,0.4994799999998918
2015,12,JetLite,1807,217169.0,83.0,175735.0,1.4148053544085164,2739.0,2015-12-01,Dec 2015,20,4,1,82.19663999999997,0.8033600000000263
2015,12,SpiceJet,7653,976517.0,92.13,869627.138,6.361780365848446,9933.0,2015-12-01,Dec 2015,23,4,1,90.57144999999998,1.558550000000011
2015,12,Total Domestic,58821,7674872.0,86.973,7331974.138,50.0,97684.9,2015-12-01,Dec 2015,25,4,1,84.38355,2.5894499999999994
2015,12,TruJet,470,27938.0,82.729,12636.0,0.1820095501266991,652.19,2015-12-01,Dec 2015,26,4,1,81.01599000000006,1.7130099999999402
2015,12,Vistara,1374,158348.0,77.59,165414.0,1.031600266427896,2233.97,2015-12-01,Dec 2015,27,4,1,74.83978000000005,2.750219999999956
2016,1,Air Costa,765,58607.0,83.985,47775.0,0.3845160118668725,903.36,2016-01-01,Jan 2016,2,1,1,82.61786999999991,1.3671300000000883
2016,1,Air India,8964,1157645.0,82.018,1099577.0,7.59521965904458,16491.0,2016-01-01,Jan 2016,5,1,1,81.8247,0.1932999999999936
2016,1,Air India Express,169,9535.0,62.312,6248.0,0.0625584004154901,170.0,2016-01-01,Jan 2016,6,1,1,61.03661999999995,1.2753800000000481
2016,1,Air Pegasus,428,23487.0,83.776,9528.31,0.1540963975415434,464.24,2016-01-01,Jan 2016,8,1,1,82.08350999999989,1.692490000000106
2016,1,AirAsia India,1196,174996.0,81.921,198046.0,1.1481352741593194,1667.0,2016-01-01,Jan 2016,10,1,1,83.74112000000007,-1.8201200000000597
2016,1,Alliance Air,884,29601.0,64.447,17226.0,0.1942098805137832,1210.0,2016-01-01,Jan 2016,12,1,1,64.83045000000007,-0.38345000000006735
2016,1,Blue Dart Aviation,455,0.0,0.0,0.0,0.0,855.3,2016-01-01,Jan 2016,13,1,1,0.0,0.0
2016,1,Go First,4116,618650.0,84.872,584844.0,4.058914988677816,7517.09,2016-01-01,Jan 2016,16,1,1,83.08231000000006,1.7896899999999363
2016,1,IndiGo,19350,2725711.0,84.659,2818080.0,17.88317987990624,34712.57,2016-01-01,Jan 2016,17,1,1,85.1489199999999,-0.48991999999989844
2016,1,Jet Airways,13044,1426254.0,82.496,1255562.0,9.357542614178758,21606.0,2016-01-01,Jan 2016,19,1,1,83.39599000000003,-0.8999900000000309
2016,1,JetLite,1751,206231.0,82.467,164717.0,1.3530657027883528,2638.0,2016-01-01,Jan 2016,20,1,1,81.31257000000011,1.1544299999998913
2016,1,SpiceJet,8014,1010933.0,92.114,896984.433,6.6326535298618445,10372.0,2016-01-01,Jan 2016,23,1,1,90.5545499999999,1.5594500000000977
2016,1,Total Domestic,60969,7620879.0,84.258,7270990.743,50.0,101540.73,2016-01-01,Jan 2016,25,1,1,73.21729000000005,11.040709999999947
2016,1,TruJet,486,29163.0,83.11,13182.0,0.1913361962576757,694.17,2016-01-01,Jan 2016,26,1,1,78.89779999999995,4.212200000000053
2016,1,Vistara,1347,150066.0,74.821,159221.0,0.9845714647877232,2240.0,2016-01-01,Jan 2016,27,1,1,75.08330999999995,-0.26230999999995674
2016,2,Air Costa,690,56760.0,87.055,44041.0,0.3812700484164597,798.0,2016-02-01,Feb 2016,2,1,0,81.54952999999998,5.505470000000031
2016,2,Air India,8482,1085634.0,80.195,1015279.0,7.292454681863194,15485.0,2016-02-01,Feb 2016,5,1,0,80.26888999999989,-0.0738899999998921
2016,2,Air India Express,144,6724.0,53.495,3444.0,0.0451666632408787,130.0,2016-02-01,Feb 2016,6,1,0,56.18968999999995,-2.6946899999999516
2016,2,Air Pegasus,340,19135.0,85.418,7789.24,0.1285342208676701,371.14,2016-02-01,Feb 2016,8,1,0,82.50159999999988,2.916400000000124
2016,2,AirAsia India,1084,166829.0,86.772,189144.0,1.120628980043509,1526.0,2016-02-01,Feb 2016,10,1,0,84.23082000000001,2.541179999999997
2016,2,Alliance Air,775,35835.0,66.036,19904.0,0.2407119835271993,1423.0,2016-02-01,Feb 2016,12,1,0,66.50861000000003,-0.4726100000000315
2016,2,Blue Dart Aviation,479,0.0,0.0,0.0,0.0,832.55,2016-02-01,Feb 2016,13,1,0,0.0,0.0
2016,2,Go First,3923,595139.0,86.354,560809.0,3.997686316852069,7099.13,2016-02-01,Feb 2016,16,1,0,85.02344000000008,1.3305599999999203
2016,2,IndiGo,19056,2754131.0,86.047,2824045.0,18.500134949176758,34033.75,2016-02-01,Feb 2016,17,1,0,86.06900999999989,-0.022009999999895058
2016,2,Jet Airways,12438,1366421.0,83.04,1187499.0,9.178565906047698,20383.0,2016-02-01,Feb 2016,19,1,0,83.83657000000001,-0.7965700000000027
2016,2,JetLite,1746,206391.0,80.895,167434.0,1.3863760846145443,2730.0,2016-02-01,Feb 2016,20,1,0,81.85781000000016,-0.9628100000001609
2016,2,SpiceJet,7642,976302.0,92.31,860370.314,6.558046349702017,9829.0,2016-02-01,Feb 2016,23,1,0,87.5242699999999,4.7857300000001
2016,2,Total Domestic,58590,7443543.0,84.847,7043336.554,50.0,97464.566,2016-02-01,Feb 2016,25,1,0,80.54784000000001,4.299159999999986
2016,2,TruJet,450,25585.0,78.859,11608.0,0.1718603627331769,650.916,2016-02-01,Feb 2016,26,1,0,77.62151000000013,1.237489999999866
2016,2,Vistara,1341,148657.0,73.875,151970.0,0.9985634529148284,2173.08,2016-02-01,Feb 2016,27,1,0,74.87079,-0.9957899999999995
2016,3,Air Costa,608,54387.0,82.081,44391.0,0.3470594106084155,775.43,2016-03-01,Mar 2016,2,1,1,78.45357000000004,3.6274299999999613
2016,3,Air India,9029,1086743.0,75.922,1026262.0,6.93482606253004,16452.0,2016-03-01,Mar 2016,5,1,1,77.82533999999985,-1.903339999999858
2016,3,Air India Express,156,6715.0,54.652,3883.0,0.0428503859789197,141.0,2016-03-01,Mar 2016,6,1,1,54.17220000000002,0.47979999999998313
2016,3,Air Pegasus,284,14420.0,76.563,5968.4,0.0920182525414777,325.1,2016-03-01,Mar 2016,8,1,1,76.52181000000006,0.04118999999994344
2016,3,AirAsia India,1216,176832.0,82.666,205005.0,1.1284168955211231,2043.0,2016-03-01,Mar 2016,10,1,1,83.01403000000008,-0.34803000000007955
2016,3,Alliance Air,960,37784.0,64.934,20673.0,0.2411107943153395,1485.0,2016-03-01,Mar 2016,12,1,1,65.42693000000007,-0.49293000000007225
2016,3,Blue Dart Aviation,507,0.0,0.0,0.0,0.0,909.0,2016-03-01,Mar 2016,13,1,1,0.0,0.0
2016,3,Go First,4308,655518.0,86.327,620742.0,4.183052764874094,7780.77,2016-03-01,Mar 2016,16,1,1,86.07913000000009,0.24786999999990655
2016,3,IndiGo,21267,3023228.0,85.118,3086455.0,19.292105242334724,37886.86,2016-03-01,Mar 2016,17,1,1,85.9769,-0.8589000000000055
2016,3,Jet Airways,13293,1381232.0,79.151,1200354.0,8.81404680959573,21878.0,2016-03-01,Mar 2016,19,1,1,80.24912999999994,-1.0981299999999408
2016,3,JetLite,1885,206092.0,76.988,177966.0,1.315133543881986,2995.0,2016-03-01,Mar 2016,20,1,1,78.60957000000006,-1.6215700000000624
2016,3,SpiceJet,8008,1006417.0,91.114,887421.715,6.422242279336785,10300.0,2016-03-01,Mar 2016,23,1,1,91.48681999999984,-0.37281999999983384
2016,3,Total Domestic,63444,7835402.0,82.814,7454918.115,50.0,105991.29,2016-03-01,Mar 2016,25,1,1,78.3628700000001,4.451129999999893
2016,3,TruJet,496,27950.0,77.893,12695.0,0.1783571538512,708.9,2016-03-01,Mar 2016,26,1,1,78.07314000000004,-0.18014000000003705
2016,3,Vistara,1427,158084.0,74.709,163102.0,1.0087804046301645,2311.23,2016-03-01,Mar 2016,27,1,1,74.77735999999994,-0.06835999999994158
2016,4,Air Costa,714,64459.0,84.009,52416.0,0.4081264388484653,879.19,2016-04-01,Apr 2016,2,2,0,80.00167000000009,4.007329999999911
2016,4,Air India,9008,1117795.0,79.197,1059358.0,7.077393268785125,16248.0,2016-04-01,Apr 2016,5,2,0,79.22657000000005,-0.02957000000004939
2016,4,Air India Express,146,6740.0,55.579,3631.0,0.0426747575643223,126.0,2016-04-01,Apr 2016,6,2,0,57.68216999999998,-2.1031699999999773
2016,4,Air Pegasus,398,20385.0,78.099,8338.09,0.1290689811496605,442.75,2016-04-01,Apr 2016,8,2,0,78.42041000000005,-0.32141000000004283
2016,4,AirAsia India,1110,167422.0,84.814,187232.0,1.0600435105243298,1813.0,2016-04-01,Apr 2016,10,2,0,84.83302000000009,-0.01902000000009707
2016,4,Alliance Air,918,44691.0,69.567,25333.0,0.2829640341701975,1695.0,2016-04-01,Apr 2016,12,2,0,69.57996,-0.012960000000006744
2016,4,Blue Dart Aviation,482,0.0,0.0,0.0,0.0,859.1,2016-04-01,Apr 2016,13,2,0,0.0,0.0
2016,4,Go First,4349,676012.0,87.764,641370.0,4.2802148680374925,7780.067,2016-04-01,Apr 2016,16,2,0,85.86882000000007,1.8951799999999253
2016,4,IndiGo,21328,3066556.0,85.832,3141475.0,19.41610294620448,37918.45,2016-04-01,Apr 2016,17,2,0,86.0953200000001,-0.2633200000001068
2016,4,Jet Airways,12302,1255053.0,78.476,1108620.0,7.946451410293101,19966.0,2016-04-01,Apr 2016,19,2,0,81.56138,-3.0853800000000007
2016,4,JetLite,2124,240818.0,78.3,211297.0,1.5247551583271497,3432.0,2016-04-01,Apr 2016,20,2,0,79.1061200000001,-0.8061200000001065
2016,4,SpiceJet,8002,1021299.0,93.199,888876.861,6.466422437045235,10208.0,2016-04-01,Apr 2016,23,2,0,92.75458999999994,0.4444100000000617
2016,4,Total Domestic,63017,7896940.0,84.031,7530391.951,50.0,104680.697,2016-04-01,Apr 2016,25,2,0,78.58850000000002,5.442499999999981
2016,4,TruJet,588,32830.0,78.057,14684.0,0.207865325049956,836.49,2016-04-01,Apr 2016,26,2,0,74.31191999999992,3.745080000000087
2016,4,Vistara,1548,182880.0,77.862,187761.0,1.1579168640004862,2476.65,2016-04-01,Apr 2016,27,2,0,77.79549000000003,0.06650999999996543
2016,5,Air Costa,714,65321.0,85.679,53773.46,0.3787435577762365,906.417,2016-05-01,May 2016,2,2,1,83.53617000000006,2.1428299999999467
2016,5,Air India,9390,1246137.0,85.057,1193980.0,7.225338878103611,17137.0,2016-05-01,May 2016,5,2,1,83.3233099999999,1.7336900000000952
2016,5,Air India Express,170,12727.0,74.013,9490.0,0.0737935619451349,181.0,2016-05-01,May 2016,6,2,1,61.20811999999998,12.804880000000026
2016,5,Air Pegasus,398,21015.0,80.031,8661.54,0.1218489592423203,445.85,2016-05-01,May 2016,8,2,1,79.27294999999998,0.7580500000000256
2016,5,AirAsia India,1218,190379.0,86.76,215828.0,1.1038535813273238,2050.0,2016-05-01,May 2016,10,2,1,85.37725000000013,1.3827499999998736
2016,5,Alliance Air,1005,50046.0,70.887,28705.0,0.2901762081485208,1809.0,2016-05-01,May 2016,12,2,1,70.07364999999993,0.8133500000000708
2016,5,Blue Dart Aviation,503,0.0,0.0,0.0,0.0,900.5,2016-05-01,May 2016,13,2,1,0.0,0.0
2016,5,Go First,4490,700766.0,88.585,670288.0,4.063174293238348,8085.966,2016-05-01,May 2016,16,2,1,87.26498,1.3200199999999995
2016,5,IndiGo,22781,3336839.0,87.237,3408589.0,19.34762594856936,40739.85,2016-05-01,May 2016,17,2,1,86.62938000000004,0.6076199999999545
2016,5,Jet Airways,12812,1387661.0,82.615,1230675.0,8.045921895367954,21040.0,2016-05-01,May 2016,19,2,1,82.19763999999988,0.41736000000011586
2016,5,JetLite,2172,254309.0,80.856,225511.0,1.4745318570523558,3576.0,2016-05-01,May 2016,20,2,1,80.60358999999993,0.25241000000006864
2016,5,QuikJet Cargo,50,0.0,0.0,0.0,0.0,111.783,2016-05-01,May 2016,22,2,1,0.0,0.0
2016,5,SpiceJet,8659,1096114.0,93.521,943748.375,6.355477045488307,10946.0,2016-05-01,May 2016,23,2,1,92.61785999999995,0.9031400000000502
2016,5,Total Domestic,66878,8623381.0,86.436,8231315.375,50.0,111832.976,2016-05-01,May 2016,25,2,1,84.13673999999992,2.299260000000089
2016,5,TruJet,719,40842.0,80.696,18372.0,0.2368096689685866,1024.38,2016-05-01,May 2016,26,2,1,79.42779999999998,1.2682000000000215
2016,5,Vistara,1797,221225.0,80.108,223694.0,1.2827045447719403,2879.23,2016-05-01,May 2016,27,2,1,78.21205000000005,1.8959499999999565
2016,6,Air Costa,698,62187.0,81.51,49822.0,0.39191226489329,876.183,2016-06-01,Jun 2016,2,2,0,81.4701600000001,0.03983999999989862
2016,6,Air India,8972,1156490.0,82.532,1116084.0,7.288382060984465,16245.0,2016-06-01,Jun 2016,5,2,0,81.04856000000007,1.4834399999999306
2016,6,Air India Express,145,7897.0,66.913,4344.0,0.0497681373255231,125.0,2016-06-01,Jun 2016,6,2,0,64.08076999999989,2.8322300000001093
2016,6,Air Pegasus,278,14296.0,75.21,5457.34,0.0900956428017829,306.683,2016-06-01,Jun 2016,8,2,0,77.68722000000007,-2.4772200000000737
2016,6,AirAsia India,1080,173192.0,90.175,205349.0,1.091483251827531,1863.0,2016-06-01,Jun 2016,10,2,0,84.52757000000008,5.647429999999915
2016,6,Alliance Air,955,44202.0,65.504,25925.0,0.2785679632851432,1745.0,2016-06-01,Jun 2016,12,2,0,69.14282000000001,-3.6388200000000097
2016,6,Blue Dart Aviation,515,0.0,0.0,0.0,0.0,911.5,2016-06-01,Jun 2016,13,2,0,0.0,0.0
2016,6,Go First,4431,663991.0,84.578,612664.0,4.184575822579647,7960.98,2016-06-01,Jun 2016,16,2,0,84.8919500000001,-0.31395000000009077
2016,6,IndiGo,23025,3023081.0,77.853,3088436.0,19.05193242423452,41265.45,2016-06-01,Jun 2016,17,2,0,80.88568,-3.032679999999999
2016,6,Jet Airways,12342,1290114.0,79.079,1125175.0,8.13050154711663,20435.0,2016-06-01,Jun 2016,19,2,0,79.79237999999991,-0.7133799999999155
2016,6,JetLite,2086,226769.0,75.166,199153.0,1.4291339411386057,3388.0,2016-06-01,Jun 2016,20,2,0,80.35685000000007,-5.190850000000069
2016,6,QuikJet Cargo,57,0.0,0.0,0.0,0.0,126.983,2016-06-01,Jun 2016,22,2,0,0.0,0.0
2016,6,SpiceJet,8072,1010110.0,93.039,877889.454,6.365872254512377,10238.0,2016-06-01,Jun 2016,23,2,0,92.91556999999999,0.12343000000001325
2016,6,Total Domestic,65144,7933791.0,81.002,7567262.794,50.0,109407.942,2016-06-01,Jun 2016,25,2,0,80.62261000000001,0.37938999999998657
2016,6,TruJet,598,34524.0,80.975,15548.0,0.2175756835540538,833.083,2016-06-01,Jun 2016,26,2,0,77.53027000000009,3.4447299999999075
2016,6,Vistara,1890,226938.0,78.979,241416.0,1.430199005746433,3088.08,2016-06-01,Jun 2016,27,2,0,77.99113000000008,0.9878699999999156
2016,7,Air Costa,744,65239.0,80.808,52340.0,0.3848803649127675,936.0,2016-07-01,Jul 2016,2,3,0,81.68364000000001,-0.8756400000000042
2016,7,Air India,9218,1177504.0,80.752,1121939.0,6.946736908999885,16991.0,2016-07-01,Jul 2016,5,3,0,79.31479999999992,1.4372000000000753
2016,7,Air India Express,150,7740.0,71.702,4799.0,0.0456624722087221,130.0,2016-07-01,Jul 2016,6,3,0,66.93733000000006,4.7646699999999385
2016,7,Air Pegasus,256,14231.0,83.951,5530.0,0.0839564136953907,274.383,2016-07-01,Jul 2016,8,3,0,79.46087000000004,4.490129999999951
2016,7,AirAsia India,1232,190509.0,85.723,217444.0,1.1239162684769302,2084.0,2016-07-01,Jul 2016,10,3,0,81.68696,4.03604
2016,7,Alliance Air,1045,47610.0,65.197,27778.0,0.280877299981558,1917.0,2016-07-01,Jul 2016,12,3,0,66.80484000000007,-1.607840000000067
2016,7,Blue Dart Aviation,506,0.0,0.0,0.0,0.0,943.083,2016-07-01,Jul 2016,13,3,0,0.0,0.0
2016,7,Go First,4507,716125.0,90.281,664584.0,4.224811099544072,8085.966,2016-07-01,Jul 2016,16,3,0,88.78491000000004,1.4960899999999668
2016,7,IndiGo,23869,3383768.0,83.592,3416019.0,19.96268892257922,42696.016,2016-07-01,Jul 2016,17,3,0,83.53747999999989,0.05452000000011026
2016,7,Jet Airways,12659,1385366.0,83.827,1191830.0,8.173027968205233,20680.0,2016-07-01,Jul 2016,19,3,0,81.03052999999994,2.796470000000056
2016,7,JetLite,2033,238924.0,80.88,216257.0,1.4095427015499638,3393.0,2016-07-01,Jul 2016,20,3,0,80.39559000000008,0.48440999999991163
2016,7,QuikJet Cargo,0,0.0,0.0,0.0,0.0,0.0,2016-07-01,Jul 2016,22,3,0,0.0,0.0
2016,7,SpiceJet,8148,993785.0,92.027,861733.018,5.862878545729314,10241.0,2016-07-01,Jul 2016,23,3,0,92.13346000000001,-0.10646000000001266
2016,7,Total Domestic,66859,8475231.0,84.131,8041828.018,50.0,112375.664,2016-07-01,Jul 2016,25,3,0,83.44775000000003,0.6832499999999726
2016,7,TruJet,523,29327.0,79.38,12939.0,0.1730159331350378,725.866,2016-07-01,Jul 2016,26,3,0,77.48754000000007,1.8924599999999288
2016,7,Vistara,1969,225103.0,75.22,248636.0,1.3280051009819085,3278.35,2016-07-01,Jul 2016,27,3,0,75.81205000000006,-0.5920500000000573
2016,8,Air Carnival,88,4036.0,65.572,1683.306,0.0241690598187823,122.26,2016-08-01,Aug 2016,1,3,0,62.15538000000003,3.4166199999999733
2016,8,Air Costa,721,55188.0,70.827,43382.0,0.3304861430324481,885.933,2016-08-01,Aug 2016,2,3,0,74.09950000000009,-3.2725000000000932
2016,8,Air India,9171,1134913.0,78.021,1075713.0,6.796278539671392,16844.0,2016-08-01,Aug 2016,5,3,0,78.55708999999993,-0.5360899999999305
2016,8,Air India Express,152,9139.0,69.841,4870.0,0.0547277100306868,132.0,2016-08-01,Aug 2016,6,3,0,67.77834000000004,2.0626599999999513
2016,8,Air Pegasus,0,0.0,0.0,0.0,0.0,0.0,2016-08-01,Aug 2016,8,3,0,0.0,0.0
2016,8,AirAsia India,1236,187620.0,83.347,212354.0,1.123537909613465,2094.0,2016-08-01,Aug 2016,10,3,0,81.50095999999998,1.8460400000000163
2016,8,Alliance Air,1160,54618.0,66.933,28830.0,0.3270727723444634,2079.0,2016-08-01,Aug 2016,12,3,0,67.61529,-0.6822899999999947
2016,8,Blue Dart Aviation,541,0.0,0.0,0.0,0.0,945.416,2016-08-01,Aug 2016,13,3,0,0.0,0.0
2016,8,Go First,4449,674131.0,86.046,622573.0,4.036945605722391,7968.6,2016-08-01,Aug 2016,16,3,0,84.8999200000001,1.1460799999999125
2016,8,IndiGo,23650,3341081.0,82.11,3321459.0,20.0076279852322,42057.93,2016-08-01,Aug 2016,17,3,0,83.26331999999991,-1.1533199999999084
2016,8,Jet Airways,12697,1365257.0,81.714,1165058.0,8.175663553273374,20625.0,2016-08-01,Aug 2016,19,3,0,81.24163999999993,0.47236000000006584
2016,8,JetLite,2021,234241.0,78.934,210492.0,1.402721690042467,3332.0,2016-08-01,Aug 2016,20,3,0,79.48042000000008,-0.546420000000083
2016,8,QuikJet Cargo,0,0.0,0.0,0.0,0.0,0.0,2016-08-01,Aug 2016,22,3,0,0.0,0.0
2016,8,SpiceJet,8283,1053603.0,93.234,912117.463,6.3093642052152,10531.0,2016-08-01,Aug 2016,23,3,0,93.03636000000007,0.19763999999992166
2016,8,Total Domestic,66620,8349518.0,82.239,7837666.769,50.0,111550.706,2016-08-01,Aug 2016,25,3,0,82.8777199999999,-0.6387199999998927
2016,8,TruJet,559,30534.0,77.679,13144.0,0.182848878222671,725.867,2016-08-01,Aug 2016,26,3,0,76.83174000000005,0.8472599999999488
2016,8,Vistara,1892,205157.0,69.194,225991.0,1.2285559477804586,3207.7,2016-08-01,Aug 2016,27,3,0,72.97285000000011,-3.778850000000105
2016,9,Air Carnival,150,6357.0,60.423,2603.822,0.0387686013969381,153.517,2016-09-01,Sep 2016,1,3,0,57.35995999999991,3.0630400000000932
2016,9,Air Costa,648,50799.0,73.716,43269.0,0.3098011927580716,836.15,2016-09-01,Sep 2016,2,3,0,74.8630400000001,-1.1470400000001035
2016,9,Air India,8885,1117959.0,79.385,1062026.0,6.817949795362527,16081.0,2016-09-01,Sep 2016,5,3,0,78.80927000000005,0.5757299999999503
2016,9,Air India Express,146,9666.0,74.835,4889.0,0.0589487653142683,126.0,2016-09-01,Sep 2016,6,3,0,72.28154,2.553459999999987
2016,9,Air Pegasus,0,0.0,0.0,0.0,0.0,0.0,2016-09-01,Sep 2016,8,3,0,0.0,0.0
2016,9,AirAsia India,1260,187920.0,82.824,213672.0,1.146043035160078,2119.0,2016-09-01,Sep 2016,10,3,0,82.39014999999992,0.4338500000000778
2016,9,Alliance Air,1169,52990.0,65.834,27763.0,0.3231631568387215,2058.0,2016-09-01,Sep 2016,12,3,0,67.83814000000001,-2.0041400000000067
2016,9,Blue Dart Aviation,520,0.0,0.0,0.0,0.0,932.33,2016-09-01,Sep 2016,13,3,0,0.0,0.0
2016,9,Go First,4380,686692.0,89.42,632943.0,4.187838356216179,7709.38,2016-09-01,Sep 2016,16,3,0,85.98994000000005,3.430059999999955
2016,9,IndiGo,23382,3295826.0,82.052,3275496.0,20.099821372921987,41133.45,2016-09-01,Sep 2016,17,3,0,83.32485999999989,-1.2728599999998806
2016,9,Jet Airways,12545,1326741.0,79.928,1126285.0,8.091221171303307,20088.0,2016-09-01,Sep 2016,19,3,0,79.6843199999999,0.24368000000009715
2016,9,JetLite,1734,198098.0,77.468,186487.0,1.2081142676625225,2884.0,2016-09-01,Sep 2016,20,3,0,77.88618999999994,-0.4181899999999388
2016,9,QuikJet Cargo,0,0.0,0.0,0.0,0.0,0.0,2016-09-01,Sep 2016,22,3,0,0.0,0.0
2016,9,SpiceJet,8048,1029704.0,93.476,900939.075,6.279720612369482,10272.0,2016-09-01,Sep 2016,23,3,0,93.04972000000002,0.4262799999999771
2016,9,Total Domestic,65251,8198645.0,82.528,7714374.897,50.0,108061.493,2016-09-01,Sep 2016,25,3,0,79.02457999999996,3.503420000000048
2016,9,TruJet,619,32677.0,75.589,14523.0,0.1992829302890904,705.866,2016-09-01,Sep 2016,26,3,0,71.45668,4.132319999999993
2016,9,Vistara,1765,203216.0,72.714,223479.0,1.2393267424068246,2962.8,2016-09-01,Sep 2016,27,3,0,74.12146999999999,-1.4074699999999893
2016,10,Air Carnival,188,7708.0,58.548,3140.474,0.0446055057360435,216.03,2016-10-01,Oct 2016,1,4,1,60.44285999999997,-1.8948599999999658
2016,10,Air Costa,657,51223.0,70.657,48181.0,0.2964229138969066,911.266,2016-10-01,Oct 2016,2,4,1,72.28276000000008,-1.625760000000085
2016,10,Air India,9117,1030490.0,71.866,980105.0,5.96335334794181,16320.0,2016-10-01,Oct 2016,5,4,1,74.72135999999999,-2.8553599999999904
2016,10,Air India Express,192,11707.0,54.156,5751.45,0.067747360619079,175.0,2016-10-01,Oct 2016,6,4,1,61.11308999999999,-6.957089999999994
2016,10,Air Pegasus,0,0.0,0.0,0.0,0.0,0.0,2016-10-01,Oct 2016,8,4,1,0.0,0.0
2016,10,AirAsia India,1666,235607.0,78.276,239585.0,1.3634366100093414,2547.0,2016-10-01,Oct 2016,10,4,1,78.43084999999998,-0.15484999999998195
2016,10,Alliance Air,1174,57813.0,69.243,30088.0,0.3345586537516714,2090.0,2016-10-01,Oct 2016,12,4,1,69.6357400000001,-0.3927400000001029
2016,10,Blue Dart Aviation,608,0.0,0.0,0.0,0.0,1157.33,2016-10-01,Oct 2016,13,4,1,0.0,0.0
2016,10,Go First,4651,688261.0,84.39,651560.0,3.9829047721062585,8451.983,2016-10-01,Oct 2016,16,4,1,84.90822000000011,-0.5182200000001131
2016,10,IndiGo,25461,3692828.0,84.897,3706073.0,21.370064937236904,44856.8,2016-10-01,Oct 2016,17,4,1,85.29224999999997,-0.3952499999999617
2016,10,Jet Airways,12773,1265690.0,75.502,1093649.0,7.324434685398665,20466.0,2016-10-01,Oct 2016,19,4,1,78.05728000000013,-2.5552800000001383
2016,10,JetLite,1989,209117.0,71.101,187954.0,1.210141352231994,3234.0,2016-10-01,Oct 2016,20,4,1,74.41987999999994,-3.318879999999936
2016,10,QuikJet Cargo,26,0.0,0.0,0.0,0.0,75.62,2016-10-01,Oct 2016,22,4,1,0.0,0.0
2016,10,SpiceJet,8768,1118352.0,91.871,959465.0,6.471802873756581,10989.0,2016-10-01,Oct 2016,23,4,1,90.91081,0.9601899999999972
2016,10,Total Domestic,70121,8640189.0,81.094,8182443.924,50.0,116108.409,2016-10-01,Oct 2016,25,4,1,80.69120000000002,0.40279999999997074
2016,10,TruJet,728,39022.0,75.768,17304.0,0.2258168195163323,1011.65,2016-10-01,Oct 2016,26,4,1,75.18388,0.5841199999999986
2016,10,Vistara,2123,232371.0,69.222,259588.0,1.3447101677984126,3606.73,2016-10-01,Oct 2016,27,4,1,76.6787899999999,-7.456789999999913
2016,11,Air Carnival,194,9232.0,68.003,3758.463,0.0516244708939085,213.066,2016-11-01,Nov 2016,1,4,1,64.45835999999998,3.5446400000000153
2016,11,Air Costa,646,52240.0,74.143,49775.0,0.2921211394603319,928.966,2016-11-01,Nov 2016,2,4,1,74.24932000000004,-0.10632000000003927
2016,11,Air India,8887,1068768.0,75.158,1009057.0,5.9764495784598015,16340.0,2016-11-01,Nov 2016,5,4,1,77.00556000000009,-1.8475600000000867
2016,11,Air India Express,205,13865.0,54.457,6765.65,0.0775317687331068,187.0,2016-11-01,Nov 2016,6,4,1,57.83272000000004,-3.3757200000000367
2016,11,Air Pegasus,0,0.0,0.0,0.0,0.0,0.0,2016-11-01,Nov 2016,8,4,1,0.0,0.0
2016,11,AirAsia India,1634,251322.0,86.911,249659.0,1.4053688555024797,2434.0,2016-11-01,Nov 2016,10,4,1,77.29060999999999,9.620390000000015
2016,11,Alliance Air,1117,58611.0,73.528,30073.0,0.3277471689301208,2050.0,2016-11-01,Nov 2016,12,4,1,72.17756000000007,1.350439999999935
2016,11,Blue Dart Aviation,496,0.0,0.0,0.0,0.0,882.583,2016-11-01,Nov 2016,13,4,1,0.0,0.0
2016,11,Go First,4674,719566.0,87.26,671781.0,4.023745019849027,8476.133,2016-11-01,Nov 2016,16,4,1,86.22890000000011,1.0310999999998955
2016,11,IndiGo,25084,3772583.0,87.947,3807017.0,21.09592734817529,44899.316,2016-11-01,Nov 2016,17,4,1,87.62165000000005,0.3253499999999576
2016,11,Jet Airways,12318,1327494.0,80.353,1173892.0,7.423220901737249,20345.0,2016-11-01,Nov 2016,19,4,1,81.08657000000005,-0.7335700000000571
2016,11,JetLite,1942,217905.0,74.649,181055.0,1.2185041518779407,3136.0,2016-11-01,Nov 2016,20,4,1,76.91058000000007,-2.261580000000066
2016,11,QuikJet Cargo,8,0.0,0.0,0.0,0.0,23.433,2016-11-01,Nov 2016,22,4,1,0.0,0.0
2016,11,SpiceJet,8917,1148498.0,92.533,1005560.0,6.422292198084079,11522.0,2016-11-01,Nov 2016,23,4,1,92.17495000000001,0.35804999999999154
2016,11,Total Domestic,69012,8941496.0,84.484,8496468.113,50.0,116256.829,2016-11-01,Nov 2016,25,4,1,80.34613,4.137869999999992
2016,11,TruJet,709,40965.0,81.239,18287.0,0.2290724057808671,1009.316,2016-11-01,Nov 2016,26,4,1,74.76315999999996,6.475840000000048
2016,11,Vistara,2181,260447.0,74.356,289788.0,1.4563949925157935,3810.016,2016-11-01,Nov 2016,27,4,1,77.14649999999992,-2.7904999999999234
2016,12,Air Carnival,234,9752.0,58.908,4007.39,0.0512387083852314,257.067,2016-12-01,Dec 2016,1,4,1,61.13077000000001,-2.2227700000000112
2016,12,Air Costa,582,49599.0,76.893,46128.0,0.260601794216478,824.833,2016-12-01,Dec 2016,2,4,1,78.98998999999998,-2.096989999999977
2016,12,Air India,9524,1245063.0,81.54,1180309.0,6.541778094569464,17461.0,2016-12-01,Dec 2016,5,4,1,80.98984999999999,0.5501500000000163
2016,12,Air India Express,167,10308.0,65.885,5164.98,0.0541600293309029,140.0,2016-12-01,Dec 2016,6,4,1,64.89355000000009,0.9914499999999151
2016,12,Air Pegasus,0,0.0,0.0,0.0,0.0,0.0,2016-12-01,Dec 2016,8,4,1,0.0,0.0
2016,12,AirAsia India,1816,277261.0,86.275,277173.0,1.456777637981712,2705.0,2016-12-01,Dec 2016,10,4,1,79.87855,6.3964500000000015
2016,12,Alliance Air,955,53803.0,74.53,24858.0,0.2826903432373469,1714.0,2016-12-01,Dec 2016,12,4,1,74.02328999999996,0.5067100000000408
2016,12,Blue Dart Aviation,562,0.0,0.0,0.0,0.0,1021.33,2016-12-01,Dec 2016,13,4,1,0.0,0.0
2016,12,Go First,4886,780622.0,90.717,736296.0,4.101524099374091,8568.383,2016-12-01,Dec 2016,16,4,1,84.08127000000005,6.635729999999953
2016,12,IndiGo,24822,3848322.0,91.405,3893161.0,20.219754791885837,44453.05,2016-12-01,Dec 2016,17,4,1,90.08744000000003,1.3175599999999719
2016,12,Jet Airways,12662,1449939.0,86.049,1305273.0,7.618232321305792,21117.0,2016-12-01,Dec 2016,19,4,1,84.27924000000006,1.7697599999999483
2016,12,JetLite,1970,246132.0,85.659,207488.0,1.2932204442446458,3144.0,2016-12-01,Dec 2016,20,4,1,83.10100999999993,2.557990000000075
2016,12,QuikJet Cargo,0,0.0,0.0,0.0,0.0,0.0,2016-12-01,Dec 2016,22,4,1,0.0,0.0
2016,12,SpiceJet,9284,1210229.0,93.728,1094325.0,6.358754184818525,12241.0,2016-12-01,Dec 2016,23,4,1,93.18499999999996,0.5430000000000348
2016,12,Total Domestic,70274,9516243.0,88.687,9078808.37,50.0,118384.776,2016-12-01,Dec 2016,25,4,1,84.71597999999996,3.9710200000000384
2016,12,TruJet,550,31059.0,79.072,14837.0,0.1631894015316759,817.433,2016-12-01,Dec 2016,26,4,1,78.02767000000006,1.0443299999999454
2016,12,Vistara,2260,304154.0,84.275,289788.0,1.5980781491183025,3920.68,2016-12-01,Dec 2016,27,4,1,82.79014000000001,1.4848599999999976
2017,1,Air Carnival,278,11041.0,56.559,4552.54,0.0586951329289796,315.016,2017-01-01,Jan 2017,1,1,1,63.364860000000014,-6.805860000000017
2017,1,Air Costa,490,44092.0,81.12,41089.0,0.2343977720409899,721.3,2017-01-01,Jan 2017,2,1,1,80.35344999999997,0.7665500000000378
2017,1,Air India,9536,1265046.0,81.754,1207166.0,6.725119385134858,17701.0,2017-01-01,Jan 2017,5,1,1,82.15822999999995,-0.40422999999994147
2017,1,Air India Express,211,9970.0,50.964,5133.69,0.0530015827644168,145.0,2017-01-01,Jan 2017,6,1,1,58.21331,-7.249310000000001
2017,1,Alliance Air,1027,53021.0,68.235,24534.0,0.281865287838731,1858.0,2017-01-01,Jan 2017,12,1,1,69.27532999999993,-1.0403299999999263
2017,1,Blue Dart Aviation,524,0.0,0.0,0.0,0.0,977.933,2017-01-01,Jan 2017,13,1,1,0.0,0.0
2017,1,Go First,4945,788337.0,90.81,735410.0,4.1908835257524695,8960.15,2017-01-01,Jan 2017,16,1,1,85.56444000000006,5.245559999999941
2017,1,IndiGo,24948,3809228.0,90.006,3854899.0,20.250262097345463,45065.783,2017-01-01,Jan 2017,17,1,1,88.42237000000003,1.583629999999971
2017,1,Jet Airways,12661,1476032.0,86.825,1335886.0,7.8467434514471215,21390.0,2017-01-01,Jan 2017,19,1,1,85.69863000000001,1.1263699999999943
2017,1,JetLite,1907,239705.0,85.448,202121.0,1.2742973316494033,3068.0,2017-01-01,Jan 2017,20,1,1,84.7690000000001,0.6789999999998884
2017,1,QuikJet Cargo,0,0.0,0.0,0.0,0.0,0.0,2017-01-01,Jan 2017,22,1,1,0.0,0.0
2017,1,SpiceJet,9490,1229436.0,93.605,1137644.0,6.535812829243095,12721.0,2017-01-01,Jan 2017,23,1,1,91.39011999999984,2.2148800000001643
2017,1,Total Domestic,70749,9548612.0,88.261,9184893.23,50.761439238044574,120523.478,2017-01-01,Jan 2017,25,1,1,83.6041400000001,4.656859999999895
2017,1,TruJet,621,33031.0,74.759,14782.0,0.1755963169800857,874.916,2017-01-01,Jan 2017,26,1,1,75.07720000000002,-0.3182000000000187
2017,1,Vistara,2268,303208.0,85.059,344156.0,1.6118860488298212,4012.38,2017-01-01,Jan 2017,27,1,1,84.1130800000001,0.9459199999999015
2017,2,Air Carnival,266,13629.0,73.609,5661.302,0.0801909661749338,272.75,2017-02-01,Feb 2017,1,1,0,70.43555999999998,3.1734400000000136
2017,2,Air Costa,440,40234.0,84.885,35228.0,0.2367307456953767,577.717,2017-02-01,Feb 2017,2,1,0,79.81840999999997,5.0665900000000335
2017,2,Air India,8445,1084609.0,80.089,1031172.0,6.381674637319601,15452.0,2017-02-01,Feb 2017,5,1,0,79.78168999999994,0.3073100000000579
2017,2,Air India Express,165,6105.0,40.304,3484.76,0.0359208928386507,145.0,2017-02-01,Feb 2017,6,1,0,45.05648000000003,-4.752480000000027
2017,2,Alliance Air,1005,51519.0,69.739,24357.0,0.3031299718516705,1847.0,2017-02-01,Feb 2017,12,1,0,69.77091999999988,-0.03191999999987161
2017,2,Blue Dart Aviation,495,0.0,0.0,0.0,0.0,897.833,2017-02-01,Feb 2017,13,1,0,0.0,0.0
2017,2,Go First,4673,749352.0,90.908,685872.0,4.4090733645255735,8315.533,2017-02-01,Feb 2017,16,1,0,89.09922000000006,1.8087799999999419
2017,2,IndiGo,22935,3418605.0,87.664,3431547.0,20.11455263925892,41111.3,2017-02-01,Feb 2017,17,1,0,87.59147999999999,0.07252000000001146
2017,2,Jet Airways,11475,1358382.0,86.888,1231148.0,7.9925133916383455,19497.0,2017-02-01,Feb 2017,19,1,0,86.13838000000001,0.7496199999999931
2017,2,JetLite,1706,214665.0,84.892,178586.0,1.2630562590022876,2765.0,2017-02-01,Feb 2017,20,1,0,84.30992999999995,0.5820700000000443
2017,2,QuikJet Cargo,0,0.0,0.0,0.0,0.0,0.0,2017-02-01,Feb 2017,22,1,0,0.0,0.0
2017,2,SpiceJet,8677,1131788.0,93.647,1040012.0,6.659268708283516,11607.0,2017-02-01,Feb 2017,23,1,0,92.28164999999998,1.3653500000000207
2017,2,Total Domestic,64556,8616856.0,87.164,8227608.062,50.70027206913756,109411.313,2017-02-01,Feb 2017,25,1,0,84.13883000000001,3.0251699999999886
2017,2,TruJet,701,38779.0,77.014,16980.0,0.2281697466650348,970.7,2017-02-01,Feb 2017,26,1,0,74.47824000000003,2.535759999999968
2017,2,Vistara,2024,270016.0,85.011,308010.0,1.5887331368912572,3537.98,2017-02-01,Feb 2017,27,1,0,82.49118000000016,2.5198199999998394
2017,2,Zoom Air,36,1141.0,58.706,907.0,0.0067134707172646,48.5,2017-02-01,Feb 2017,28,1,0,57.47675000000001,1.2292499999999933
2017,3,Air Carnival,280,12970.0,64.799,5376.773,0.0731422544100775,253.15,2017-03-01,Mar 2017,1,1,1,64.72901999999999,0.06998000000001525
2017,3,Air India,9105,1089418.0,74.748,1046249.0,6.143599731296674,16518.0,2017-03-01,Mar 2017,5,1,1,80.24660999999996,-5.498609999999957
2017,3,Air India Express,156,5017.0,38.157,2931.6,0.0282925744314077,136.0,2017-03-01,Mar 2017,6,1,1,39.37899000000005,-1.221990000000055
2017,3,Alliance Air,1156,56487.0,67.764,25526.0,0.3185494622098728,2049.0,2017-03-01,Mar 2017,12,1,1,69.10966000000005,-1.345660000000052
2017,3,Blue Dart Aviation,505,0.0,0.0,0.0,0.0,905.75,2017-03-01,Mar 2017,13,1,1,0.0,0.0
2017,3,Go First,5392,802114.0,84.771,741179.0,4.523394468302617,9549.416,2017-03-01,Mar 2017,16,1,1,83.67323999999995,1.0977600000000507
2017,3,IndiGo,25996,3611371.0,81.583,3592642.0,20.365753003174724,46243.2,2017-03-01,Mar 2017,17,1,1,84.59971999999995,-3.0167199999999497
2017,3,Jet Airways,12772,1388369.0,79.791,1255713.0,7.829486400390513,21458.0,2017-03-01,Mar 2017,19,1,1,81.14877000000003,-1.3577700000000306
2017,3,JetLite,1975,230359.0,79.161,190197.0,1.2990729825482694,3148.0,2017-03-01,Mar 2017,20,1,1,80.02583000000006,-0.8648300000000546
2017,3,QuikJet Cargo,0,0.0,0.0,0.0,0.0,0.0,2017-03-01,Mar 2017,22,1,1,0.0,0.0
2017,3,SpiceJet,9421,1193225.0,91.412,1065559.0,6.729002815610238,12326.0,2017-03-01,Mar 2017,23,1,1,91.45418999999998,-0.042189999999976635
2017,3,Total Domestic,71713,9007696.0,81.785,8548137.373,50.797470507373774,120620.829,2017-03-01,Mar 2017,25,1,1,82.65823999999996,-0.8732399999999672
2017,3,TruJet,758,41219.0,75.952,17911.0,0.2324480018912094,1054.583,2017-03-01,Mar 2017,26,1,1,74.44903000000001,1.5029699999999906
2017,3,Vistara,2265,291871.0,82.202,332989.0,1.6459601339185614,3943.18,2017-03-01,Mar 2017,27,1,1,83.21279000000011,-1.0107900000001138
2017,3,Zoom Air,100,2452.0,74.568,2976.0,0.0138276644420593,126.55,2017-03-01,Mar 2017,28,1,1,73.27296000000011,1.2950399999998865
2017,4,Air Carnival,21,1008.0,66.714,421.368,0.0056302941102543,4.68,2017-04-01,Apr 2017,1,2,0,61.04432999999995,5.669670000000046
2017,4,Air India,8654,1086116.0,78.9,1048550.0,6.066619561362107,15815.0,2017-04-01,Apr 2017,5,2,0,79.48087999999998,-0.5808799999999792
2017,4,Air India Express,150,6895.0,46.741,3327.27,0.0385127756847258,194.0,2017-04-01,Apr 2017,6,2,0,48.81509000000001,-2.0740900000000124
2017,4,Alliance Air,1209,63087.0,72.229,29013.0,0.3523793298944599,2185.0,2017-04-01,Apr 2017,12,2,0,71.93376000000006,0.2952399999999358
2017,4,Blue Dart Aviation,474,0.0,0.0,0.0,0.0,884.5,2017-04-01,Apr 2017,13,2,0,0.0,0.0
2017,4,Go First,5005,739401.0,84.665,683452.0,4.130005054976358,8905.883,2017-04-01,Apr 2017,16,2,0,85.01456999999999,-0.3495699999999857
2017,4,IndiGo,25648,3778780.0,86.909,3725376.0,21.10678847018541,45355.666,2017-04-01,Apr 2017,17,2,0,87.28341999999992,-0.3744199999999154
2017,4,Jet Airways,12283,1380986.0,82.784,1273122.0,7.713648156888592,20865.0,2017-04-01,Apr 2017,19,2,0,82.64829999999995,0.13570000000005678
2017,4,JetLite,1811,222476.0,83.313,180706.0,1.2426640004691911,2860.0,2017-04-01,Apr 2017,20,2,0,82.86521000000005,0.44778999999995506
2017,4,QuikJet Cargo,0,0.0,0.0,0.0,0.0,0.0,2017-04-01,Apr 2017,22,2,0,0.0,0.0
2017,4,SpiceJet,9058,1176610.0,93.374,1067416.0,6.57208368359758,12007.0,2017-04-01,Apr 2017,23,2,0,92.52665999999992,0.8473400000000737
2017,4,Total Domestic,69474,9100687.0,85.56,8688833.638,50.83288136445262,117314.779,2017-04-01,Apr 2017,25,2,0,84.04438000000009,1.5156199999999131
2017,4,TruJet,903,47846.0,74.593,20604.0,0.2672490595230448,1248.9,2017-04-01,Apr 2017,26,2,0,73.85829999999994,0.7347000000000605
2017,4,Vistara,2270,296589.0,83.609,345390.0,1.656630257803794,3971.15,2017-04-01,Apr 2017,27,2,0,83.45663000000009,0.1523699999999053
2017,4,Zoom Air,120,2669.0,79.679,3078.0,0.014907991051854,143.0,2017-04-01,Apr 2017,28,2,0,73.42652000000005,6.252479999999949
2017,5,Air India,9539,1219997.0,81.062,1197696.0,6.115887837349067,17678.0,2017-05-01,May 2017,5,2,1,81.86909999999995,-0.8070999999999486
2017,5,Air India Express,150,7818.0,51.466,3867.73,0.0391919087607551,136.0,2017-05-01,May 2017,6,2,1,52.70514,-1.239139999999999
2017,5,Alliance Air,1309,71136.0,74.698,31326.0,0.3566072680487437,2304.0,2017-05-01,May 2017,12,2,1,74.60689000000008,0.0911099999999152
2017,5,Blue Dart Aviation,506,0.0,0.0,0.0,0.0,879.0,2017-05-01,May 2017,13,2,1,0.0,0.0
2017,5,Go First,5334,863570.0,92.953,817288.0,4.329106759852306,9593.33,2017-05-01,May 2017,16,2,1,83.20977999999992,9.743220000000079
2017,5,IndiGo,27058,4190914.0,91.145,4137195.0,21.00919917014216,47853.4,2017-05-01,May 2017,17,2,1,89.8163000000001,1.3286999999998983
2017,5,Jet Airways,13359,1541722.0,85.272,1440543.0,7.72870656925671,22529.0,2017-05-01,May 2017,19,2,1,84.00785999999995,1.2641400000000544
2017,5,JetLite,2018,246048.0,84.294,204140.0,1.2334472712671125,3219.0,2017-05-01,May 2017,20,2,1,83.10684999999994,1.1871500000000594
2017,5,QuikJet Cargo,0,0.0,0.0,0.0,0.0,0.0,2017-05-01,May 2017,22,2,1,0.0,0.0
2017,5,SpiceJet,9748,1278606.0,94.284,1149628.0,6.409696814140969,12829.0,2017-05-01,May 2017,23,2,1,93.53341999999988,0.7505800000001273
2017,5,Total Domestic,74578,10140073.0,88.866,9716981.73,50.8325423181628,125749.143,2017-05-01,May 2017,25,2,1,83.95292000000005,4.913079999999951
2017,5,TruJet,903,51103.0,80.281,21940.0,0.256181134996274,1222.883,2017-05-01,May 2017,26,2,1,78.52531999999998,1.7556800000000266
2017,5,Vistara,2446,334435.0,86.831,380116.0,1.6765344085959517,4236.04,2017-05-01,May 2017,27,2,1,85.19325000000008,1.6377499999999259
2017,5,Zoom Air,116,2573.0,80.075,2990.0,0.0128985394271454,132.49,2017-05-01,May 2017,28,2,1,74.19224000000004,5.882759999999962
2017,6,Air India,9517,1149333.0,76.991,1138882.0,6.138540854173223,17660.0,2017-06-01,Jun 2017,5,2,0,81.82917999999998,-4.83817999999998
2017,6,Air India Express,151,4174.0,36.266,2724.44,0.0222931644051976,137.0,2017-06-01,Jun 2017,6,2,0,38.56266000000006,-2.2966600000000597
2017,6,Alliance Air,1264,72723.0,75.888,31357.0,0.3884105881742187,2275.0,2017-06-01,Jun 2017,12,2,0,74.56598,1.322020000000009
2017,6,Blue Dart Aviation,502,0.0,0.0,0.0,0.0,899.083,2017-06-01,Jun 2017,13,2,0,0.0,0.0
2017,6,Go First,5155,805483.0,89.432,767968.0,4.302051975225639,9400.417,2017-06-01,Jun 2017,16,2,0,88.33419999999992,1.0978000000000776
2017,6,IndiGo,25778,3825814.0,87.815,3788390.0,20.43351712642713,45507.033,2017-06-01,Jun 2017,17,2,0,87.7054799999999,0.10952000000010287
2017,6,Jet Airways,13102,1449797.0,80.986,1337018.0,7.743306869947853,22224.0,2017-06-01,Jun 2017,19,2,0,83.07483999999998,-2.0888399999999763
2017,6,JetLite,1800,217672.0,82.836,182852.0,1.1625773077163832,2939.0,2017-06-01,Jun 2017,20,2,0,84.03793000000003,-1.2019300000000328
2017,6,QuikJet Cargo,0,0.0,0.0,0.0,0.0,0.0,2017-06-01,Jun 2017,22,2,0,0.0,0.0
2017,6,SpiceJet,9761,1273391.0,94.543,1148919.0,6.801129591542655,12954.0,2017-06-01,Jun 2017,23,2,0,93.95361999999992,0.5893800000000908
2017,6,Total Domestic,72739,9536983.0,85.935,9143756.305,50.93663870353979,122744.693,2017-06-01,Jun 2017,25,2,0,84.4765000000001,1.4584999999999013
2017,6,TruJet,781,41730.0,75.67,17603.0,0.2228782344582889,1061.05,2017-06-01,Jun 2017,26,2,0,75.32953000000005,0.34046999999995364
2017,6,Vistara,2554,343729.0,86.381,384365.0,1.8358426228639635,4322.08,2017-06-01,Jun 2017,27,2,0,85.7271000000001,0.6538999999998936
2017,6,Zoom Air,116,2399.0,73.647,2783.865,0.0128129615256514,132.03,2017-06-01,Jun 2017,28,2,0,69.45108,4.195920000000001
2017,7,Air India,9914,1179933.0,75.437,1148303.0,6.301745004208256,18540.0,2017-07-01,Jul 2017,5,3,0,76.75127999999997,-1.3142799999999681
2017,7,Air India Express,159,4723.0,40.371,3153.57,0.0252244336372282,143.0,2017-07-01,Jul 2017,6,3,0,39.615930000000056,0.7550699999999466
2017,7,Alliance Air,1441,83846.0,76.455,36923.0,0.4478017918160145,2633.0,2017-07-01,Jul 2017,12,3,0,75.60598999999995,0.8490100000000496
2017,7,Blue Dart Aviation,498,0.0,0.0,0.0,0.0,892.583,2017-07-01,Jul 2017,13,3,0,0.0,0.0
2017,7,Go First,5113,741855.0,82.495,703764.0,3.962073304244322,9369.883,2017-07-01,Jul 2017,16,3,0,84.15007999999995,-1.6550799999999413
2017,7,IndiGo,25941,3699451.0,83.657,3618780.0,19.75789884473376,45614.15,2017-07-01,Jul 2017,17,3,0,84.23806000000005,-0.5810600000000505
2017,7,Jet Airways,13595,1503844.0,80.195,1357514.0,8.031677573310146,23128.0,2017-07-01,Jul 2017,19,3,0,80.71815999999988,-0.5231599999998906
2017,7,JetLite,1926,224811.0,80.693,188990.0,1.2006627462246264,3134.0,2017-07-01,Jul 2017,20,3,0,79.70676000000009,0.9862399999999099
2017,7,QuikJet Cargo,0,0.0,0.0,0.0,0.0,0.0,2017-07-01,Jul 2017,22,3,0,0.0,0.0
2017,7,SpiceJet,10463,1358206.0,94.415,1191217.0,7.253859223520045,13751.0,2017-07-01,Jul 2017,23,3,0,94.39420000000001,0.020799999999994156
2017,7,Total Domestic,74715,9533226.0,83.192,8995059.57,50.91472085236048,126025.309,2017-07-01,Jul 2017,25,3,0,83.81836000000003,-0.6263600000000338
2017,7,TruJet,780,44254.0,80.684,18563.0,0.2363502193906197,1041.833,2017-07-01,Jul 2017,26,3,0,79.24758000000008,1.436419999999913
2017,7,Vistara,2627,348947.0,84.631,389439.0,1.8636439645161704,4504.71,2017-07-01,Jul 2017,27,3,0,84.6876300000001,-0.05663000000009788
2017,7,Zoom Air,45,813.0,63.069,929.0,0.0043420420383371,55.15,2017-07-01,Jul 2017,28,3,0,59.48211999999998,3.586880000000022
2017,8,Air India,9770,1176397.0,76.063,1133874.0,6.220732828943635,18117.0,2017-08-01,Aug 2017,5,3,0,77.60655000000004,-1.5435500000000388
2017,8,Air India Express,168,5224.0,45.727,3213.61,0.0276242699517268,149.0,2017-08-01,Aug 2017,6,3,0,43.80073999999999,1.9262600000000063
2017,8,Alliance Air,1441,88714.0,77.472,39270.0,0.4691155215347418,2724.0,2017-08-01,Aug 2017,12,3,0,75.81632999999994,1.6556700000000575
2017,8,Blue Dart Aviation,500,0.0,0.0,0.0,0.0,895.417,2017-08-01,Aug 2017,13,3,0,0.0,0.0
2017,8,Go First,5187,775836.0,85.409,747563.0,4.102584820495389,9511.1,2017-08-01,Aug 2017,16,3,0,85.39976999999988,0.00923000000013019
2017,8,IndiGo,25543,3678245.0,83.555,3595123.0,19.45038913257836,45100.783,2017-08-01,Aug 2017,17,3,0,83.67958000000007,-0.12458000000006564
2017,8,Jet Airways,13602,1522338.0,80.726,1360306.0,8.050052808149287,22864.0,2017-08-01,Aug 2017,19,3,0,80.76117999999988,-0.035179999999883194
2017,8,JetLite,1949,236394.0,82.768,196109.0,1.2500405189449666,3136.0,2017-08-01,Aug 2017,20,3,0,80.69758000000003,2.07041999999997
2017,8,QuikJet Cargo,0,0.0,0.0,0.0,0.0,0.0,2017-08-01,Aug 2017,22,3,0,0.0,0.0
2017,8,SpiceJet,10494,1359166.0,94.454,1208184.0,7.18720683254378,13844.0,2017-08-01,Aug 2017,23,3,0,94.42801999999992,0.025980000000075165
2017,8,Total Domestic,74902,9663380.0,83.537,9092204.22,51.09950569795515,125519.67,2017-08-01,Aug 2017,25,3,0,82.03838999999998,1.4986100000000278
2017,8,TruJet,786,46586.0,83.196,19229.0,0.2463446094891165,1047.65,2017-08-01,Aug 2017,26,3,0,79.27946999999999,3.9165300000000087
2017,8,Vistara,2737,358627.0,83.402,395704.0,1.896402959413845,4627.72,2017-08-01,Aug 2017,27,3,0,84.01630000000006,-0.6143000000000569
2017,8,Zoom Air,0,0.0,0.0,0.0,0.0,0.0,2017-08-01,Aug 2017,28,3,0,0.0,0.0
2017,9,Air India,9465,1163026.0,78.637,1137188.0,6.217191416896719,17385.0,2017-09-01,Sep 2017,5,3,0,79.32707999999994,-0.6900799999999379
2017,9,Air India Express,181,9559.0,56.57,9650.35,0.0510995736588139,219.0,2017-09-01,Sep 2017,6,3,0,59.826029999999946,-3.256029999999946
2017,9,Alliance Air,1730,105919.0,78.781,46396.0,0.5662115014507703,3076.0,2017-09-01,Sep 2017,12,3,0,70.53583999999996,8.245160000000041
2017,9,Blue Dart Aviation,541,0.0,0.0,0.0,0.0,1035.917,2017-09-01,Sep 2017,13,3,0,0.0,0.0
2017,9,Go First,5165,808539.0,88.539,774630.0,4.322209246419475,9426.25,2017-09-01,Sep 2017,16,3,0,88.07226999999995,0.46673000000005516
2017,9,IndiGo,25114,3664509.0,85.173,3597420.0,19.589376249491224,43928.533,2017-09-01,Sep 2017,17,3,0,84.74766999999994,0.42533000000005927
2017,9,Jet Airways,13307,1459934.0,80.16,1333583.0,7.804373362277108,22330.0,2017-09-01,Sep 2017,19,3,0,81.08266999999992,-0.9226699999999255
2017,9,JetLite,1835,221236.0,83.331,185557.0,1.1826619183995564,2935.0,2017-09-01,Sep 2017,20,3,0,83.52899000000006,-0.19799000000006117
2017,9,QuikJet Cargo,0,0.0,0.0,0.0,0.0,0.0,2017-09-01,Sep 2017,22,3,0,0.0,0.0
2017,9,SpiceJet,10238,1319755.0,94.159,1170124.0,7.055018080770791,13295.0,2017-09-01,Sep 2017,23,3,0,94.20197999999988,-0.04297999999987212
2017,9,Total Domestic,73772,9550493.0,84.477,9066246.79,51.05409776456605,123288.15,2017-09-01,Sep 2017,25,3,0,81.87194,2.605060000000009
2017,9,TruJet,775,40860.0,74.354,16752.0,0.2184254189454061,1018.7,2017-09-01,Sep 2017,26,3,0,73.05079000000005,1.3032099999999502
2017,9,Vistara,2735,361728.0,84.064,416658.0,1.93369040490171,4699.57,2017-09-01,Sep 2017,27,3,0,84.32572000000009,-0.2617200000000963
2017,9,Zoom Air,52,1056.0,54.797,1067.44,0.0056450622223776,65.18,2017-09-01,Sep 2017,28,3,0,59.22029999999998,-4.423299999999983
2017,10,Air India,9933,1216153.0,76.645,1173067.0,5.965864829725421,18337.0,2017-10-01,Oct 2017,5,4,1,78.92235000000007,-2.2773500000000695
2017,10,Air India Express,208,13660.0,61.751,16565.789,0.0670094252730119,316.0,2017-10-01,Oct 2017,6,4,1,61.59989999999999,0.15110000000000667
2017,10,Alliance Air,1989,120496.0,76.243,53781.0,0.5910957326278801,3563.0,2017-10-01,Oct 2017,12,4,1,73.2786700000001,2.96432999999989
2017,10,Blue Dart Aviation,500,0.0,0.0,0.0,0.0,879.416,2017-10-01,Oct 2017,13,4,1,0.0,0.0
2017,10,Go First,5930,924189.0,87.629,888031.0,4.533629116664685,10981.716,2017-10-01,Oct 2017,16,4,1,87.17546999999995,0.4535300000000575
2017,10,IndiGo,27562,4133027.0,87.324,4052585.0,20.27465328754323,48633.883,2017-10-01,Oct 2017,17,4,1,87.11861999999991,0.2053800000000905
2017,10,Jet Airways,14047,1571142.0,80.529,1433400.0,7.707271042627413,23745.0,2017-10-01,Oct 2017,19,4,1,81.44723000000003,-0.9182300000000367
2017,10,JetLite,1794,213497.0,82.133,194506.0,1.047314148426956,2999.0,2017-10-01,Oct 2017,20,4,1,82.2034299999999,-0.07042999999990229
2017,10,QuikJet Cargo,0,0.0,0.0,0.0,0.0,0.0,2017-10-01,Oct 2017,22,4,1,0.0,0.0
2017,10,SpiceJet,10627,1364334.0,93.673,1211569.0,6.692769928289123,13883.0,2017-10-01,Oct 2017,23,4,1,92.94259999999998,0.7304000000000173
2017,10,Total Domestic,79543,10418436.0,84.824,9894070.789,51.10786300173184,133994.761,2017-10-01,Oct 2017,25,4,1,83.22030999999988,1.603690000000114
2017,10,TruJet,813,37466.0,65.737,15009.0,0.1837902728608099,1053.866,2017-10-01,Oct 2017,26,4,1,69.04860000000005,-3.3116000000000554
2017,10,Vistara,2910,369694.0,80.258,421189.0,1.8135419082636064,5027.52,2017-10-01,Oct 2017,27,4,1,85.69075000000002,-5.432750000000027
2017,10,Zoom Air,114,3098.0,69.461,2966.0,0.0151973059660169,148.36,2017-10-01,Oct 2017,28,4,1,74.49673000000006,-5.035730000000058
2017,11,Air India,9410,1271612.0,84.077,1217645.0,6.212100183483854,17765.0,2017-11-01,Nov 2017,5,4,1,82.76336000000012,1.3136399999998787
2017,11,Air India Express,189,10515.0,56.826,13746.754,0.0513680536431967,268.0,2017-11-01,Nov 2017,6,4,1,62.75992999999996,-5.933929999999961
2017,11,Alliance Air,2033,124946.0,78.148,55943.0,0.6103882863055504,3621.0,2017-11-01,Nov 2017,12,4,1,76.40225000000008,1.7457499999999158
2017,11,Blue Dart Aviation,508,0.0,0.0,0.0,0.0,914.416,2017-11-01,Nov 2017,13,4,1,0.0,0.0
2017,11,Go First,5819,933709.0,89.989,879987.0,4.56137080353168,10876.65,2017-11-01,Nov 2017,16,4,1,87.51157999999985,2.4774200000001514
2017,11,IndiGo,26545,4131844.0,90.679,4040152.0,20.184953327372394,47091.33,2017-11-01,Nov 2017,17,4,1,89.46457000000004,1.2144299999999646
2017,11,Jet Airways,13122,1578170.0,87.324,1461348.0,7.709702445847251,22544.0,2017-11-01,Nov 2017,19,4,1,84.83451999999994,2.489480000000057
2017,11,JetLite,1845,240703.0,89.55,195528.0,1.1758863163174884,3008.0,2017-11-01,Nov 2017,20,4,1,86.73713000000006,2.8128699999999327
2017,11,QuikJet Cargo,0,0.0,0.0,0.0,0.0,0.0,2017-11-01,Nov 2017,22,4,1,0.0,0.0
2017,11,SpiceJet,10152,1320213.0,95.487,1175231.0,6.449526600517902,13338.0,2017-11-01,Nov 2017,23,4,1,94.63434999999996,0.8526500000000397
2017,11,Total Domestic,75944,10453411.0,89.198,9887558.754,51.06717803161038,129225.742,2017-11-01,Nov 2017,25,4,1,84.41599999999993,4.7820000000000675
2017,11,TruJet,594,28708.0,68.539,11383.0,0.1402448011401705,775.666,2017-11-01,Nov 2017,26,4,1,71.44199999999998,-2.9029999999999774
2017,11,Vistara,2719,372467.0,86.872,425986.0,1.819582010111324,4794.23,2017-11-01,Nov 2017,27,4,1,86.64278000000006,0.22921999999994114
2017,11,Zoom Air,120,3623.0,78.465,3527.0,0.0176991401188114,159.45,2017-11-01,Nov 2017,28,4,1,72.48756000000006,5.977439999999945
2017,12,Air Deccan,37,252.0,39.613,84.538,0.0011496832896271,36.0,2017-12-01,Dec 2017,3,4,1,40.67539999999996,-1.0623999999999612
2017,12,Air India,9975,1298442.0,81.823,1253744.0,5.923797896627049,18695.0,2017-12-01,Dec 2017,5,4,1,81.07226000000011,0.7507399999998796
2017,12,Air India Express,214,15888.0,63.447,19565.912,0.0724847940698241,327.0,2017-12-01,Dec 2017,6,4,1,63.86368000000005,-0.41668000000004923
2017,12,Alliance Air,2095,141201.0,82.229,63542.0,0.6441921832485671,3952.0,2017-12-01,Dec 2017,12,4,1,77.85904000000006,4.369959999999935
2017,12,Blue Dart Aviation,506,0.0,0.0,0.0,0.0,949.517,2017-12-01,Dec 2017,13,4,1,0.0,0.0
2017,12,Go First,6601,1080481.0,92.003,1029625.0,4.929408533569839,12454.216,2017-12-01,Dec 2017,16,4,1,90.38999999999994,1.6130000000000564
2017,12,IndiGo,28741,4430070.0,90.79,4352831.0,20.21102163046989,50863.6,2017-12-01,Dec 2017,17,4,1,90.64330000000005,0.14669999999995298
2017,12,Jet Airways,13375,1617784.0,88.514,1521413.0,7.380711234230635,23118.0,2017-12-01,Dec 2017,19,4,1,87.30288999999999,1.211110000000005
2017,12,JetLite,1955,255811.0,89.068,200908.0,1.1670699682650914,3123.0,2017-12-01,Dec 2017,20,4,1,85.63973000000004,3.428269999999955
2017,12,QuikJet Cargo,0,0.0,0.0,0.0,0.0,0.0,2017-12-01,Dec 2017,22,4,1,0.0,0.0
2017,12,SpiceJet,10947,1427146.0,95.599,1291141.0,6.510975825627718,14540.0,2017-12-01,Dec 2017,23,4,1,93.67026000000004,1.9287399999999622
2017,12,Total Domestic,81306,11206075.0,89.495,10671932.45,51.124750673842144,138668.566,2017-12-01,Dec 2017,25,4,1,87.38446999999995,2.110530000000054
2017,12,TruJet,560,29421.0,75.672,10859.0,0.1342255240639662,705.883,2017-12-01,Dec 2017,26,4,1,75.8779899999999,-0.20598999999990042
2017,12,Vistara,2986,412711.0,87.651,469209.0,1.882884683116262,5207.0,2017-12-01,Dec 2017,27,4,1,86.89819999999997,0.7528000000000219
2017,12,Zoom Air,124,3798.0,78.859,3663.0,0.0173273695793801,172.35,2017-12-01,Dec 2017,28,4,1,75.99979000000009,2.859209999999905
2018,1,Air Deccan,120,1071.0,50.294,342.0,0.0046776271930253,81.2,2018-01-01,Jan 2018,3,1,1,57.42627999999993,-7.1322799999999305
2018,1,Air India,10159,1369342.0,84.761,1326153.0,5.980645542251858,19364.0,2018-01-01,Jan 2018,5,1,1,82.32061000000003,2.440389999999965
2018,1,Air India Express,211,16417.0,61.944,20280.397,0.0717017792977567,307.0,2018-01-01,Jan 2018,6,1,1,61.48996999999999,0.45403000000001015
2018,1,AirAsia India,3264,489432.0,84.468,457114.0,2.1376101142266952,4686.0,2018-01-01,Jan 2018,10,1,1,81.45826999999997,3.009730000000033
2018,1,Alliance Air,2013,134627.0,81.649,60834.0,0.5879877834877926,3859.0,2018-01-01,Jan 2018,12,1,1,73.7271,7.921900000000008
2018,1,Blue Dart Aviation,506,0.0,0.0,0.0,0.0,893.833,2018-01-01,Jan 2018,13,1,1,0.0,0.0
2018,1,Go First,6829,1095127.0,90.031,1031414.0,4.783002647074032,12871.866,2018-01-01,Jan 2018,16,1,1,88.75616000000002,1.2748399999999833
2018,1,IndiGo,30101,4556904.0,89.683,4416727.0,19.902425832311916,53160.833,2018-01-01,Jan 2018,17,1,1,89.09490000000005,0.5880999999999545
2018,1,Jet Airways,13163,1629327.0,88.761,1517279.0,7.116138451475668,23051.0,2018-01-01,Jan 2018,19,1,1,88.12411000000016,0.6368899999998376
2018,1,JetLite,1981,262951.0,89.655,204351.0,1.148447010301786,3142.0,2018-01-01,Jan 2018,20,1,1,85.04824000000009,4.606759999999909
2018,1,SpiceJet,11145,1447537.0,95.047,1313294.0,6.322164737731427,14914.0,2018-01-01,Jan 2018,23,1,1,89.14737999999996,5.899620000000041
2018,1,Total Domestic,83188,11448112.0,89.064,10825347.397,50.0,142439.465,2018-01-01,Jan 2018,25,1,1,87.4824300000001,1.5815699999998998
2018,1,TruJet,617,32892.0,76.975,11938.0,0.143656875474314,758.166,2018-01-01,Jan 2018,26,1,1,75.83915000000007,1.1358499999999196
2018,1,Vistara,2978,409713.0,86.993,462847.0,1.78943479938002,5221.317,2018-01-01,Jan 2018,27,1,1,86.03252000000013,0.9604799999998619
2018,1,Zoom Air,101,2772.0,73.406,2774.0,0.0121067997937127,129.25,2018-01-01,Jan 2018,28,1,1,72.23599000000002,1.1700099999999907
2018,2,Air Deccan,78,927.0,68.173,299.963,0.0043236105422218,78.0,2018-02-01,Feb 2018,3,1,0,67.7115199999999,0.46148000000010825
2018,2,Air India,9158,1259379.0,86.99,1225278.0,5.873855794015918,17631.0,2018-02-01,Feb 2018,5,1,0,85.79920999999989,1.1907900000001064
2018,2,Air India Express,216,16920.0,67.552,21403.301,0.0789163865958931,335.0,2018-02-01,Feb 2018,6,1,0,67.36285999999993,0.18914000000008002
2018,2,Air Odisha,8,42.0,29.24,12.5,0.000195891739777,22.24,2018-02-01,Feb 2018,7,1,0,28.661009999999962,0.5789900000000365
2018,2,AirAsia India,2933,455887.0,88.011,430094.0,2.126297561231793,5233.0,2018-02-01,Feb 2018,10,1,0,83.35052000000003,4.660479999999964
2018,2,Alliance Air,2000,132115.0,82.049,59386.0,0.6161961238248478,3763.0,2018-02-01,Feb 2018,12,1,0,77.18669000000001,4.862309999999994
2018,2,Blue Dart Aviation,478,0.0,0.0,0.0,0.0,875.5,2018-02-01,Feb 2018,13,1,0,0.0,0.0
2018,2,Go First,6357,1020977.0,90.392,963904.0,4.761927638151017,12030.166,2018-02-01,Feb 2018,16,1,0,89.73624999999994,0.6557500000000545
2018,2,IndiGo,27700,4290189.0,91.789,4146528.0,20.009823504340915,49289.733,2018-02-01,Feb 2018,17,1,0,88.23460999999998,3.5543900000000264
2018,2,Jet Airways,12456,1562820.0,90.456,1457811.0,7.289131637103649,21978.0,2018-02-01,Feb 2018,19,1,0,88.07657000000005,2.3794299999999566
2018,2,JetLite,1721,231564.0,90.332,179729.0,1.0800351149935816,2824.0,2018-02-01,Feb 2018,20,1,0,88.1041400000001,2.227859999999893
2018,2,SpiceJet,10230,1331645.0,96.277,1198160.0,6.210910852747526,13732.0,2018-02-01,Feb 2018,23,1,0,93.26535999999993,3.011640000000071
2018,2,Total Domestic,76683,10720207.0,90.984,10139537.764,50.0,133431.639,2018-02-01,Feb 2018,25,1,0,87.03895000000011,3.945049999999881
2018,2,TruJet,568,30606.0,76.949,11033.0,0.1427491092289542,716.9,2018-02-01,Feb 2018,26,1,0,76.98073999999995,-0.03173999999995658
2018,2,Vistara,2680,384225.0,91.22,443008.0,1.7920596122817405,4796.1,2018-02-01,Feb 2018,27,1,0,88.77607000000003,2.443929999999966
2018,2,Zoom Air,100,2911.0,77.176,2891.0,0.0135771632021657,127.0,2018-02-01,Feb 2018,28,1,0,74.08478000000012,3.091219999999879
2018,3,Air Deccan,32,302.0,53.061,93.724,0.0013079444284728,32.0,2018-03-01,Mar 2018,3,1,1,48.298829999999995,4.762170000000005
2018,3,Air India,10242,1365653.0,84.032,1330262.2,5.914563684030769,19540.5,2018-03-01,Mar 2018,5,1,1,81.1588400000001,2.873159999999899
2018,3,Air India Express,243,18994.0,72.332,25180.8,0.0822619088556759,372.8,2018-03-01,Mar 2018,6,1,1,70.47080000000005,1.8611999999999398
2018,3,Air Odisha,16,75.0,26.201,22.26,0.0003248206362101,12.5,2018-03-01,Mar 2018,7,1,1,26.901110000000003,-0.7001100000000022
2018,3,AirAsia India,3625,523568.0,82.049,482817.9,2.267542544790384,6370.8,2018-03-01,Mar 2018,10,1,1,82.47073,-0.4217299999999966
2018,3,Alliance Air,2304,142441.0,76.176,62562.0,0.6169036832321437,4247.0,2018-03-01,Mar 2018,12,1,1,70.33036,5.845640000000003
2018,3,Blue Dart Aviation,501,0.0,0.0,0.0,0.0,921.667,2018-03-01,Mar 2018,13,1,1,0.0,0.0
2018,3,Go First,6641,1039974.0,87.996,997302.6,4.504066884293605,12030.166,2018-03-01,Mar 2018,16,1,1,88.34097,-0.34497000000000355
2018,3,IndiGo,30502,4576236.0,89.046,4428533.0,19.81941185290424,54229.1,2018-03-01,Mar 2018,17,1,1,88.29936000000006,0.7466399999999425
2018,3,Jet Airways,14330,1732912.0,86.206,1592578.9,7.505141044482844,24813.0,2018-03-01,Mar 2018,19,1,1,85.65078000000003,0.5552199999999772
2018,3,JetLite,1455,184334.0,87.138,146720.5,0.7983398287355046,2414.0,2018-03-01,Mar 2018,20,1,1,85.54215,1.5958499999999987
2018,3,SpiceJet,11517,1474206.0,95.023,1322851.5,6.384700410997716,15241.0,2018-03-01,Mar 2018,23,1,1,92.13565999999996,2.8873400000000373
2018,3,Total Domestic,85495,11544833.0,87.995,10920177.484,50.0,146985.873,2018-03-01,Mar 2018,25,1,1,87.88151999999998,0.113480000000024
2018,3,TruJet,846,42651.0,71.979,15114.1,0.1847189993999913,1031.95,2018-03-01,Mar 2018,26,1,1,70.96500000000006,1.013999999999939
2018,3,Vistara,3181,442122.0,88.215,514716.0,1.914804657633419,5655.85,2018-03-01,Mar 2018,27,1,1,87.63494000000004,0.5800599999999605
2018,3,Zoom Air,60,1365.0,63.539,1422.0,0.0059117355790248,73.54,2018-03-01,Mar 2018,28,1,1,63.80027000000001,-0.2612700000000103
2018,4,Air Deccan,78,468.0,34.959,158.983,0.0020391271908199,68.0,2018-04-01,Apr 2018,3,2,0,38.149779999999964,-3.190779999999961
2018,4,Air India,9913,1345592.0,84.377,1318494.0,5.86289152767052,19068.8,2018-04-01,Apr 2018,5,2,0,83.11917000000012,1.2578299999998706
2018,4,Air India Express,250,18590.0,66.356,22784.464,0.0809986634131259,372.7,2018-04-01,Apr 2018,6,2,0,68.24963999999993,-1.8936399999999338
2018,4,Air Odisha,134,666.0,26.027,138.419,0.0029018348484745,74.0,2018-04-01,Apr 2018,7,2,0,40.46952000000003,-14.44252000000003
2018,4,AirAsia India,3731,579203.0,87.49,550403.7,2.523650825436944,6722.2,2018-04-01,Apr 2018,10,2,0,80.58116000000001,6.908839999999984
2018,4,Alliance Air,2255,139655.0,76.348,61099.0,0.6084921107563263,4251.0,2018-04-01,Apr 2018,12,2,0,73.74360999999995,2.604390000000052
2018,4,Blue Dart Aviation,472,0.0,0.0,0.0,0.0,854.0,2018-04-01,Apr 2018,13,2,0,0.0,0.0
2018,4,Go First,6349,1009963.0,89.522,974781.9,4.4005192628677205,12114.25,2018-04-01,Apr 2018,16,2,0,89.21298,0.30902000000000385
2018,4,IndiGo,29818,4579916.0,91.919,4420575.0,19.95519497280205,52951.0,2018-04-01,Apr 2018,17,2,0,90.11839999999998,1.800600000000017
2018,4,Jet Airways,14001,1683573.0,85.629,1572237.9,7.335511713740004,24594.0,2018-04-01,Apr 2018,19,2,0,84.99022,0.6387800000000112
2018,4,JetLite,1321,173248.0,84.373,141474.0,0.7548604862290073,2261.0,2018-04-01,Apr 2018,20,2,0,81.67144000000006,2.701559999999944
2018,4,SpiceJet,11026,1426801.0,95.512,1284336.8,6.216728023480985,14732.0,2018-04-01,Apr 2018,23,2,0,93.50258999999998,2.009410000000017
2018,4,Total Domestic,83695,11475498.0,89.488,10905934.266,50.0,145279.463,2018-04-01,Apr 2018,25,2,0,86.29957999999995,3.1884200000000504
2018,4,TruJet,950,52947.0,79.727,18909.1,0.2306958704537267,1183.483,2018-04-01,Apr 2018,26,2,0,74.27661000000002,5.4503899999999845
2018,4,Vistara,3309,462622.0,88.762,538297.0,2.0156946565630527,5917.9,2018-04-01,Apr 2018,27,2,0,87.79833999999995,0.963660000000047
2018,4,Zoom Air,88,2254.0,68.624,2244.0,0.0098209245472396,115.13,2018-04-01,Apr 2018,28,2,0,68.86736999999992,-0.2433699999999277
2018,5,Air Deccan,172,1391.0,48.743,470.17,0.0058847748394611,160.0,2018-05-01,May 2018,3,2,1,50.338969999999996,-1.5959699999999941
2018,5,Air India,10291,1333851.0,81.697,1318502.8,5.642999859374611,19998.2,2018-05-01,May 2018,5,2,1,81.56107000000007,0.13592999999993083
2018,5,Air India Express,240,17789.0,73.342,25441.6,0.0752582743487953,336.9,2018-05-01,May 2018,6,2,1,65.87274000000002,7.469259999999977
2018,5,Air Odisha,156,867.0,32.063,190.32,0.0036679365821803,99.21,2018-05-01,May 2018,7,2,1,36.477620000000044,-4.414620000000042
2018,5,AirAsia India,4078,647586.0,89.727,611718.1,2.739682098624934,7299.7,2018-05-01,May 2018,10,2,1,87.88065999999998,1.8463400000000263
2018,5,Alliance Air,2320,137718.0,72.942,60114.0,0.5826307845729041,4385.0,2018-05-01,May 2018,12,2,1,68.11496000000005,4.82703999999994
2018,5,Blue Dart Aviation,497,0.0,0.0,0.0,0.0,906.283,2018-05-01,May 2018,13,2,1,0.0,0.0
2018,5,Go First,6542,1034197.0,89.159,1005378.7,4.375281441154706,12657.33,2018-05-01,May 2018,16,2,1,88.98478999999989,0.17421000000011588
2018,5,IndiGo,32110,4852909.0,90.968,4677509.0,20.53075253874517,57307.333,2018-05-01,May 2018,17,2,1,89.05940000000005,1.9085999999999501
2018,5,Jet Airways,14328,1618129.0,80.366,1517637.0,6.845668458808353,25490.0,2018-05-01,May 2018,19,2,1,82.27807999999999,-1.912079999999989
2018,5,JetLite,1459,182103.0,80.211,151125.6,0.7704062923007854,2548.0,2018-05-01,May 2018,20,2,1,80.38874000000006,-0.17774000000005685
2018,5,SpiceJet,11488,1459005.0,94.798,1319542.9,6.17247729306111,15429.0,2018-05-01,May 2018,23,2,1,93.81354999999996,0.984450000000038
2018,5,Total Domestic,88321,11818634.0,87.814,11267295.49,50.0,154401.316,2018-05-01,May 2018,25,2,1,87.90601000000008,-0.09201000000008719
2018,5,TruJet,980,56818.0,82.688,20529.5,0.2403746490499663,1239.3,2018-05-01,May 2018,26,2,1,81.19304000000007,1.494959999999935
2018,5,Vistara,3491,471499.0,85.714,554966.8,1.994727140209266,6327.5,2018-05-01,May 2018,27,2,1,85.03181999999998,0.6821800000000167
2018,5,Zoom Air,169,4772.0,69.914,4169.0,0.0201884583277559,217.56,2018-05-01,May 2018,28,2,1,62.18015999999999,7.733840000000015
2018,6,Air Deccan,75,573.0,44.699,201.467,0.0025380177788809,67.24,2018-06-01,Jun 2018,3,2,0,58.62250999999993,-13.92350999999993
2018,6,Air India,9921,1238131.0,81.381,1228357.5,5.484116039413069,19060.0,2018-06-01,Jun 2018,5,2,0,81.5347900000001,-0.15379000000010024
2018,6,Air India Express,251,13637.0,65.223,21642.1,0.0604030513972075,372.83,2018-06-01,Jun 2018,6,2,0,63.96230999999999,1.260690000000011
2018,6,Air Odisha,72,468.0,33.49,124.751,0.0020729359869394,92.39,2018-06-01,Jun 2018,7,2,0,28.539220000000004,4.950779999999998
2018,6,AirAsia India,3849,600731.0,74.039,594715.2,2.660848094807942,12364.7,2018-06-01,Jun 2018,10,2,0,77.00325,-2.9642499999999927
2018,6,Alliance Air,2152,131358.0,72.548,56370.0,0.5818306097700663,4133.0,2018-06-01,Jun 2018,12,2,0,73.39975000000003,-0.851750000000024
2018,6,Blue Dart Aviation,509,0.0,0.0,0.0,0.0,951.0,2018-06-01,Jun 2018,13,2,0,0.0,0.0
2018,6,Go First,6663,1054793.0,88.584,1027052.997,4.672047795879943,12868.483,2018-06-01,Jun 2018,16,2,0,87.50349999999997,1.080500000000029
2018,6,IndiGo,31979,4672686.0,88.313,4565770.0,20.696963600572875,56937.083,2018-06-01,Jun 2018,17,2,0,88.17098000000004,0.14201999999995962
2018,6,Jet Airways,13543,1502783.0,79.463,1411035.5,6.656352481326524,23952.0,2018-06-01,Jun 2018,19,2,0,82.43080999999997,-2.9678099999999716
2018,6,JetLite,1558,194304.0,79.647,159300.0,0.860640500013421,2615.0,2018-06-01,Jun 2018,20,2,0,78.79572999999999,0.8512700000000137
2018,6,SpiceJet,11015,1370265.0,93.307,1226187.116,6.069383825093103,14724.0,2018-06-01,Jun 2018,23,2,0,93.27132999999998,0.035670000000024515
2018,6,Total Domestic,86062,11288337.0,85.329,10841706.531,50.0,155578.77,2018-06-01,Jun 2018,25,2,0,86.08122999999995,-0.7522299999999547
2018,6,TruJet,938,52173.0,78.994,18740.5,0.2310924983901526,1185.833,2018-06-01,Jun 2018,26,2,0,77.48653000000002,1.5074699999999837
2018,6,Vistara,3385,452177.0,84.831,528328.4,2.0028503755690497,6067.2,2018-06-01,Jun 2018,27,2,0,85.90496999999996,-1.0739699999999601
2018,6,Zoom Air,152,4258.0,24.865,3881.0,0.0188601740008293,188.01,2018-06-01,Jun 2018,28,2,0,45.121839999999935,-20.256839999999936
2018,7,Air Deccan,17,58.0,18.977,18.114,0.0002487557281367,16.0,2018-07-01,Jul 2018,3,3,0,33.65141999999996,-14.674419999999959
2018,7,Air India,9631,1255241.0,82.872,1222820.3,5.383592912794906,18311.6,2018-07-01,Jul 2018,5,3,0,82.04278000000008,0.8292199999999212
2018,7,Air India Express,252,14499.0,62.1,20645.0,0.0621846431423235,396.67,2018-07-01,Jul 2018,6,3,0,62.98332000000008,-0.8833200000000758
2018,7,Air Odisha,24,186.0,6.697,7.264,0.0007977338867833,30.0,2018-07-01,Jul 2018,7,3,0,18.05750999999998,-11.36050999999998
2018,7,AirAsia India,3885,557633.0,80.386,556996.3,2.391627637035885,12459.8,2018-07-01,Jul 2018,10,3,0,79.15344000000016,1.232559999999836
2018,7,Alliance Air,2259,134169.0,72.072,57904.0,0.5754363325582734,4254.0,2018-07-01,Jul 2018,12,3,0,71.51835000000004,0.553649999999962
2018,7,Blue Dart Aviation,497,0.0,0.0,0.0,0.0,913.417,2018-07-01,Jul 2018,13,3,0,0.0,0.0
2018,7,Go First,6537,1026758.0,87.185,1002176.5,4.403654032935086,12562.266,2018-07-01,Jul 2018,16,3,0,87.18126000000004,0.0037399999999649935
2018,7,IndiGo,33767,5002416.0,88.334,4804228.0,21.45482128487824,59674.55,2018-07-01,Jul 2018,17,3,0,84.06918999999995,4.264810000000054
2018,7,Jet Airways,12697,1565793.0,83.875,1473747.6,6.715516859076363,22789.0,2018-07-01,Jul 2018,19,3,0,83.28521,0.5897899999999936
2018,7,JetLite,1342,171138.0,80.452,132752.2,0.7339923758942661,2191.0,2018-07-01,Jul 2018,20,3,0,78.27906000000011,2.1729399999998833
2018,7,SpiceJet,11401,1427257.0,93.76,1248730.6,6.121350935746138,15101.0,2018-07-01,Jul 2018,23,3,0,93.65227999999993,0.10772000000007154
2018,7,Total Domestic,86694,11658023.0,86.615,11060615.778,50.0,155962.539,2018-07-01,Jul 2018,25,3,0,85.5325599999999,1.0824400000000907
2018,7,TruJet,980,51402.0,74.762,18556.3,0.220457619615264,1230.117,2018-07-01,Jul 2018,26,3,0,74.47249999999994,0.2895000000000607
2018,7,Vistara,3405,451473.0,84.107,522033.6,1.9363188767083408,6033.12,2018-07-01,Jul 2018,27,3,0,84.21556999999999,-0.10856999999998607
2018,7,Zoom Air,0,0.0,0.0,0.0,0.0,0.0,2018-07-01,Jul 2018,28,3,0,0.0,0.0
2018,8,Air Deccan,152,1374.0,52.347,442.647,0.0060693249426462,120.0,2018-08-01,Aug 2018,3,3,0,53.993150000000014,-1.6461500000000129
2018,8,Air India,9639,1265214.0,83.109,1239689.66,5.588788128082369,18228.93,2018-08-01,Aug 2018,5,3,0,81.77597000000006,1.3330299999999369
2018,8,Air India Express,203,16703.0,68.865,21767.81,0.0737816117299996,330.83,2018-08-01,Aug 2018,6,3,0,66.5687299999999,2.296270000000092
2018,8,Air Odisha,146,553.0,24.938,124.06,0.0024427486850679,92.39,2018-08-01,Aug 2018,7,3,0,30.020560000000028,-5.082560000000029
2018,8,AirAsia India,3916,537079.0,76.602,550158.29,2.3724213761801174,7443.65,2018-08-01,Aug 2018,10,3,0,79.51138999999998,-2.9093899999999735
2018,8,Alliance Air,2358,132970.0,68.464,56929.0,0.5873640011817073,4416.0,2018-08-01,Aug 2018,12,3,0,67.40456,1.059439999999995
2018,8,Blue Dart Aviation,496,0.0,0.0,0.0,0.0,895.917,2018-08-01,Aug 2018,13,3,0,0.0,0.0
2018,8,Go First,6687,1014015.0,84.609,992139.22,4.479175059474084,12742.066,2018-08-01,Aug 2018,16,3,0,85.50110000000006,-0.8921000000000703
2018,8,IndiGo,34409,4757378.0,82.846,4610890.0,21.014609139007508,60802.9,2018-08-01,Aug 2018,17,3,0,83.92985999999988,-1.0838599999998735
2018,8,Jet Airways,13005,1552418.0,81.985,1460931.2,6.857444897243767,22839.0,2018-08-01,Aug 2018,19,3,0,82.28920999999993,-0.3042099999999266
2018,8,JetLite,1295,163476.0,79.22,130673.13,0.7221171501630501,2127.0,2018-08-01,Aug 2018,20,3,0,78.64366000000008,0.5763399999999166
2018,8,SpiceJet,11328,1404424.0,93.588,1229718.59,6.203715875728496,14816.0,2018-08-01,Aug 2018,23,3,0,93.51696999999996,0.0710300000000359
2018,8,Total Domestic,87903,11319216.0,83.41,10805587.347,50.0,151850.736,2018-08-01,Aug 2018,25,3,0,84.01046999999998,-0.6004699999999872
2018,8,TruJet,948,50627.0,75.723,18001.07,0.2236329795279107,1164.083,2018-08-01,Aug 2018,26,3,0,75.92144000000002,-0.19844000000001927
2018,8,Vistara,3321,422985.0,81.539,494122.67,1.8684377080532788,5831.97,2018-08-01,Aug 2018,27,3,0,84.40199999999997,-2.862999999999971
2018,8,Zoom Air,0,0.0,0.0,0.0,0.0,0.0,2018-08-01,Aug 2018,28,3,0,0.0,0.0
2018,9,Air Deccan,192,1268.0,42.496,377.093,0.0055791658108719,150.0,2018-09-01,Sep 2018,3,3,0,46.18958000000005,-3.693580000000047
2018,9,Air India,9180,1173238.0,82.11,1150285.403,5.162215565943011,17076.917,2018-09-01,Sep 2018,5,3,0,82.25600999999995,-0.14600999999994713
2018,9,Air India Express,226,15855.0,66.591,22424.954,0.0697615725010837,360.67,2018-09-01,Sep 2018,6,3,0,65.45336999999996,1.13763000000003
2018,9,Air Odisha,64,295.0,0.0,0.0,0.0012979920459047,0.0,2018-09-01,Sep 2018,7,3,0,8.254010000000001,-8.254010000000001
2018,9,AirAsia India,3861,498138.0,71.188,490208.02,2.191793768687785,12077.0,2018-09-01,Sep 2018,10,3,0,74.72629000000006,-3.5382900000000603
2018,9,Alliance Air,2396,129952.0,65.042,54847.0,0.5717852960997055,4430.0,2018-09-01,Sep 2018,12,3,0,65.50469000000007,-0.462690000000066
2018,9,Blue Dart Aviation,466,0.0,0.0,0.0,0.0,857.083,2018-09-01,Sep 2018,13,3,0,0.0,0.0
2018,9,Go First,6086,989309.0,90.59,960011.867,4.352932925227035,11526.633,2018-09-01,Sep 2018,16,3,0,89.30030000000006,1.2896999999999395
2018,9,IndiGo,35602,4920335.0,82.703,4753181.0,21.64934133283631,62407.7,2018-09-01,Sep 2018,17,3,0,84.25115999999997,-1.5481599999999673
2018,9,Jet Airways,12706,1604196.0,84.903,1502921.719,7.058419146007473,22153.0,2018-09-01,Sep 2018,19,3,0,83.94860000000006,0.95439999999995
2018,9,JetLite,1397,182290.0,82.992,143058.194,0.8020710849083916,2240.0,2018-09-01,Sep 2018,20,3,0,79.8196700000001,3.172329999999903
2018,9,SpiceJet,10975,1362564.0,93.171,1214945.834,5.995244861139491,14500.0,2018-09-01,Sep 2018,23,3,0,93.15476000000007,0.016239999999939414
2018,9,Total Domestic,87353,11363706.0,83.965,10812669.802,50.0,154580.703,2018-09-01,Sep 2018,25,3,0,83.85766000000005,0.10733999999995092
2018,9,TruJet,938,50203.0,76.073,18040.295,0.2208918463747654,1158.3,2018-09-01,Sep 2018,26,3,0,75.1202900000001,0.9527099999998967
2018,9,Vistara,3264,436063.0,84.872,502368.423,1.9186654424181688,5643.4,2018-09-01,Sep 2018,27,3,0,84.96587,-0.09386999999999546
2018,9,Zoom Air,0,0.0,0.0,0.0,0.0,0.0,2018-09-01,Sep 2018,28,3,0,0.0,0.0
2018,10,Air Deccan,80,203.0,18.619,52.406,0.0008597773456208,60.0,2018-10-01,Oct 2018,3,4,1,32.16961000000003,-13.550610000000027
2018,10,Air India,10234,1276807.0,79.424,1254204.383,5.407732676502971,19104.35,2018-10-01,Oct 2018,5,4,1,79.72426000000002,-0.30026000000000863
2018,10,Air India Express,263,15386.0,57.321,18625.76,0.065165193299124,391.17,2018-10-01,Oct 2018,6,4,1,59.31434999999996,-1.993349999999964
2018,10,Air Odisha,0,0.0,0.0,0.0,0.0,0.0,2018-10-01,Oct 2018,7,4,1,0.0,0.0
2018,10,AirAsia India,4315,643358.0,83.695,635667.4,2.7248504114479317,7995.08,2018-10-01,Oct 2018,10,4,1,84.42739999999995,-0.7323999999999558
2018,10,Alliance Air,2369,123014.0,65.534,51236.0,0.5210081300206973,4086.0,2018-10-01,Oct 2018,12,4,1,66.54416999999994,-1.0101699999999312
2018,10,Blue Dart Aviation,539,0.0,0.0,0.0,0.0,947.666,2018-10-01,Oct 2018,13,4,1,0.0,0.0
2018,10,Go First,6902,1047651.0,84.101,1019261.21,4.4371753493449,13074.833,2018-10-01,Oct 2018,16,4,1,85.06534999999994,-0.9643499999999392
2018,10,IndiGo,37403,5074853.0,83.106,4998733.0,21.4938110431327,64970.366,2018-10-01,Oct 2018,17,4,1,84.19978999999988,-1.0937899999998848
2018,10,Jet Airways,13078,1562304.0,81.609,1490663.53,6.616914217600074,22935.0,2018-10-01,Oct 2018,19,4,1,81.86198000000012,-0.25298000000012166
2018,10,JetLite,1506,188698.0,80.198,149785.45,0.7992032786401999,2441.0,2018-10-01,Oct 2018,20,4,1,80.88115000000009,-0.6831500000000972
2018,10,SpiceJet,11518,1382010.0,90.799,1239910.21,5.853304873997301,18367.0,2018-10-01,Oct 2018,23,4,1,91.48159000000005,-0.6825900000000473
2018,10,Total Domestic,92661,11805382.0,83.007,11386615.685,50.0,161629.501,2018-10-01,Oct 2018,25,4,1,84.15842000000009,-1.151420000000087
2018,10,TruJet,984,56337.0,81.706,20281.443,0.2386072725135027,1234.466,2018-10-01,Oct 2018,26,4,1,80.38071000000005,1.3252899999999528
2018,10,Vistara,3470,434761.0,79.718,508194.893,1.8413677761549772,6022.57,2018-10-01,Oct 2018,27,4,1,81.19565999999995,-1.4776599999999434
2018,10,Zoom Air,0,0.0,0.0,0.0,0.0,0.0,2018-10-01,Oct 2018,28,4,1,0.0,0.0
2018,11,Air Deccan,0,0.0,0.0,0.0,0.0,0.0,2018-11-01,Nov 2018,3,4,1,0.18977,-0.18977
2018,11,Air India,9822,1242223.0,76.868,1177788.474,5.351398859572623,14215.0,2018-11-01,Nov 2018,5,4,1,77.3035400000001,-0.4355400000001026
2018,11,Air India Express,292,17038.0,60.334,22344.562,0.073398362266194,431.82,2018-11-01,Nov 2018,6,4,1,61.75084999999994,-1.4168499999999398
2018,11,Air Odisha,0,0.0,0.0,0.0,0.0,0.0,2018-11-01,Nov 2018,7,4,1,0.0,0.0
2018,11,AirAsia India,3969,617740.0,88.225,613381.53,2.6611752732902163,7323.78,2018-11-01,Nov 2018,10,4,1,87.29395000000008,0.9310499999999138
2018,11,Alliance Air,2439,129339.0,68.006,54169.0,0.5571822266197483,4163.0,2018-11-01,Nov 2018,12,4,1,67.35350000000003,0.652499999999975
2018,11,Blue Dart Aviation,479,0.0,0.0,0.0,0.0,869.167,2018-11-01,Nov 2018,13,4,1,0.0,0.0
2018,11,Go First,6502,1019398.0,87.579,1007827.395,4.391486306927671,12871.866,2018-11-01,Nov 2018,16,4,1,87.22056999999995,0.3584300000000411
2018,11,IndiGo,36011,5005919.0,84.855,4916916.0,21.565104838433136,63706.45,2018-11-01,Nov 2018,17,4,1,85.94094999999989,-1.0859499999998832
2018,11,Jet Airways,12086,1477384.0,82.116,1422400.902,6.364453928763869,21820.0,2018-11-01,Nov 2018,19,4,1,84.41212,-2.296120000000002
2018,11,JetLite,1341,174535.0,80.876,138431.774,0.7518830354578105,2174.0,2018-11-01,Nov 2018,20,4,1,80.3962600000001,0.47973999999990724
2018,11,SpiceJet,11794,1454822.0,91.053,1330630.801,6.267258609509857,16007.0,2018-11-01,Nov 2018,23,4,1,92.04694999999994,-0.9939499999999413
2018,11,Total Domestic,89032,11606526.0,84.141,11190323.201,50.0,150652.429,2018-11-01,Nov 2018,25,4,1,85.20376999999988,-1.0627699999998725
2018,11,TruJet,955,52696.0,78.811,19005.415,0.2270102182168893,1203.967,2018-11-01,Nov 2018,26,4,1,77.6652999999999,1.1457000000001045
2018,11,Vistara,3342,415432.0,78.464,487427.348,1.789648340941984,5866.38,2018-11-01,Nov 2018,27,4,1,80.37050999999998,-1.906509999999983
2018,11,Zoom Air,0,0.0,0.0,0.0,0.0,0.0,2018-11-01,Nov 2018,28,4,1,0.0,0.0
2018,12,Air Deccan,0,0.0,0.0,0.0,0.0,0.0,2018-12-01,Dec 2018,3,4,1,0.18977,-0.18977
2018,12,Air India,10515,1372904.0,79.639,1313600.0,5.426579529653015,19972.0,2018-12-01,Dec 2018,5,4,1,80.03031000000004,-0.3913100000000469
2018,12,Air India Express,300,19040.0,65.742,25437.0,0.0752580473540709,446.48,2018-12-01,Dec 2018,6,4,1,66.55554000000008,-0.8135400000000743
2018,12,Air Odisha,0,0.0,0.0,0.0,0.0,0.0,2018-12-01,Dec 2018,7,4,1,0.0,0.0
2018,12,AirAsia India,4213,673179.0,89.625,654723.77,2.66082652624822,7726.65,2018-12-01,Dec 2018,10,4,1,87.86783000000001,1.757169999999988
2018,12,Alliance Air,3201,143712.0,69.238,61431.0,0.5680401523817354,4613.0,2018-12-01,Dec 2018,12,4,1,66.14408,3.093919999999997
2018,12,Blue Dart Aviation,488,0.0,0.0,0.0,0.0,885.167,2018-12-01,Dec 2018,13,4,1,0.0,0.0
2018,12,Go First,6853,1111770.0,88.506,1090067.199,4.394413829140516,13106.933,2018-12-01,Dec 2018,16,4,1,87.50816000000003,0.9978399999999681
2018,12,IndiGo,37305,5478523.0,88.925,5425426.0,21.65456635317052,66564.5,2018-12-01,Dec 2018,17,4,1,88.66851000000001,0.25648999999998523
2018,12,Jet Airways,11741,1537426.0,87.03,1471987.26,6.076873881900202,21349.0,2018-12-01,Dec 2018,19,4,1,85.88975999999998,1.14024000000002
2018,12,JetLite,1579,214385.0,85.688,166417.618,0.8473842690127362,2592.0,2018-12-01,Dec 2018,20,4,1,81.28031000000001,4.407689999999988
2018,12,SpiceJet,12473,1563700.0,92.73,1448751.49,6.180725244094576,17115.0,2018-12-01,Dec 2018,23,4,1,92.45243999999983,0.2775600000001788
2018,12,Total Domestic,93259,12649810.0,87.493,12242201.326,50.0,161978.746,2018-12-01,Dec 2018,25,4,1,87.74789000000014,-0.2548900000001453
2018,12,TruJet,1009,57038.0,80.333,20583.199,0.2254500265221374,1278.167,2018-12-01,Dec 2018,26,4,1,78.61805999999987,1.7149400000001265
2018,12,Vistara,3582,478133.0,83.077,563776.79,1.8898821405222688,6329.85,2018-12-01,Dec 2018,27,4,1,83.6731800000001,-0.5961800000001034
2018,12,Zoom Air,0,0.0,0.0,0.0,0.0,0.0,2018-12-01,Dec 2018,28,4,1,0.0,0.0
2019,1,Air Heritage,36,307.0,34.238,103.721,0.0012310456068313,25.0,2019-01-01,Jan 2019,4,1,1,45.87727999999996,-11.639279999999964
2019,1,Air India,10378,1343960.0,78.452,1278677.705,5.3891728135407,19895.483,2019-01-01,Jan 2019,5,1,1,80.09846000000009,-1.64646000000009
2019,1,Air India Express,294,18115.0,65.784,24981.0,0.0726397106441335,440.57,2019-01-01,Jan 2019,6,1,1,65.39103999999999,0.3929600000000164
2019,1,AirAsia India,4190,666971.0,89.486,714801.97,2.674500714768337,7626.43,2019-01-01,Jan 2019,10,1,1,88.05814000000001,1.4278599999999955
2019,1,Alliance Air,2606,138705.0,65.695,58712.999,0.5561960289756859,4638.0,2019-01-01,Jan 2019,12,1,1,64.32333000000008,1.3716699999999094
2019,1,Go First,6813,1087717.0,87.386,1060701.668,4.361658743731993,10786.133,2019-01-01,Jan 2019,16,1,1,89.68090000000001,-2.2949000000000126
2019,1,IndiGo,37199,5321832.0,86.441,5282940.0,21.34012346545353,67118.433,2019-01-01,Jan 2019,17,1,1,86.55566999999992,-0.11466999999991856
2019,1,Jet Airways,11388,1481560.0,86.151,1408836.7,5.940937880315902,20674.0,2019-01-01,Jan 2019,19,1,1,87.18882999999998,-1.0378299999999854
2019,1,JetLite,1599,215128.0,84.152,166936.92,0.8626461866658112,2626.0,2019-01-01,Jan 2019,20,1,1,83.97868000000004,0.17331999999996128
2019,1,SpiceJet,13271,1665660.0,90.855,1568335.01,6.67916425236034,18645.0,2019-01-01,Jan 2019,23,1,1,90.77736999999983,0.07763000000016973
2019,1,Star Air,24,637.0,54.254,1780.278,0.0025543193861613,25.0,2019-01-01,Jan 2019,24,1,1,51.92123999999996,2.332760000000036
2019,1,Total Domestic,92783,12469075.0,85.928,12148303.733,50.0,160917.985,2019-01-01,Jan 2019,25,1,1,86.33628999999993,-0.408289999999937
2019,1,TruJet,1064,58143.0,78.03,21171.632,0.2331488101563267,1337.05,2019-01-01,Jan 2019,26,1,1,77.64711999999997,0.38288000000002853
2019,1,Vistara,3454,470340.0,84.179,560324.13,1.8860260283942476,6240.47,2019-01-01,Jan 2019,27,1,1,83.94366000000004,0.23533999999996524
2019,2,Air Heritage,26,225.0,96.041,87.552,0.0009936802817352,22.0,2019-02-01,Feb 2019,4,1,0,80.0595500000001,15.981449999999896
2019,2,Air India,9320,1286834.0,84.013,1235346.0,5.683118096295834,17775.0,2019-02-01,Feb 2019,5,1,0,84.81076999999998,-0.7977699999999714
2019,2,Air India Express,256,14354.0,62.211,20106.0,0.0633923856179044,380.87,2019-02-01,Feb 2019,6,1,0,63.90234000000003,-1.6913400000000323
2019,2,AirAsia India,3528,583216.0,92.939,634592.868,2.57568995196682,6521.83,2019-02-01,Feb 2019,10,1,0,76.96545000000008,15.973549999999918
2019,2,Alliance Air,2214,127312.0,69.047,53354.0,0.5622552179034865,4015.0,2019-02-01,Feb 2019,12,1,0,70.01273999999992,-0.9657399999999257
2019,2,Go First,6037,1026676.0,92.554,999484.096,4.5341675419149805,9467.95,2019-02-01,Feb 2019,16,1,0,91.06629000000004,1.4877099999999643
2019,2,IndiGo,33596,4930608.0,88.409,4841086.0,21.775324206961432,60391.583,2019-02-01,Feb 2019,17,1,0,86.72196999999997,1.6870300000000356
2019,2,Jet Airways,8312,1129751.0,89.393,1060084.925,4.98938351986994,15013.0,2019-02-01,Feb 2019,19,1,0,88.83859999999999,0.5544000000000153
2019,2,JetLite,1156,158576.0,87.917,111303.688,0.7003281971398083,1755.0,2019-02-01,Feb 2019,20,1,0,85.83650000000009,2.0804999999999154
2019,2,SpiceJet,12059,1557868.0,94.041,1464787.81,6.880100947317367,16961.0,2019-02-01,Feb 2019,23,1,0,93.53360999999997,0.5073900000000293
2019,2,Star Air,100,2603.0,52.506,1194.397,0.0114957767704754,104.0,2019-02-01,Feb 2019,24,1,0,55.78954000000003,-3.2835400000000305
2019,2,Total Domestic,81139,11321549.0,89.113,10972362.789,50.0,140023.118,2019-02-01,Feb 2019,25,1,0,87.36090000000004,1.752099999999956
2019,2,TruJet,966,51164.0,75.903,18471.718,0.2259584797097994,1209.817,2019-02-01,Feb 2019,26,1,0,75.97588000000005,-0.07288000000004047
2019,2,Vistara,3137,452362.0,89.115,532463.735,1.997791998250416,5634.235,2019-02-01,Feb 2019,27,1,0,88.19938999999991,0.9156100000000862
2019,3,Air India,10247,1345336.0,79.608,1275956.51,5.820026897815297,18983.0,2019-03-01,Mar 2019,5,1,1,80.72315000000012,-1.1151500000001136
2019,3,Air India Express,277,13074.0,55.772,19537.0,0.0565591284720227,401.04,2019-03-01,Mar 2019,6,1,1,58.07040999999998,-2.2984099999999827
2019,3,AirAsia India,4358,686701.0,88.51,743864.485,2.970721285059392,8007.73,2019-03-01,Mar 2019,10,1,1,85.05235000000008,3.45764999999993
2019,3,Alliance Air,2414,129478.0,64.399,53681.29,0.5601317757610954,4314.0,2019-03-01,Mar 2019,12,1,1,65.45614000000006,-1.0571400000000608
2019,3,Go First,6862,1148587.0,91.386,1114700.284,4.968875607640752,10448.85,2019-03-01,Mar 2019,16,1,1,90.62146000000017,0.7645399999998261
2019,3,IndiGo,38220,5440796.0,85.95,5391425.0,23.5373015109429,67719.3,2019-03-01,Mar 2019,17,1,1,86.19426999999992,-0.24426999999991494
2019,3,Jet Airways,4442,529832.0,86.672,488152.561,2.292093938854884,7694.0,2019-03-01,Mar 2019,19,1,1,88.40481999999992,-1.7328199999999185
2019,3,JetLite,967,134037.0,87.517,101133.182,0.5798543600278807,1445.0,2019-03-01,Mar 2019,20,1,1,83.20901999999995,4.307980000000043
2019,3,SpiceJet,12968,1581456.0,93.035,1458326.357,6.841500158853542,17576.0,2019-03-01,Mar 2019,23,1,1,92.49908999999988,0.5359100000001149
2019,3,Star Air,154,4145.0,54.785,1906.451,0.0179315884592729,161.2,2019-03-01,Mar 2019,24,1,1,55.779049999999955,-0.9940499999999588
2019,3,Total Domestic,85931,11557816.0,86.533,11247421.449,50.0,145050.633,2019-03-01,Mar 2019,25,1,1,87.23683000000007,-0.7038300000000675
2019,3,TruJet,1073,53946.0,73.238,19170.635,0.2333745406571622,1335.8,2019-03-01,Mar 2019,26,1,1,74.15646000000007,-0.9184600000000671
2019,3,Vistara,3485,490428.0,86.792,579567.694,2.121629207455803,6104.63,2019-03-01,Mar 2019,27,1,1,85.71395999999999,1.0780400000000157
2019,4,Air India,10377,1344054.0,82.153,1314554.09,6.127625655046042,18942.0,2019-04-01,Apr 2019,5,2,0,80.55554000000005,1.5974599999999555
2019,4,Air India Express,276,17066.0,64.522,23536.19,0.077804953840408,417.13,2019-04-01,Apr 2019,6,2,0,65.00265999999999,-0.4806599999999861
2019,4,AirAsia India,4461,677989.0,87.473,742315.96,3.0909939557778268,8049.0,2019-04-01,Apr 2019,10,2,0,80.70106000000004,6.771939999999958
2019,4,Alliance Air,2385,134597.0,67.753,56195.0,0.6136360818034337,4257.0,2019-04-01,Apr 2019,12,2,0,69.18736999999994,-1.4343699999999444
2019,4,Go First,7143,1190386.0,90.832,1142651.091,5.42704369988679,10757.03,2019-04-01,Apr 2019,16,2,0,90.31556000000012,0.516439999999875
2019,4,IndiGo,37911,5481088.0,87.771,5399413.0,24.988620580992286,66485.2,2019-04-01,Apr 2019,17,2,0,84.51084999999993,3.260150000000067
2019,4,Jet Airways,1086,86256.0,76.318,67994.306,0.3932464607089087,2765.0,2019-04-01,Apr 2019,19,2,0,77.40062000000007,-1.0826200000000767
2019,4,JetLite,127,17053.0,79.091,14638.85,0.0777456860330761,220.0,2019-04-01,Apr 2019,20,2,0,67.06633999999998,12.024660000000011
2019,4,SpiceJet,11983,1440598.0,93.738,1317633.332,6.567775746664956,16146.0,2019-04-01,Apr 2019,23,2,0,93.48298999999999,0.25501000000001284
2019,4,Star Air,148,3956.0,53.552,1790.961,0.0180356496772913,158.0,2019-04-01,Apr 2019,24,2,0,55.82065999999997,-2.2686599999999686
2019,4,Total Domestic,81266,10967168.0,87.489,10680724.081,50.0,136682.409,2019-04-01,Apr 2019,25,2,0,84.58821999999984,2.900780000000168
2019,4,TruJet,1146,57496.0,72.6,20760.5,0.2621278346424528,1453.233,2019-04-01,Apr 2019,26,2,0,73.8861100000001,-1.2861100000001073
2019,4,Vistara,3755,516629.0,84.559,579240.801,2.35534369492653,6250.15,2019-04-01,Apr 2019,27,2,0,85.38215000000008,-0.8231500000000835
2019,5,Air India,10757,1429384.0,83.292,1387334.975,5.881392053111037,19769.95,2019-05-01,May 2019,5,2,1,82.22574000000012,1.066259999999886
2019,5,Air India Express,291,15861.0,60.977,23121.102,0.0652622104027988,442.96,2019-05-01,May 2019,6,2,1,62.49205,-1.5150500000000022
2019,5,AirAsia India,4860,768200.0,88.527,806091.743,3.1608618644114523,8891.267,2019-05-01,May 2019,10,2,1,88.24480000000003,0.2821999999999747
2019,5,Alliance Air,2617,152294.0,70.533,64350.0,0.6266340754734154,4703.0,2019-05-01,May 2019,12,2,1,68.43866000000007,2.0943399999999315
2019,5,Go First,8119,1355072.0,93.311,1303857.818,5.575625368825508,12223.9,2019-05-01,May 2019,16,2,1,92.35523999999994,0.955760000000069
2019,5,IndiGo,39934,5979551.0,90.91,5871438.0,24.603664048689616,70246.0,2019-05-01,May 2019,17,2,1,86.94217999999994,3.96782000000006
2019,5,Jet Airways,0,0.0,0.0,0.0,0.0,0.0,2019-05-01,May 2019,19,2,1,0.0,0.0
2019,5,JetLite,0,0.0,0.0,0.0,0.0,0.0,2019-05-01,May 2019,20,2,1,0.0,0.0
2019,5,Pawan Hans,82,237.0,21.93,15.135,0.0009751682659014,52.0,2019-05-01,May 2019,21,2,1,26.79352999999999,-4.86352999999999
2019,5,SpiceJet,14773,1802705.0,93.865,1728070.602,7.417471345071397,20854.0,2019-05-01,May 2019,23,2,1,93.27970999999985,0.5852900000001426
2019,5,Star Air,184,5612.0,62.154,2998.187,0.0230913261951016,201.0,2019-05-01,May 2019,24,2,1,56.00238,6.151620000000001
2019,5,Total Domestic,87461,12151749.0,89.884,11838529.314,50.0,146507.009,2019-05-01,May 2019,25,2,1,88.01497000000003,1.8690299999999667
2019,5,TruJet,1216,64218.0,76.214,22868.0,0.264233568353,1548.817,2019-05-01,May 2019,26,2,1,74.80335,1.410650000000004
2019,5,Vistara,4143,578615.0,85.646,628383.752,2.3807889712007717,6710.45,2019-05-01,May 2019,27,2,1,85.85680999999998,-0.21080999999998085
2019,6,Air India,10359,1354156.0,81.714,1331384.26,5.647321605439488,19353.95,2019-06-01,Jun 2019,5,2,0,81.29941,0.414590000000004
2019,6,Air India Express,287,14298.0,58.011,21996.223,0.0596278451777888,431.93,2019-06-01,Jun 2019,6,2,0,60.74731000000007,-2.736310000000067
2019,6,AirAsia India,4770,771955.0,90.711,818615.894,3.2193322999174683,8756.15,2019-06-01,Jun 2019,10,2,0,87.42298999999998,3.288010000000014
2019,6,Alliance Air,2494,147259.0,70.904,61093.0,0.6141234335596589,4511.0,2019-06-01,Jun 2019,12,2,0,69.4072800000001,1.4967199999998968
2019,6,Go First,7889,1330396.0,94.039,1279195.672,5.548233788862046,11980.7,2019-06-01,Jun 2019,16,2,0,92.92738000000001,1.1116199999999878
2019,6,IndiGo,38698,5778376.0,90.092,5658684.0,24.097923451325403,68381.0,2019-06-01,Jun 2019,17,2,0,89.41437999999995,0.6776200000000472
2019,6,Jet Airways,0,0.0,0.0,0.0,0.0,0.0,2019-06-01,Jun 2019,19,2,0,0.0,0.0
2019,6,JetLite,0,0.0,0.0,0.0,0.0,0.0,2019-06-01,Jun 2019,20,2,0,0.0,0.0
2019,6,Pawan Hans,84,282.0,27.014,22.53,0.0011760422674595,57.0,2019-06-01,Jun 2019,21,2,0,26.553559999999997,0.46044000000000196
2019,6,SpiceJet,15208,1875606.0,93.697,1818349.0,7.821957209576988,21867.0,2019-06-01,Jun 2019,23,2,0,92.76229000000005,0.9347099999999529
2019,6,Star Air,202,5473.0,55.819,3179.253,0.0228243947865462,245.0,2019-06-01,Jun 2019,24,2,0,54.974500000000035,0.844499999999968
2019,6,Total Domestic,86456,11989365.0,89.345,11705283.461,50.0,144405.883,2019-06-01,Jun 2019,25,2,0,87.63542000000001,1.7095799999999883
2019,6,TruJet,1178,63765.0,78.007,22619.0,0.2659231744133238,1499.383,2019-06-01,Jun 2019,26,2,0,76.52837999999993,1.4786200000000775
2019,6,Vistara,4820,647799.0,83.292,690144.629,2.7015567546738297,6680.77,2019-06-01,Jun 2019,27,2,0,83.36400000000009,-0.072000000000088
2019,7,Air India,10171,1290205.0,78.597,1256187.75,5.4375064270385725,19329.833,2019-07-01,Jul 2019,5,3,0,80.65672000000006,-2.0597200000000697
2019,7,Air India Express,293,12757.0,50.933,19534.966,0.0537637580769963,456.62,2019-07-01,Jul 2019,6,3,0,60.247469999999964,-9.314469999999965
2019,7,AirAsia India,4835,770996.0,89.548,811080.599,3.249325266311192,8888.833,2019-07-01,Jul 2019,10,3,0,87.99562999999993,1.5523700000000673
2019,7,Alliance Air,2469,135724.0,66.618,56763.0,0.5720022184872817,4463.0,2019-07-01,Jul 2019,12,3,0,66.46145000000008,0.15654999999991048
2019,7,Go First,8192,1325734.0,90.375,1269121.517,5.587241675193907,12591.683,2019-07-01,Jul 2019,16,3,0,89.78062999999999,0.594370000000012
2019,7,IndiGo,39883,5693448.0,86.161,5430427.0,23.994760593866797,70628.55,2019-07-01,Jul 2019,17,3,0,86.58813000000004,-0.42713000000003376
2019,7,Pawan Hans,40,98.0,19.232,6.85,0.0004130162492392,25.283,2019-07-01,Jul 2019,21,3,0,16.778079999999992,2.453920000000007
2019,7,SpiceJet,15005,1847629.0,92.405,1788800.51,7.786742852711663,21954.0,2019-07-01,Jul 2019,23,3,0,92.59209000000003,-0.18709000000002618
2019,7,Star Air,194,4875.0,50.903,2818.623,0.0205454511738933,210.0,2019-07-01,Jul 2019,24,3,0,53.321579999999955,-2.418579999999956
2019,7,Total Domestic,88200,11863940.0,86.313,11405957.149,50.0,147856.737,2019-07-01,Jul 2019,25,3,0,86.06352000000008,0.2494799999999202
2019,7,TruJet,1308,67970.0,75.021,25406.0,0.2864562700081086,1748.383,2019-07-01,Jul 2019,26,3,0,73.81974999999996,1.2012500000000443
2019,7,Vistara,5293,714504.0,82.426,745810.334,3.011242470882354,6941.467,2019-07-01,Jul 2019,27,3,0,80.06186000000007,2.364139999999935
2019,8,Air India,10302,1329262.0,79.496,1286024.847,5.653195122590189,19569.0,2019-08-01,Aug 2019,5,3,0,79.81653000000009,-0.32053000000009035
2019,8,Air India Express,298,14903.0,59.278,22263.227,0.0633807081763877,456.68,2019-08-01,Aug 2019,6,3,0,61.62566000000002,-2.347660000000019
2019,8,AirAsia India,4897,762998.0,87.833,798989.626,3.2449408560133888,9030.317,2019-08-01,Aug 2019,10,3,0,86.89551999999989,0.9374800000001073
2019,8,Alliance Air,2603,134431.0,63.785,56175.0,0.571719249873179,4532.0,2019-08-01,Aug 2019,12,3,0,64.84554999999999,-1.060549999999992
2019,8,Go First,8868,1390927.0,87.507,1311612.309,5.91544912310666,13423.65,2019-08-01,Aug 2019,16,3,0,87.14047999999991,0.36652000000009366
2019,8,IndiGo,39636,5540693.0,84.319,5278012.0,23.56391640125845,70725.233,2019-08-01,Aug 2019,17,3,0,84.88615000000006,-0.5671500000000549
2019,8,Pawan Hans,76,156.0,14.426,10.4,0.0006634496729193,49.5,2019-08-01,Aug 2019,21,3,0,22.527989999999985,-8.101989999999985
2019,8,SpiceJet,14603,1833644.0,92.437,1782977.086,7.798272513143958,21459.0,2019-08-01,Aug 2019,23,3,0,92.55373000000002,-0.11673000000001821
2019,8,Star Air,168,4232.0,53.063,2540.052,0.0179981988191956,201.0,2019-08-01,Aug 2019,24,3,0,52.56475999999995,0.4982400000000524
2019,8,Total Domestic,88215,11756732.0,85.112,11291303.497,50.0,149885.1,2019-08-01,Aug 2019,25,3,0,85.04213000000003,0.06986999999996613
2019,8,TruJet,1141,61277.0,77.8,22471.0,0.2606038820992092,1483.167,2019-08-01,Aug 2019,26,3,0,76.64953000000008,1.1504699999999133
2019,8,Vistara,5135,684209.0,81.837,730227.95,2.909860495246468,8343.22,2019-08-01,Aug 2019,27,3,0,82.87933000000012,-1.0423300000001205
2019,9,Air Heritage,63,520.0,91.711,236.6,0.0022632176042814,48.0,2019-09-01,Sep 2019,4,3,0,76.11198000000006,15.599019999999939
2019,9,Air India,10344,1301642.0,78.14,1257937.174,5.6651905555233,19591.1,2019-09-01,Sep 2019,5,3,0,78.72319000000012,-0.5831900000001156
2019,9,Air India Express,286,13572.0,54.605,19985.596,0.0590699794717458,436.99,2019-09-01,Sep 2019,6,3,0,61.24723000000003,-6.642230000000033
2019,9,AirAsia India,4827,725467.0,84.731,766363.992,3.1574801648562523,8916.817,2019-09-01,Sep 2019,10,3,0,85.57166999999988,-0.8406699999998892
2019,9,Alliance Air,2667,135642.0,62.731,55415.0,0.5903603120768164,4610.0,2019-09-01,Sep 2019,12,3,0,64.2135,-1.4824999999999946
2019,9,Go First,8494,1326836.0,86.698,1249974.988,5.774843448450736,12882.35,2019-09-01,Sep 2019,16,3,0,87.41900000000004,-0.7210000000000463
2019,9,IndiGo,39058,5559031.0,86.456,5287003.0,24.19480158066599,68815.41,2019-09-01,Sep 2019,17,3,0,86.42072000000006,0.03527999999994336
2019,9,Pawan Hans,70,175.0,17.874,11.5,0.0007616597706716,45.16,2019-09-01,Sep 2019,21,3,0,18.370930000000016,-0.49693000000001675
2019,9,SpiceJet,13543,1700367.0,93.03,1653697.899,7.4005779387293025,19047.0,2019-09-01,Sep 2019,23,3,0,93.09773,-0.0677299999999974
2019,9,Star Air,183,4653.0,51.026,2560.528,0.0202514452167722,219.0,2019-09-01,Sep 2019,24,3,0,53.53125999999994,-2.505259999999936
2019,9,Total Domestic,86221,11488069.0,85.501,11024517.007,50.0,143535.897,2019-09-01,Sep 2019,25,3,0,85.22723000000009,0.2737699999999137
2019,9,TruJet,1186,55773.0,68.497,20154.0,0.2427431450838257,1532.77,2019-09-01,Sep 2019,26,3,0,71.56238000000006,-3.0653800000000615
2019,9,Vistara,5055,664391.0,80.325,711176.73,2.891656552550302,6796.27,2019-09-01,Sep 2019,27,3,0,79.06628999999994,1.2587100000000646
2019,10,Air Heritage,113,991.0,97.435,453.468,0.0040349341422202,91.0,2019-10-01,Oct 2019,4,4,1,91.64918000000009,5.785819999999916
2019,10,Air India,11262,1352701.0,74.77,1298576.881,5.507628102033753,21297.283,2019-10-01,Oct 2019,5,4,1,80.45997000000003,-5.689970000000031
2019,10,Air India Express,220,14043.0,59.696,21771.7,0.0571771747317847,196.08,2019-10-01,Oct 2019,6,4,1,60.50739999999997,-0.8113999999999706
2019,10,AirAsia India,5415,803242.0,83.042,860720.367,3.270462734879176,10227.383,2019-10-01,Oct 2019,10,4,1,83.77979999999994,-0.7377999999999361
2019,10,Alliance Air,2700,145086.0,65.981,58309.0,0.5907290161030924,4667.0,2019-10-01,Oct 2019,12,4,1,65.96478999999994,0.01621000000005779
2019,10,Go First,9186,1378207.0,83.11,1289128.0,5.611477779361169,13812.32,2019-10-01,Oct 2019,16,4,1,84.33887999999992,-1.2288799999999185
2019,10,IndiGo,41763,5842318.0,85.123,5611952.0,23.787455467111823,74078.5,2019-10-01,Oct 2019,17,4,1,86.14825999999987,-1.0252599999998608
2019,10,Pawan Hans,102,322.0,22.973,23.8,0.0013110482278455,70.0,2019-10-01,Oct 2019,21,4,1,26.770859999999985,-3.797859999999986
2019,10,SpiceJet,16098,2004583.0,90.026,1985372.914,8.161816738258585,23727.0,2019-10-01,Oct 2019,23,4,1,90.27399999999993,-0.2479999999999336
2019,10,Star Air,209,6232.0,59.506,3376.393,0.0253740762606624,208.0,2019-10-01,Oct 2019,24,4,1,59.873099999999965,-0.3670999999999651
2019,10,Total Domestic,93950,12280250.0,83.559,11871150.641,50.0,160082.617,2019-10-01,Oct 2019,25,4,1,83.89479000000009,-0.3357900000000882
2019,10,TruJet,1246,63810.0,73.507,22807.0,0.2598074143441705,1592.31,2019-10-01,Oct 2019,26,4,1,72.18647000000001,1.3205299999999909
2019,10,Vistara,5182,668715.0,77.912,718659.118,2.7227255145457137,9229.39,2019-10-01,Oct 2019,27,4,1,81.29695000000007,-3.3849500000000603
2019,11,Air Heritage,30,238.0,88.154,109.17,0.0009217564339954,31.0,2019-11-01,Nov 2019,4,4,1,73.8025100000001,14.351489999999899
2019,11,Air India,10449,1377244.0,81.821,1331702.494,5.333964362107755,19997.0,2019-11-01,Nov 2019,5,4,1,81.04204999999996,0.7789500000000373
2019,11,Air India Express,286,16085.0,66.027,24318.41,0.0622960178185588,433.19,2019-11-01,Nov 2019,6,4,1,64.30305000000003,1.7239499999999737
2019,11,AirAsia India,5682,877973.0,87.191,916091.382,3.40032462867352,10306.117,2019-11-01,Nov 2019,10,4,1,86.42184999999994,0.7691500000000673
2019,11,Alliance Air,2507,134676.0,65.909,54529.0,0.5215902080032471,4410.0,2019-11-01,Nov 2019,12,4,1,66.32097999999993,-0.41197999999992874
2019,11,Go First,8561,1422119.0,92.659,1352293.297,5.507761925030218,13052.2,2019-11-01,Nov 2019,16,4,1,90.48242999999985,2.1765700000001544
2019,11,IndiGo,40949,6151347.0,91.417,5863493.0,23.82371292012051,73478.43,2019-11-01,Nov 2019,17,4,1,89.72248000000002,1.694519999999983
2019,11,Pawan Hans,98,329.0,25.049,24.5,0.0012741927175819,66.66,2019-11-01,Nov 2019,21,4,1,27.741159999999986,-2.692159999999987
2019,11,SpiceJet,16148,2080133.0,92.782,2118378.237,8.056201581160847,23558.0,2019-11-01,Nov 2019,23,4,1,91.45019999999998,1.3318000000000154
2019,11,Star Air,235,8562.0,75.426,6001.917,0.033159994066677,208.0,2019-11-01,Nov 2019,24,4,1,64.54884999999996,10.877150000000043
2019,11,Total Domestic,92388,12910135.0,89.561,12506421.33,50.0,157833.317,2019-11-01,Nov 2019,25,4,1,88.71507999999993,0.8459200000000777
2019,11,TruJet,1493,81116.0,77.249,30311.0,0.3141562810923355,2025.19,2019-11-01,Nov 2019,26,4,1,76.31824999999989,0.9307500000001028
2019,11,Vistara,5496,760313.0,84.093,809168.923,2.9446361327747543,9646.28,2019-11-01,Nov 2019,27,4,1,83.58285999999998,0.5101400000000211
2019,12,Air Heritage,127,1112.0,97.287,509.81,0.0042833784577495,108.15,2019-12-01,Dec 2019,4,4,1,90.1220800000001,7.16491999999991
2019,12,Air India,10377,1349814.0,79.351,1315463.7,5.199428246015072,20023.467,2019-12-01,Dec 2019,5,4,1,80.33058999999993,-0.9795899999999307
2019,12,Air India Express,294,17955.0,73.918,27961.69,0.0691619246482853,451.9,2019-12-01,Dec 2019,6,4,1,70.21383999999995,3.7041600000000585
2019,12,AirAsia India,6120,911052.0,84.34,958409.291,3.509334991627381,11361.767,2019-12-01,Dec 2019,10,4,1,85.55113000000009,-1.2111300000000824
2019,12,Alliance Air,2690,145520.0,66.121,58192.0,0.5605370801903916,4690.0,2019-12-01,Dec 2019,12,4,1,66.28625000000005,-0.16525000000005718
2019,12,Go First,8267,1332368.0,89.668,1262740.787,5.132226968520558,12686.07,2019-12-01,Dec 2019,16,4,1,89.5123499999999,0.15565000000010798
2019,12,IndiGo,42086,6188457.0,90.102,5890402.0,23.8376829141272,75301.0,2019-12-01,Dec 2019,17,4,1,90.06504000000004,0.03695999999996502
2019,12,Pawan Hans,78,290.0,27.882,20.8,0.0011170681229742,51.167,2019-12-01,Dec 2019,21,4,1,27.266740000000013,0.6152599999999886
2019,12,SpiceJet,16639,2144156.0,92.747,2201985.855,8.259201097530987,25364.0,2019-12-01,Dec 2019,23,4,1,90.68124999999995,2.065750000000051
2019,12,Star Air,263,10705.0,82.218,7136.5,0.0412352215739289,320.0,2019-12-01,Dec 2019,24,4,1,76.89211999999992,5.325880000000083
2019,12,Total Domestic,94910,12980408.0,87.914,12597794.208,50.0,163616.02,2019-12-01,Dec 2019,25,4,1,88.01427000000001,-0.10027000000000896
2019,12,TruJet,1568,87087.0,77.732,31972.09,0.3354555573291687,2094.7,2019-12-01,Dec 2019,26,4,1,77.58299999999996,0.14900000000004354
2019,12,Vistara,5914,791892.0,81.108,842999.685,3.050335551856305,10490.75,2019-12-01,Dec 2019,27,4,1,81.87558000000006,-0.7675800000000521
2020,1,Air Deccan,120,465.0,24.703,141.052,0.0018238740166671,112.11,2020-01-01,Jan 2020,3,1,1,31.50717999999998,-6.804179999999981
2020,1,Air Heritage,100,792.0,88.029,363.44,0.003106469292904,98.0,2020-01-01,Jan 2020,4,1,1,85.45559000000009,2.5734099999999103
2020,1,Air India,10454,1285138.0,76.542,1246625.631,5.040709260282982,20091.433,2020-01-01,Jan 2020,5,1,1,79.29731000000011,-2.755310000000108
2020,1,Air India Express,293,15335.0,65.475,24825.521,0.0601486194528832,448.96,2020-01-01,Jan 2020,6,1,1,64.84482000000007,0.6301799999999247
2020,1,AirAsia India,6303,882765.0,79.305,936059.89,3.4624777340283357,11761.433,2020-01-01,Jan 2020,10,1,1,80.76290000000007,-1.4579000000000661
2020,1,Alliance Air,2684,142268.0,64.443,57617.0,0.5580191582864559,4627.0,2020-01-01,Jan 2020,12,1,1,64.22384000000011,0.21915999999988856
2020,1,Go First,7846,1247479.0,88.69,1191784.32,4.892998998791223,14916.0,2020-01-01,Jan 2020,16,1,1,87.73243999999991,0.9575600000000861
2020,1,IndiGo,42555,6119924.0,87.79,5789000.0,24.00423734962943,75909.41,2020-01-01,Jan 2020,17,1,1,87.90728000000001,-0.11728000000000804
2020,1,Pawan Hans,74,278.0,26.765,19.137,0.001090402100287,49.0,2020-01-01,Jan 2020,21,1,1,26.7323,0.03270000000000195
2020,1,SpiceJet,16693,2124455.0,91.494,2170814.842,8.33277048188948,25406.85,2020-01-01,Jan 2020,23,1,1,90.10368999999993,1.3903100000000705
2020,1,Star Air,278,10921.0,79.736,7601.703,0.0428355443785418,349.0,2020-01-01,Jan 2020,24,1,1,75.50504999999994,4.230950000000064
2020,1,Total Domestic,95487,12747591.0,85.961,12342405.013,50.0,167217.917,2020-01-01,Jan 2020,25,1,1,86.22711,-0.2661099999999976
2020,1,TruJet,1558,86826.0,79.152,32127.448,0.340558463163746,2041.1,2020-01-01,Jan 2020,26,1,1,77.76333000000004,1.388669999999962
2020,1,Vistara,6052,830945.0,83.515,885425.029,3.259223644687063,10751.47,2020-01-01,Jan 2020,27,1,1,84.48000000000009,-0.9650000000000887
2020,2,Air Heritage,80,692.0,96.11,317.522,0.0028058987127331,69.2,2020-02-01,Feb 2020,4,1,0,91.32321999999994,4.786780000000064
2020,2,Air India,9921,1283574.0,80.92,1254070.047,5.204593402164353,18985.0,2020-02-01,Feb 2020,5,1,0,82.77278000000005,-1.8527800000000525
2020,2,Air India Express,275,15345.0,70.072,24892.086,0.0622203984781648,420.01,2020-02-01,Feb 2020,6,1,0,67.1928200000001,2.8791799999999057
2020,2,AirAsia India,6096,896653.0,83.61,942780.972,3.635718928422416,11285.683,2020-02-01,Feb 2020,10,1,0,84.75445999999992,-1.144459999999924
2020,2,Alliance Air,2735,145354.0,65.112,58381.0,0.5893765917494413,4683.0,2020-02-01,Feb 2020,12,1,0,66.24173,-1.1297300000000092
2020,2,Go First,7639,1231507.0,90.517,1158190.743,4.993473852632739,14245.01,2020-02-01,Feb 2020,16,1,0,86.59391999999998,3.923080000000013
2020,2,IndiGo,41162,5931189.0,88.317,5615979.0,24.049588988550557,73172.2,2020-02-01,Feb 2020,17,1,0,87.89048999999996,0.4265100000000359
2020,2,Pawan Hans,94,324.0,25.89,24.0,0.0013137444839964,63.33,2020-02-01,Feb 2020,21,1,0,26.33048000000001,-0.440480000000008
2020,2,SpiceJet,14907,1890633.0,93.025,1884852.114,7.6660761574433565,22321.817,2020-02-01,Feb 2020,23,1,0,92.92960999999987,0.09539000000013687
2020,2,Star Air,278,11622.0,80.657,8473.734,0.0471245012129835,380.4,2020-02-01,Feb 2020,24,1,0,78.75243000000006,1.9045699999999357
2020,2,Total Domestic,90959,12331165.0,87.744,11864098.131,50.0,158679.22,2020-02-01,Feb 2020,25,1,0,88.03595999999996,-0.2919599999999605
2020,2,TruJet,1554,90489.0,83.381,33831.0,0.3669118043591177,2016.95,2020-02-01,Feb 2020,26,1,0,80.50844000000008,2.872559999999922
2020,2,Vistara,5766,833783.0,87.992,882305.913,3.380795731790144,10409.52,2020-02-01,Feb 2020,27,1,0,86.17127000000009,1.8207299999999123
2020,3,Air Heritage,49,406.0,92.088,186.237,0.0026242186162844,43.0,2020-03-01,Mar 2020,4,1,1,87.62897999999991,4.459020000000081
2020,3,Air India,7495,722474.0,62.444,722481.532,4.669777636900186,14102.067,2020-03-01,Mar 2020,5,1,1,69.31381000000005,-6.869810000000044
2020,3,Air India Express,200,10072.0,57.093,15576.903,0.0651013051803368,313.25,2020-03-01,Mar 2020,6,1,1,60.69819999999995,-3.6051999999999467
2020,3,AirAsia India,4911,591780.0,69.115,631541.269,3.825024858977336,9127.2,2020-03-01,Mar 2020,10,1,1,81.27986000000001,-12.164860000000019
2020,3,Alliance Air,1987,82612.0,51.406,33510.0,0.5339703160800224,3345.0,2020-03-01,Mar 2020,12,1,1,58.09200999999997,-6.686009999999975
2020,3,Go First,5453,767558.0,78.924,729052.525,4.961182247975474,10113.0,2020-03-01,Mar 2020,16,1,1,80.94036,-2.0163599999999917
2020,3,IndiGo,32233,3793464.0,73.426,3660382.0,24.519406032031497,56567.0,2020-03-01,Mar 2020,17,1,1,78.96548000000008,-5.539480000000083
2020,3,Pawan Hans,60,183.0,23.32,13.6,0.0011828374551232,38.33,2020-03-01,Mar 2020,21,1,1,24.409269999999992,-1.089269999999992
2020,3,SpiceJet,10999,1245208.0,83.678,1246162.788,8.048517277700244,16232.25,2020-03-01,Mar 2020,23,1,1,86.70313999999993,-3.0251399999999364
2020,3,Star Air,253,8033.0,68.521,6421.409,0.0519220397650561,330.0,2020-03-01,Mar 2020,24,1,1,70.22217999999994,-1.7011799999999369
2020,3,Total Domestic,69310,7735665.0,73.092,7554543.337,50.00018744418687,119352.597,2020-03-01,Mar 2020,25,1,1,75.01698999999994,-1.9249899999999371
2020,3,TruJet,1134,56626.0,70.85,21036.0,0.3660073974525171,1418.0,2020-03-01,Mar 2020,26,1,1,70.7298900000001,0.12010999999989735
2020,3,Vistara,4182,457191.0,66.425,488179.074,2.955096387679048,7227.35,2020-03-01,Mar 2020,27,1,1,69.51506000000006,-3.090060000000065
2020,5,Air India,457,41595.0,50.139,39002.038,7.469910242549845,832.0,2020-05-01,May 2020,5,2,1,50.51794999999997,-0.3789499999999677
2020,5,Air India Express,29,332.0,14.552,624.0,0.0596227960217946,46.21,2020-05-01,May 2020,6,2,1,27.505500000000005,-12.953500000000005
2020,5,AirAsia India,267,21941.0,45.999,25328.698,3.9403125527536034,514.517,2020-05-01,May 2020,10,2,1,48.97687999999991,-2.9778799999999066
2020,5,Alliance Air,212,3772.0,23.188,1548.0,0.6774011644403898,281.0,2020-05-01,May 2020,12,2,1,33.99157000000005,-10.803570000000054
2020,5,IndiGo,1575,142254.0,52.562,141383.0,25.546931401458963,2714.58,2020-05-01,May 2020,17,2,1,56.13884999999994,-3.5768499999999435
2020,5,SpiceJet,618,48156.0,57.171,48598.377,8.64817881092031,891.83,2020-05-01,May 2020,23,2,1,56.05621000000001,1.1147899999999922
2020,5,Star Air,22,403.0,37.482,256.0,0.0723734542071784,26.0,2020-05-01,May 2020,24,2,1,41.26746999999998,-3.7854699999999823
2020,5,Total Domestic,3813,278417.0,50.799,276192.786,50.0,6210.657,2020-05-01,May 2020,25,2,1,51.635909999999974,-0.8369099999999747
2020,5,TruJet,92,1548.0,22.7,506.32,0.2780002657883678,108.22,2020-05-01,May 2020,26,2,1,39.13583999999995,-16.435839999999953
2020,5,Vistara,256,18416.0,44.085,18946.353,3.3072693118595486,378.2,2020-05-01,May 2020,27,2,1,49.79384999999996,-5.708849999999963
2020,6,Air India,2211,197747.0,52.081,184473.0,5.109172596023544,4151.0,2020-06-01,Jun 2020,5,2,0,52.812820000000016,-0.7318200000000132
2020,6,Air India Express,67,3244.0,31.409,5217.326,0.0838149549752986,162.9,2020-06-01,Jun 2020,6,2,0,48.263190000000016,-16.854190000000017
2020,6,AirAsia India,1373,139934.0,56.54,161108.0,3.615462980737804,2681.0,2020-06-01,Jun 2020,10,2,0,57.172959999999975,-0.6329599999999758
2020,6,Alliance Air,1422,36092.0,33.289,14295.0,0.9325059663897896,2200.0,2020-06-01,Jun 2020,12,2,0,41.21797000000006,-7.9289700000000565
2020,6,IndiGo,10341,1046836.0,60.681,1038263.0,27.04701362716452,17810.33,2020-06-01,Jun 2020,17,2,0,61.30728999999991,-0.6262899999999121
2020,6,Pawan Hans,28,11.0,4.226,1.11,0.0002842060742072,18.33,2020-06-01,Jun 2020,21,2,0,12.203300000000006,-7.977300000000006
2020,6,SpiceJet,3457,334104.0,68.016,362216.0,8.632216928812321,5251.33,2020-06-01,Jun 2020,23,2,0,68.88296999999991,-0.8669699999999096
2020,6,Star Air,217,5952.0,56.32,3645.7,0.1537813230619535,248.0,2020-06-01,Jun 2020,24,2,0,56.61736999999998,-0.2973699999999795
2020,6,Total Domestic,22367,1979472.0,59.478,1999995.136,51.14345146574115,36004.4,2020-06-01,Jun 2020,25,2,0,58.595880000000015,0.8821199999999862
2020,6,TruJet,781,15125.0,27.506,5337.0,0.3907833520349542,925.37,2020-06-01,Jun 2020,26,2,0,39.25824999999997,-11.752249999999968
2020,6,Vistara,1179,111914.0,56.597,130240.0,2.891512598984454,1976.14,2020-06-01,Jun 2020,27,2,0,57.79129000000001,-1.1942900000000094
2020,7,Air India,2260,142583.0,41.129,142506.476,3.46287638073158,4147.167,2020-07-01,Jul 2020,5,3,0,48.43198999999995,-7.3029899999999515
2020,7,Air India Express,53,1732.0,19.004,2729.504,0.0420646352750825,135.77,2020-07-01,Jul 2020,6,3,0,47.64335999999997,-28.63935999999997
2020,7,AirAsia India,1301,129780.0,56.15,149745.203,3.1519332367206783,2490.3,2020-07-01,Jul 2020,10,3,0,56.93946999999996,-0.7894699999999588
2020,7,Alliance Air,1540,41967.0,33.664,16366.0,1.0192416562294395,2504.0,2020-07-01,Jul 2020,12,3,0,47.07579000000004,-13.411790000000039
2020,7,Go First,833,79358.0,50.461,82736.712,1.92734718600462,1343.0,2020-07-01,Jul 2020,16,3,0,55.25660000000002,-4.795600000000022
2020,7,IndiGo,13094,1272240.0,60.185,1240088.0,30.89856326926734,22743.5,2020-07-01,Jul 2020,17,3,0,61.22452000000005,-1.0395200000000457
2020,7,Pawan Hans,34,18.0,4.827,1.508,0.000437161336577,22.0,2020-07-01,Jul 2020,21,3,0,17.554339999999996,-12.727339999999996
2020,7,SpiceJet,3548,331197.0,70.04,342586.692,8.043695732795333,5064.583,2020-07-01,Jul 2020,23,3,0,70.70894999999997,-0.6689499999999668
2020,7,Star Air,216,5651.0,54.959,3568.897,0.1372443729442791,247.0,2020-07-01,Jul 2020,24,3,0,57.19442999999999,-2.2354299999999867
2020,7,Total Domestic,24770,2102854.0,57.961,2084440.595,51.07147029257993,39807.35,2020-07-01,Jul 2020,25,3,0,59.344270000000016,-1.3832700000000173
2020,7,TruJet,420,10093.0,33.489,3525.0,0.2451260761151318,497.37,2020-07-01,Jul 2020,26,3,0,42.29574,-8.806740000000005
2020,8,Air India,2589,224999.0,59.657,251564.875,3.980665556085527,4926.883,2020-08-01,Aug 2020,5,3,0,55.610110000000006,4.0468899999999906
2020,8,Air India Express,29,1361.0,13.857,1990.216,0.0240787106690803,65.63,2020-08-01,Aug 2020,6,3,0,21.275389999999987,-7.418389999999988
2020,8,AirAsia India,1719,192401.0,64.435,201318.137,3.4039441671136825,3206.517,2020-08-01,Aug 2020,10,3,0,61.64141000000005,2.793589999999952
2020,8,Alliance Air,1229,45544.0,41.557,18673.0,0.8057610570996281,2371.0,2020-08-01,Aug 2020,12,3,0,44.24061999999994,-2.683619999999941
2020,8,Go First,1216,132779.0,61.04,139257.664,2.3491161821673883,1856.0,2020-08-01,Aug 2020,16,3,0,58.742819999999966,2.297180000000033
2020,8,IndiGo,15897,1681787.0,65.615,1633951.0,29.754050389434667,27875.0,2020-08-01,Aug 2020,17,3,0,65.16530999999992,0.449690000000075
2020,8,Pawan Hans,36,11.0,3.683,1.102,0.0001946111810138,21.67,2020-08-01,Aug 2020,21,3,0,16.45040000000001,-12.76740000000001
2020,8,SpiceJet,3937,390885.0,76.05,406988.875,6.915508317328039,5525.133,2020-08-01,Aug 2020,23,3,0,76.75105000000009,-0.7010500000000945
2020,8,Star Air,230,7339.0,65.63,4761.059,0.1298410415873478,274.0,2020-08-01,Aug 2020,24,3,0,64.06604000000002,1.5639599999999803
2020,8,Total Domestic,28834,2826148.0,65.702,2818761.814,50.0,48992.913,2020-08-01,Aug 2020,25,3,0,65.42357000000007,0.2784299999999291
2020,8,TruJet,214,7394.0,48.535,2554.108,0.1308140974924172,257.0,2020-08-01,Aug 2020,26,3,0,52.940449999999956,-4.405449999999959
2020,8,Vistara,1282,141648.0,68.345,157701.778,2.506025869841212,2005.08,2020-08-01,Aug 2020,27,3,0,63.64266,4.7023399999999995
2020,9,Air India,3519,318320.0,58.054,358675.638,4.039914846027108,6869.067,2020-09-01,Sep 2020,5,3,0,58.95972000000003,-0.9057200000000307
2020,9,Air India Express,26,999.0,21.174,1579.158,0.0126786721889327,70.02,2020-09-01,Sep 2020,6,3,0,27.396029999999985,-6.222029999999986
2020,9,AirAsia India,2239,234679.0,58.381,251896.237,2.978396507133689,4373.433,2020-09-01,Sep 2020,10,3,0,59.326290000000036,-0.9452900000000355
2020,9,Alliance Air,1260,49709.0,41.775,20300.0,0.6308749908304898,2548.0,2020-09-01,Sep 2020,12,3,0,46.558039999999984,-4.7830399999999855
2020,9,Go First,2548,263659.0,57.637,273752.763,3.3461922228847114,4989.55,2020-09-01,Sep 2020,16,3,0,60.02710999999997,-2.3901099999999715
2020,9,IndiGo,21063,2265539.0,65.392,2233475.0,28.752779091333903,37320.05,2020-09-01,Sep 2020,17,3,0,65.95265999999994,-0.5606599999999418
2020,9,Pawan Hans,44,45.0,9.92,3.769,0.0005711113598618,27.5,2020-09-01,Sep 2020,21,3,0,12.331309999999991,-2.4113099999999914
2020,9,SpiceJet,5410,529758.0,73.0,560602.198,6.723351372837487,8035.617,2020-09-01,Sep 2020,23,3,0,79.33425999999997,-6.334259999999972
2020,9,Star Air,240,8463.0,73.788,5923.93,0.1074070097446827,298.0,2020-09-01,Sep 2020,24,3,0,70.91832999999988,2.869670000000113
2020,9,Total Domestic,39628,3939687.0,64.338,4004630.932,50.0,69573.957,2020-09-01,Sep 2020,25,3,0,66.53324999999997,-2.195249999999973
2020,9,TruJet,414,10075.0,35.641,3773.0,0.127865487791289,514.9,2020-09-01,Sep 2020,26,3,0,43.8738,-8.232800000000005
2020,9,Vistara,2374,258441.0,66.669,294649.239,3.279968687867843,3863.24,2020-09-01,Sep 2020,27,3,0,65.39967999999998,1.2693200000000218
2020,10,Air India,4518,426369.0,62.285,471208.851,4.046247876134816,8688.667,2020-10-01,Oct 2020,5,4,1,65.61565999999995,-3.330659999999952
2020,10,Air India Express,38,1786.0,27.449,3096.958,0.0169491654101887,102.7,2020-10-01,Oct 2020,6,4,1,35.44203000000002,-7.993030000000015
2020,10,AirAsia India,3311,373616.0,62.974,409868.282,3.5456211555952364,6580.317,2020-10-01,Oct 2020,10,4,1,63.33593000000007,-0.361930000000072
2020,10,Alliance Air,1386,63236.0,46.549,25317.0,0.600110539685721,2874.0,2020-10-01,Oct 2020,12,4,1,51.288129999999974,-4.7391299999999745
2020,10,Go First,3425,395061.0,61.79,408108.549,3.7491345107024583,6800.52,2020-10-01,Oct 2020,16,4,1,64.15154999999999,-2.361549999999987
2020,10,IndiGo,24853,2926835.0,68.18,2820750.0,27.77570579133812,43914.95,2020-10-01,Oct 2020,17,4,1,67.48102000000004,0.6989799999999633
2020,10,Pawan Hans,70,172.0,21.912,14.679,0.0016322824471178,46.33,2020-10-01,Oct 2020,21,4,1,22.277559999999994,-0.365559999999995
2020,10,SpiceJet,6837,704498.0,73.999,732301.642,6.685696043195508,10229.67,2020-10-01,Oct 2020,23,4,1,76.88629999999992,-2.887299999999925
2020,10,Star Air,246,8804.0,73.818,6226.743,0.0835500852582878,309.0,2020-10-01,Oct 2020,24,4,1,73.23107000000006,0.5869299999999384
2020,10,Total Domestic,49150,5268696.0,66.887,5262536.299,50.0,86314.683,2020-10-01,Oct 2020,25,4,1,69.36162999999993,-2.4746299999999337
2020,10,TruJet,902,28865.0,45.171,10836.296,0.2739292606747476,1094.87,2020-10-01,Oct 2020,26,4,1,54.92775000000002,-9.756750000000018
2020,10,Vistara,3093,339454.0,65.195,374807.299,3.221423289557795,5044.33,2020-10-01,Oct 2020,27,4,1,65.84059999999995,-0.6455999999999591
2020,11,Air India,5081,558588.0,69.758,613972.451,4.403469939483703,9988.3,2020-11-01,Nov 2020,5,4,1,71.79519999999995,-2.037199999999956
2020,11,Air India Express,66,3990.0,34.467,6851.065,0.0314540324148387,182.08,2020-11-01,Nov 2020,6,4,1,40.74761000000003,-6.280610000000031
2020,11,AirAsia India,3541,421272.0,66.269,458360.802,3.320978231444604,6999.817,2020-11-01,Nov 2020,10,4,1,67.16142000000009,-0.8924200000000866
2020,11,Alliance Air,1600,82656.0,57.111,33735.0,0.6515951136042395,3096.0,2020-11-01,Nov 2020,12,4,1,60.72584999999995,-3.6148499999999544
2020,11,Go First,4428,577339.0,70.757,587011.683,4.5512881254011575,8796.92,2020-11-01,Nov 2020,16,4,1,74.93144999999991,-4.174449999999908
2020,11,IndiGo,26786,3423059.0,73.973,3280792.0,26.98471397090368,47267.58,2020-11-01,Nov 2020,17,4,1,71.72619999999998,2.2468000000000217
2020,11,Pawan Hans,70,163.0,19.796,13.0,0.0012849642314833,45.83,2020-11-01,Nov 2020,21,4,1,24.294059999999995,-4.498059999999995
2020,11,SpiceJet,7813,839523.0,77.748,871555.893,6.6181412669179736,11695.917,2020-11-01,Nov 2020,23,4,1,82.05051999999989,-4.3025199999998875
2020,11,Star Air,294,10653.0,75.596,8080.772,0.0839799015827763,397.0,2020-11-01,Nov 2020,24,4,1,75.98540999999994,-0.3894099999999412
2020,11,Total Domestic,54132,6342589.0,72.648,6310968.174,50.0,95387.203,2020-11-01,Nov 2020,25,4,1,76.28038000000006,-3.6323800000000688
2020,11,TruJet,682,28044.0,58.825,10744.237,0.2210769135442955,877.37,2020-11-01,Nov 2020,26,4,1,65.61736999999992,-6.79236999999992
2020,11,Vistara,3324,397302.0,70.766,439851.271,3.1320175404712494,5440.34,2020-11-01,Nov 2020,27,4,1,68.38505999999992,2.3809400000000807
2020,12,Air India,5857,627009.0,66.305,686267.616,4.2910177080299325,11809.467,2020-12-01,Dec 2020,5,4,1,72.69989999999999,-6.3948999999999785
2020,12,Air India Express,55,3834.0,37.962,6301.654,0.026238478064249,151.54,2020-12-01,Dec 2020,6,4,1,39.96781,-2.0058099999999968
2020,12,AirAsia India,4324,502311.0,65.112,540718.942,3.437630713336209,8427.6,2020-12-01,Dec 2020,10,4,1,68.23880000000001,-3.126800000000017
2020,12,Alliance Air,1787,99226.0,62.062,40329.0,0.679066047053516,3482.0,2020-12-01,Dec 2020,12,4,1,65.87579999999998,-3.8137999999999863
2020,12,Go First,5349,654539.0,66.259,647184.488,4.4794228465559565,10576.9,2020-12-01,Dec 2020,16,4,1,74.52065999999996,-8.261659999999964
2020,12,IndiGo,31847,3951522.0,71.501,3768240.0,27.042755168856992,56527.51,2020-12-01,Dec 2020,17,4,1,72.0820200000001,-0.5810200000000947
2020,12,Pawan Hans,80,218.0,23.258,18.528,0.0014919113766317,54.166,2020-12-01,Dec 2020,21,4,1,25.225559999999987,-1.9675599999999882
2020,12,SpiceJet,8719,951550.0,78.005,999565.456,6.512056286394426,13577.7,2020-12-01,Dec 2020,23,4,1,84.63254000000006,-6.627540000000067
2020,12,Star Air,341,12824.0,76.367,9357.493,0.0877627132748905,468.0,2020-12-01,Dec 2020,24,4,1,76.55517000000009,-0.18817000000008477
2020,12,Total Domestic,64002,7306064.0,70.29,7220783.461,50.0,113831.063,2020-12-01,Dec 2020,25,4,1,74.89489999999996,-4.604899999999958
2020,12,TruJet,994,41649.0,60.861,15814.917,0.2850303528685212,1245.0,2020-12-01,Dec 2020,26,4,1,71.68936000000002,-10.828360000000025
2020,12,Vistara,4132,461382.0,66.779,506985.367,3.157527774188674,6815.01,2020-12-01,Dec 2020,27,4,1,69.03756000000003,-2.258560000000031
2021,1,Air India,6365,672139.0,65.632,729220.203,4.362260388145309,12779.167,2021-01-01,Jan 2021,5,1,1,68.76599999999989,-3.1339999999998867
2021,1,Air India Express,44,3075.0,38.188,5566.496,0.0199571081183309,131.21,2021-01-01,Jan 2021,6,1,1,38.54201000000003,-0.3540100000000308
2021,1,Air Taxi,24,27.0,37.499,6.199,0.0001752331444536,23.67,2021-01-01,Jan 2021,9,1,1,33.64275999999996,3.8562400000000423
2021,1,AirAsia India,4495,531578.0,66.83,558871.307,3.4500031282361343,8590.4,2021-01-01,Jan 2021,10,1,1,70.85344999999994,-4.02344999999994
2021,1,Alliance Air,1652,92039.0,61.449,36600.0,0.5973438289766048,3167.0,2021-01-01,Jan 2021,12,1,1,60.45904999999994,0.9899500000000572
2021,1,Flybig,56,1717.0,42.951,777.2,0.011143529963959,67.0,2021-01-01,Jan 2021,15,1,1,42.25602999999999,0.6949700000000121
2021,1,Go First,5323,633787.0,64.883,619864.761,4.113351441623609,10287.82,2021-01-01,Jan 2021,16,1,1,71.59471999999994,-6.711719999999943
2021,1,IndiGo,34461,4202712.0,69.32,3983767.0,27.27609033307537,61464.9,2021-01-01,Jan 2021,17,1,1,69.60358999999993,-0.28358999999993273
2021,1,Pawan Hans,54,182.0,28.281,14.895,0.0011812011959467,36.0,2021-01-01,Jan 2021,21,1,1,26.757959999999976,1.523040000000023
2021,1,SpiceJet,9166,991883.0,76.551,1042368.244,6.437436185929895,14272.283,2021-01-01,Jan 2021,23,1,1,82.38327000000007,-5.832270000000065
2021,1,Star Air,436,15518.0,73.208,11175.086,0.1007136272456127,582.0,2021-01-01,Jan 2021,24,1,1,73.48599999999993,-0.27799999999993474
2021,1,Total Domestic,67877,7704022.0,69.226,7568902.449,50.0,120426.3,2021-01-01,Jan 2021,25,1,1,72.76742999999998,-3.541429999999977
2021,1,TruJet,1002,44886.0,64.955,16923.337,0.2913153674794802,1256.85,2021-01-01,Jan 2021,26,1,1,68.93052000000006,-3.97552000000006
2021,1,Vistara,4359,514479.0,70.035,563747.721,3.339028626865292,7169.33,2021-01-01,Jan 2021,27,1,1,68.87053999999996,1.1644600000000338
2021,2,Air India,6285,786746.0,78.244,849666.055,5.0463211987105465,12700.333,2021-02-01,Feb 2021,5,1,0,74.1233799999999,4.120620000000102
2021,2,Air India Express,28,1712.0,33.709,3138.0,0.0109810560106978,84.95,2021-02-01,Feb 2021,6,1,0,32.142049999999976,1.566950000000027
2021,2,Air Taxi,125,77.0,21.135,18.89,0.0004938909537521,135.0,2021-02-01,Feb 2021,9,1,0,22.742830000000005,-1.6078300000000034
2021,2,AirAsia India,4340,520603.0,67.891,542276.763,3.339235223327868,8239.033,2021-02-01,Feb 2021,10,1,0,70.91341999999992,-3.0224199999999115
2021,2,Alliance Air,1660,95469.0,65.271,37382.0,0.6123542268021664,3086.0,2021-02-01,Feb 2021,12,1,0,63.86066999999999,1.410330000000009
2021,2,Flybig,80,2921.0,50.879,1412.57,0.01873578540143,103.0,2021-02-01,Feb 2021,15,1,0,47.26271999999995,3.616280000000046
2021,2,Go First,4143,581273.0,76.511,562958.335,3.728382809875202,8310.97,2021-02-01,Feb 2021,16,1,0,79.08167000000014,-2.570670000000149
2021,2,IndiGo,32690,4238466.0,74.369,4039127.0,27.186233963456942,58239.43,2021-02-01,Feb 2021,17,1,0,71.97100999999992,2.3979900000000782
2021,2,Pawan Hans,84,260.0,27.628,22.69,0.0016676837399424,56.16,2021-02-01,Feb 2021,21,1,0,26.797630000000005,0.830369999999995
2021,2,SpiceJet,8752,962081.0,78.887,991225.375,6.170949385413643,13370.05,2021-02-01,Feb 2021,23,1,0,90.23011999999997,-11.34311999999997
2021,2,Star Air,455,17886.0,80.607,12827.262,0.1147238129715776,599.0,2021-02-01,Feb 2021,24,1,0,76.99014,3.6168600000000026
2021,2,Total Domestic,64327,7795243.0,74.85,7658045.604,50.0,113903.507,2021-02-01,Feb 2021,25,1,0,76.40765000000012,-1.5576500000001232
2021,2,TruJet,917,47505.0,75.85,18083.723,0.3047050617921725,1144.57,2021-02-01,Feb 2021,26,1,0,71.92853000000008,3.921469999999914
2021,2,Vistara,4344,540244.0,73.722,599906.941,3.465215901544057,7290.26,2021-02-01,Feb 2021,27,1,0,70.33149999999999,3.390500000000003
2021,3,Air India,7102,785520.0,70.657,850171.134,5.043590148587895,14076.633,2021-03-01,Mar 2021,5,1,1,73.91987999999996,-3.262879999999967
2021,3,Air India Express,16,689.0,23.655,1306.0,0.004423863953021,50.04,2021-03-01,Mar 2021,6,1,1,32.904290000000024,-9.249290000000023
2021,3,Air Taxi,114,79.0,22.176,19.75,0.0005072354895336,139.73,2021-03-01,Mar 2021,9,1,1,23.646699999999978,-1.4706999999999795
2021,3,AirAsia India,4727,541512.0,65.132,572123.104,3.4768873975737447,9023.3,2021-03-01,Mar 2021,10,1,1,71.98360999999991,-6.8516099999999085
2021,3,Alliance Air,1809,95563.0,57.904,38098.0,0.6135815833708944,3472.0,2021-03-01,Mar 2021,12,1,1,60.944430000000075,-3.0404300000000717
2021,3,Flybig,90,2600.0,40.627,1278.0,0.0166938262378151,119.0,2021-03-01,Mar 2021,15,1,1,44.67439999999997,-4.047399999999968
2021,3,Go First,4709,611956.0,71.545,589514.952,3.929187357380148,9203.8,2021-03-01,Mar 2021,16,1,1,84.4869,-12.941900000000004
2021,3,IndiGo,36601,4184920.0,66.402,4038028.0,26.87012588429124,64873.2,2021-03-01,Mar 2021,17,1,1,69.62073000000002,-3.218730000000022
2021,3,Pawan Hans,80,251.0,26.56,21.339,0.001611596302189,54.33,2021-03-01,Mar 2021,21,1,1,26.10181999999997,0.4581800000000271
2021,3,SpiceJet,9520,1002950.0,76.539,1038941.395,6.439643471237179,14443.9,2021-03-01,Mar 2021,23,1,1,87.34836,-10.809359999999998
2021,3,Star Air,532,18746.0,74.175,13926.577,0.1203624871746469,725.0,2021-03-01,Mar 2021,24,1,1,75.00639000000007,-0.83139000000007
2021,3,Total Domestic,71458,7787310.0,68.117,7724907.285,50.0,125840.273,2021-03-01,Mar 2021,25,1,1,72.31578000000007,-4.19878000000007
2021,3,TruJet,1020,42678.0,59.881,15975.497,0.2740227369913359,1273.18,2021-03-01,Mar 2021,26,1,1,64.18455000000007,-4.303550000000072
2021,3,Vistara,4678,499846.0,64.534,565503.537,3.2093624114103587,7813.0,2021-03-01,Mar 2021,27,1,1,69.71899999999994,-5.184999999999931
2021,4,Air India,6803,544067.0,52.246,575346.811,4.816939870390694,12807.033,2021-04-01,Apr 2021,5,2,0,62.763340000000014,-10.517340000000011
2021,4,Air Taxi,34,31.0,29.682,8.13,0.0002744609321684,38.27,2021-04-01,Apr 2021,9,2,0,27.25459999999997,2.427400000000027
2021,4,AirAsia India,3195,354878.0,64.019,403399.335,3.141940215680254,6341.383,2021-04-01,Apr 2021,10,2,0,65.83374000000008,-1.8147400000000715
2021,4,Alliance Air,1530,63147.0,43.922,25269.0,0.5590769188272054,2956.0,2021-04-01,Apr 2021,12,2,0,51.619639999999926,-7.697639999999929
2021,4,Flybig,68,1765.0,34.701,803.45,0.0156265659766895,88.0,2021-04-01,Apr 2021,15,2,0,44.46613999999997,-9.765139999999967
2021,4,Go First,4579,547137.0,65.661,537578.093,4.844120356253832,8843.033,2021-04-01,Apr 2021,16,2,0,82.56762,-16.906620000000004
2021,4,IndiGo,31374,3083318.0,58.686,3056489.0,27.298397821028097,54525.38,2021-04-01,Apr 2021,17,2,0,63.64000999999994,-4.95400999999994
2021,4,Pawan Hans,60,116.0,17.385,10.13,0.0010270151010175,40.0,2021-04-01,Apr 2021,21,2,0,22.464589999999994,-5.0795899999999925
2021,4,SpiceJet,7043,705499.0,70.779,753476.549,6.246190747868855,10998.117,2021-04-01,Apr 2021,23,2,0,77.10300000000012,-6.324000000000126
2021,4,Star Air,453,12578.0,61.229,10226.53,0.1113603098327488,634.0,2021-04-01,Apr 2021,24,2,0,66.39540000000002,-5.166400000000024
2021,4,Total Domestic,59967,5647434.0,59.823,5728118.78,50.0,104910.096,2021-04-01,Apr 2021,25,2,0,68.17687000000006,-8.353870000000065
2021,4,TruJet,864,23962.0,40.378,9205.0,0.2121494469877824,1072.83,2021-04-01,Apr 2021,26,2,0,52.294720000000005,-11.916720000000005
2021,4,Vistara,3491,310936.0,54.582,356306.752,2.752896271120654,5937.13,2021-04-01,Apr 2021,27,2,0,66.70268000000004,-12.120680000000043
2021,5,Air India,5384,321041.0,39.578,328374.717,7.878801711224067,9618.933,2021-05-01,May 2021,5,2,1,75.97692999999998,-36.39892999999998
2021,5,Air Taxi,72,82.0,37.578,21.81,0.0020123963615873,80.44,2021-05-01,May 2021,9,2,1,33.99213999999998,3.585860000000025
2021,5,AirAsia India,809,63532.0,44.38,70007.636,1.5591654346874306,1562.15,2021-05-01,May 2021,10,2,1,53.35971000000007,-8.979710000000068
2021,5,Alliance Air,1042,29756.0,30.972,12178.0,0.7302544650657808,2024.0,2021-05-01,May 2021,12,2,1,39.31781000000007,-8.345810000000071
2021,5,Flybig,54,1323.0,25.767,286.96,0.0324682973948792,59.5,2021-05-01,May 2021,15,2,1,34.47844999999995,-8.711449999999953
2021,5,Go First,1220,138417.0,63.342,124752.207,3.3969495997785386,2077.45,2021-05-01,May 2021,16,2,1,60.41746999999995,2.924530000000047
2021,5,IndiGo,14121,1168738.0,51.189,1168028.0,28.68248901035255,24389.03,2021-05-01,May 2021,17,2,1,54.93421000000002,-3.7452100000000215
2021,5,SpiceJet,2111,198792.0,64.043,225662.506,4.878637774544855,3521.567,2021-05-01,May 2021,23,2,1,62.795449999999974,1.2475500000000324
2021,5,Star Air,332,6847.0,44.443,5670.236,0.168035096192546,480.0,2021-05-01,May 2021,24,2,1,56.449680000000086,-12.006680000000088
2021,5,Total Domestic,27725,2037372.0,49.29,2048225.883,50.0,47577.02,2021-05-01,May 2021,25,2,1,53.32293,-4.03293
2021,5,TruJet,661,11813.0,25.721,4636.983,0.2899077831638012,820.31,2021-05-01,May 2021,26,2,1,41.82280999999999,-16.10180999999999
2021,5,Vistara,1464,97031.0,40.882,108606.828,2.3812784312339623,2336.34,2021-05-01,May 2021,27,2,1,51.02252999999993,-10.140529999999934
2021,6,Air India,4172,376800.0,59.06,388957.213,6.220607711110223,7719.85,2021-06-01,Jun 2021,5,2,0,71.69589,-12.635890000000003
2021,6,Air Taxi,59,56.0,32.276,16.58,0.0009245064538805,74.45,2021-06-01,Jun 2021,9,2,0,25.396579999999975,6.879420000000028
2021,6,AirAsia India,1081,106632.0,54.446,107461.227,1.760392360539027,1998.433,2021-06-01,Jun 2021,10,2,0,61.223419999999976,-6.777419999999978
2021,6,Alliance Air,1217,52874.0,47.076,22051.0,0.8728991829013852,2420.0,2021-06-01,Jun 2021,12,2,0,45.91849,1.157510000000002
2021,6,Flybig,96,3253.0,40.557,897.64,0.0537039195441654,103.4,2021-06-01,Jun 2021,15,2,0,46.92946999999991,-6.3724699999999075
2021,6,Go First,2004,258368.0,70.933,235326.108,4.26540863350352,3512.54,2021-06-01,Jun 2021,16,2,0,67.59733999999999,3.3356600000000185
2021,6,IndiGo,16688,1701955.0,62.697,1607361.0,28.09764967346762,28631.07,2021-06-01,Jun 2021,17,2,0,62.022119999999944,0.6748800000000585
2021,6,Pawan Hans,60,121.0,18.385,10.7,0.0019975943021346,40.16,2021-06-01,Jun 2021,21,2,0,21.99493,-3.6099299999999985
2021,6,SpiceJet,2913,280798.0,70.984,298165.838,4.635706486370299,4759.783,2021-06-01,Jun 2021,23,2,0,69.97164000000006,1.01235999999993
2021,6,Star Air,379,12492.0,69.454,9940.339,0.2062309753906287,533.0,2021-06-01,Jun 2021,24,2,0,67.50377999999996,1.95022000000003
2021,6,Total Domestic,31693,3028643.0,62.752,2923512.618,50.0,54456.777,2021-06-01,Jun 2021,25,2,0,61.917510000000085,0.8344899999999171
2021,6,TruJet,312,10762.0,49.149,4554.156,0.177670329583249,415.35,2021-06-01,Jun 2021,26,2,0,70.91027000000003,-21.761270000000025
2021,6,Vistara,2220,224532.0,60.002,248770.817,3.706808626833866,3584.49,2021-06-01,Jun 2021,27,2,0,62.04284000000005,-2.0408400000000455
2021,7,Air India,4940,489993.0,64.832,504753.36,5.002313347751091,9262.383,2021-07-01,Jul 2021,5,3,0,67.29815000000006,-2.46615000000007
2021,7,Air Taxi,48,52.0,37.548,15.687,0.000530865326817,62.05,2021-07-01,Jul 2021,9,3,0,30.506639999999962,7.04136000000004
2021,7,AirAsia India,1721,164608.0,53.585,165951.701,1.6804746099364922,3141.533,2021-07-01,Jul 2021,10,3,0,60.64285000000004,-7.0578500000000375
2021,7,Alliance Air,2185,70363.0,54.476,29715.0,0.7183322498235893,2845.0,2021-07-01,Jul 2021,12,3,0,55.50772,-1.03172
2021,7,Flybig,144,4982.0,45.221,1620.46,0.0508609818885084,144.0,2021-07-01,Jul 2021,15,3,0,49.04273999999995,-3.8217399999999557
2021,7,Go First,2792,342014.0,67.15,298046.222,3.491603343961529,4839.07,2021-07-01,Jul 2021,16,3,0,65.24646999999995,1.9035300000000603
2021,7,IndiGo,26210,2932469.0,66.221,2766997.0,29.937425270496306,45409.19,2021-07-01,Jul 2021,17,3,0,64.97371,1.2472900000000067
2021,7,Pawan Hans,68,171.0,21.955,13.7,0.0017457302093406,44.0,2021-07-01,Jul 2021,21,3,0,21.346459999999976,0.6085400000000227
2021,7,SpiceJet,4737,456239.0,74.567,459778.851,4.657720496955284,7282.483,2021-07-01,Jul 2021,23,3,0,76.69818000000001,-2.1311800000000147
2021,7,Star Air,470,16469.0,74.863,12926.141,0.1681311743721088,533.0,2021-07-01,Jul 2021,24,3,0,70.92091000000008,3.942089999999922
2021,7,Total Domestic,47692,4897664.0,66.463,4702876.165,50.0,80539.23,2021-07-01,Jul 2021,25,3,0,69.57551999999995,-3.112519999999961
2021,7,TruJet,421,13361.0,44.426,5512.646,0.1364017621461986,563.38,2021-07-01,Jul 2021,26,3,0,56.516560000000034,-12.090560000000032
2021,7,Vistara,3458,406943.0,69.235,457545.397,4.154460167132739,5751.04,2021-07-01,Jul 2021,27,3,0,69.02820999999993,0.20679000000006909
2021,8,Air India,6042,648329.0,68.817,674729.318,4.95357160757793,11342.55,2021-08-01,Aug 2021,5,3,0,70.77495,-1.957950000000011
2021,8,AirAsia India,3292,348656.0,60.326,382173.526,2.663913633990907,6357.567,2021-08-01,Aug 2021,10,3,0,65.02662000000005,-4.70062000000005
2021,8,Alliance Air,2336,80491.0,57.336,33347.0,0.6149932091045676,3081.0,2021-08-01,Aug 2021,12,3,0,59.85086999999999,-2.514869999999995
2021,8,Flybig,164,5663.0,47.035,2036.66,0.0432682727653919,161.5,2021-08-01,Aug 2021,15,3,0,51.23578999999993,-4.200789999999934
2021,8,Go First,3709,457959.0,67.604,415897.514,3.499045546065009,7237.4,2021-08-01,Aug 2021,16,3,0,72.84521000000004,-5.241210000000038
2021,8,IndiGo,30288,3816286.0,74.015,3549811.0,29.15841490353995,51609.56,2021-08-01,Aug 2021,17,3,0,70.71208000000003,3.302919999999972
2021,8,Pawan Hans,42,102.0,2.15,0.789,0.0007793331841903,26.5,2021-08-01,Aug 2021,21,3,0,8.121739999999988,-5.971739999999988
2021,8,SpiceJet,5835,583539.0,79.593,562899.434,4.458542225188782,8725.617,2021-08-01,Aug 2021,23,3,0,85.45222000000005,-5.85922000000005
2021,8,Star Air,517,18187.0,75.249,14272.447,0.1389581629497058,712.05,2021-08-01,Aug 2021,24,3,0,75.04365999999993,0.20534000000006358
2021,8,Total Domestic,58101,6544056.0,71.988,6263456.73,50.0,98409.27,2021-08-01,Aug 2021,25,3,0,81.889,-9.900999999999996
2021,8,TruJet,728,26823.0,51.665,10462.787,0.2049417058778225,959.11,2021-08-01,Aug 2021,26,3,0,59.358599999999996,-7.693599999999996
2021,8,Vistara,4656,558021.0,71.308,617826.255,4.263571399755748,7526.1,2021-08-01,Aug 2021,27,3,0,74.97376999999993,-3.665769999999924
2021,9,Air India,6113,598097.0,63.669,617156.063,4.339143844391906,11502.85,2021-09-01,Sep 2021,5,3,0,71.67524999999999,-8.006249999999994
2021,9,AirAsia India,3475,412671.0,68.017,448865.64,2.993893681809225,6675.317,2021-09-01,Sep 2021,10,3,0,65.82099999999997,2.1960000000000264
2021,9,Alliance Air,2499,91031.0,60.178,38186.0,0.6604223115963457,3277.0,2021-09-01,Sep 2021,12,3,0,62.88996999999999,-2.7119699999999938
2021,9,Flybig,174,5571.0,43.844,2093.76,0.0404171402918043,203.4,2021-09-01,Sep 2021,15,3,0,56.54410999999996,-12.70010999999996
2021,9,Go First,4326,579872.0,74.047,527580.77,4.20692298964085,8502.53,2021-09-01,Sep 2021,16,3,0,78.02112999999987,-3.9741299999998745
2021,9,IndiGo,32082,3958375.0,73.575,3668544.0,28.717680434853897,54745.37,2021-09-01,Sep 2021,17,3,0,72.13213999999992,1.4428600000000813
2021,9,Pawan Hans,78,198.0,23.486,17.96,0.0014364734837151,52.33,2021-09-01,Sep 2021,21,3,0,24.997780000000002,-1.5117800000000017
2021,9,SpiceJet,6292,601529.0,78.841,575449.953,4.364042718109635,9312.95,2021-09-01,Sep 2021,23,3,0,81.90183000000009,-3.060830000000095
2021,9,Star Air,529,18158.0,73.251,14957.533,0.1317347753399,764.52,2021-09-01,Sep 2021,24,3,0,74.26062000000007,-1.0096200000000692
2021,9,Total Domestic,61514,6891878.0,72.315,6577718.636,50.0,104485.037,2021-09-01,Sep 2021,25,3,0,78.19057,-5.875569999999996
2021,9,TruJet,401,14557.0,52.009,5551.13,0.1056098207194033,522.07,2021-09-01,Sep 2021,26,3,0,51.940809999999985,0.06819000000001552
2021,9,Vistara,5069,611819.0,72.364,679315.827,4.438695809763319,8267.55,2021-09-01,Sep 2021,27,3,0,76.98014999999988,-4.616149999999877
2021,10,Air India,7405,859763.0,75.667,886480.416,4.89383484605899,14004.25,2021-10-01,Oct 2021,5,4,1,74.40496000000013,1.262039999999871
2021,10,Air India Express,4,271.0,71.774,518.514,0.0015425521257392,12.28,2021-10-01,Oct 2021,6,4,1,56.38919000000001,15.384809999999987
2021,10,AirAsia India,4387,571707.0,73.735,617485.833,3.254198701660629,8476.8,2021-10-01,Oct 2021,10,4,1,74.29107999999992,-0.5560799999999233
2021,10,Alliance Air,2572,107718.0,68.736,48771.0,0.6131388556471752,3515.0,2021-10-01,Oct 2021,12,4,1,66.33636999999997,2.3996300000000303
2021,10,Flybig,177,8398.0,64.799,3139.44,0.0478020396751237,218.08,2021-10-01,Oct 2021,15,4,1,60.510159999999985,4.288840000000022
2021,10,Go First,6451,883763.0,75.354,833800.578,5.030444628412285,12798.36,2021-10-01,Oct 2021,16,4,1,80.08706000000005,-4.733060000000052
2021,10,IndiGo,36567,4807415.0,77.953,4515676.0,27.36416320133185,63408.19,2021-10-01,Oct 2021,17,4,1,74.6016400000001,3.3513599999999
2021,10,Pawan Hans,98,320.0,29.093,27.9,0.0018214637647105,66.0,2021-10-01,Oct 2021,21,4,1,28.153529999999975,0.9394700000000249
2021,10,SpiceJet,7837,810239.0,82.179,808847.995,4.611940560172966,11992.167,2021-10-01,Oct 2021,23,4,1,84.90730000000003,-2.728300000000033
2021,10,Star Air,513,19525.0,79.988,15732.7,0.11113775001867,736.17,2021-10-01,Oct 2021,24,4,1,75.23234999999998,4.755650000000017
2021,10,Total Domestic,72491,8784144.0,77.18,8513938.104,50.0,117610.847,2021-10-01,Oct 2021,25,4,1,79.08651000000005,-1.90651000000004
2021,10,TruJet,431,18674.0,61.87,7298.928,0.1062937948193927,565.01,2021-10-01,Oct 2021,26,4,1,63.263889999999925,-1.393889999999928
2021,10,Vistara,5576,696351.0,75.311,776158.8,3.963681606312465,1201.54,2021-10-01,Oct 2021,27,4,1,75.1632899999999,0.14771000000010304
2021,11,Air India,7294,945717.0,81.225,991291.339,4.515785818557775,14167.317,2021-11-01,Nov 2021,5,4,1,79.32035000000012,1.9046499999998758
2021,11,Air India Express,76,7517.0,52.052,11480.755,0.0358935728109982,202.91,2021-11-01,Nov 2021,6,4,1,50.905659999999955,1.1463400000000448
2021,11,AirAsia India,4746,622726.0,74.628,669896.994,2.973508184422199,9139.367,2021-11-01,Nov 2021,10,4,1,81.98102,-7.353020000000001
2021,11,Alliance Air,2907,120306.0,68.461,54410.0,0.5744595145137621,3811.0,2021-11-01,Nov 2021,12,4,1,69.56626000000003,-1.1052600000000297
2021,11,Flybig,236,10081.0,60.174,3763.2,0.0481366379549917,280.0,2021-11-01,Nov 2021,15,4,1,61.50619999999998,-1.332199999999979
2021,11,Go First,8086,1155939.0,78.238,1101805.331,5.519593010718698,15902.12,2021-11-01,Nov 2021,16,4,1,80.04320000000003,-1.8052000000000277
2021,11,IndiGo,41846,5706021.0,80.479,5357596.0,27.24617270514631,72562.5,2021-11-01,Nov 2021,17,4,1,80.32087000000003,0.15812999999997146
2021,11,Pawan Hans,98,428.0,35.435,33.77,0.0020436941816026,65.0,2021-11-01,Nov 2021,21,4,1,34.31918999999996,1.1158100000000388
2021,11,SpiceJet,9010,1078210.0,86.679,1081602.223,5.148438092396751,13969.017,2021-11-01,Nov 2021,23,4,1,87.26655000000004,-0.5875500000000358
2021,11,Star Air,525,20541.0,81.555,16253.448,0.098082995757711,736.17,2021-11-01,Nov 2021,24,4,1,78.56907999999997,2.9859200000000357
2021,11,Total Domestic,81620,10471234.0,80.05,10165303.98,50.0,133035.36,2021-11-01,Nov 2021,25,4,1,85.33292999999995,-5.282929999999951
2021,11,TruJet,209,10596.0,72.473,4106.641,0.0505957559538827,275.15,2021-11-01,Nov 2021,26,4,1,69.30829999999997,3.1647000000000247
2021,11,Vistara,6135,793152.0,76.999,873064.279,3.78729001758532,1291.41,2021-11-01,Nov 2021,27,4,1,76.11610999999989,0.8828900000001028
2021,12,Air India,7810,935686.0,76.455,988332.989,4.193614978882813,15250.033,2021-12-01,Dec 2021,5,4,1,78.72653999999997,-2.2715399999999732
2021,12,Air India Express,70,7314.0,55.165,10888.549,0.0327803343809236,183.71,2021-12-01,Dec 2021,6,4,1,48.33900999999997,6.825990000000026
2021,12,AirAsia India,5347,701054.0,74.185,741750.45,3.142026871627567,10199.2,2021-12-01,Dec 2021,10,4,1,85.39444999999999,-11.20944999999999
2021,12,Alliance Air,3085,125358.0,66.987,56284.0,0.561837183117832,3958.0,2021-12-01,Dec 2021,12,4,1,68.37892000000005,-1.3919200000000558
2021,12,Flybig,243,10244.0,61.169,3984.02,0.045912188323514,291.5,2021-12-01,Dec 2021,15,4,1,61.46732999999995,-0.29832999999995025
2021,12,Go First,8332,1193076.0,78.991,1130994.365,5.347201288194535,16863.2,2021-12-01,Dec 2021,16,4,1,81.25737999999998,-2.266379999999984
2021,12,IndiGo,44893,6140654.0,80.192,5770309.0,27.52156021842441,78309.18,2021-12-01,Dec 2021,17,4,1,81.67508,-1.483080000000001
2021,12,Pawan Hans,28,74.0,22.941,6.63,0.0003316577446251,19.33,2021-12-01,Dec 2021,21,4,1,24.67937999999999,-1.7383799999999923
2021,12,SpiceJet,9609,1150688.0,85.959,1149594.855,5.157224146584118,14746.333,2021-12-01,Dec 2021,23,4,1,87.62335999999998,-1.6643599999999736
2021,12,Star Air,537,21315.0,82.261,17030.776,0.0955308760362847,775.22,2021-12-01,Dec 2021,24,4,1,81.41975000000014,0.8412499999998602
2021,12,Total Domestic,87258,11156079.0,79.52,10816546.432,50.0,152340.797,2021-12-01,Dec 2021,25,4,1,83.33617000000018,-3.8161700000001844
2021,12,TruJet,207,9530.0,66.958,3590.105,0.0427121392740227,206.54,2021-12-01,Dec 2021,26,4,1,64.95365999999994,2.004340000000056
2021,12,Vistara,6581,861086.0,78.084,943780.693,3.8592681174093513,10847.5,2021-12-01,Dec 2021,27,4,1,80.72276999999993,-2.638769999999923
2022,1,Air India,7187,655809.0,59.17,703328.181,5.115052790083392,13566.233,2022-01-01,Jan 2022,5,1,1,67.6081,-8.438099999999991
2022,1,Air India Express,36,2514.0,37.435,3934.142,0.019608213236277,95.46,2022-01-01,Jan 2022,6,1,1,37.09458999999997,0.3404100000000341
2022,1,AirAsia India,2851,295094.0,60.481,313575.255,2.301617373407301,5296.583,2022-01-01,Jan 2022,10,1,1,83.19989000000005,-22.71889000000005
2022,1,Alliance Air,2745,79509.0,48.545,33309.0,0.6201389921253603,3369.0,2022-01-01,Jan 2022,12,1,1,53.472100000000054,-4.927100000000053
2022,1,Flybig,230,6962.0,43.041,2680.46,0.0543008673631508,278.25,2022-01-01,Jan 2022,15,1,1,51.19133000000001,-8.150330000000011
2022,1,Go First,5239,635493.0,66.722,603763.254,4.956595964264694,10670.44,2022-01-01,Jan 2022,16,1,1,74.38391999999995,-7.661919999999952
2022,1,IndiGo,32470,3556558.0,66.563,3370607.0,27.73975642449769,54563.23,2022-01-01,Jan 2022,17,1,1,66.4267,0.13630000000000564
2022,1,SpiceJet,7007,679827.0,73.403,681716.7,5.302383762839519,10515.283,2022-01-01,Jan 2022,23,1,1,87.60753999999997,-14.204539999999966
2022,1,Star Air,479,14884.0,68.059,12659.423,0.116089357919152,616.19,2022-01-01,Jan 2022,24,1,1,71.30529000000006,-3.2462900000000587
2022,1,Total Domestic,63541,6410579.0,65.367,6257032.427,50.0,107344.69,2022-01-01,Jan 2022,25,1,1,71.60439000000008,-6.237390000000076
2022,1,TruJet,188,5415.0,42.595,2049.989,0.042234874572172,229.34,2022-01-01,Jan 2022,26,1,1,48.862549999999985,-6.267549999999986
2022,1,Vistara,4665,478514.0,61.633,529409.023,3.732221379691288,7570.48,2022-01-01,Jan 2022,27,1,1,65.68454999999992,-4.051549999999914
2022,2,Air India,6512,855249.0,82.41,903923.032,5.556643459870105,12425.3,2022-02-01,Feb 2022,5,1,0,79.06411999999992,3.3458800000000792
2022,2,AirAsia India,3030,445563.0,83.198,471344.23,2.894870066974768,5768.567,2022-02-01,Feb 2022,10,1,0,78.49356000000012,4.704439999999877
2022,2,Alliance Air,2620,111715.0,71.898,46365.0,0.725824203383329,3302.0,2022-02-01,Feb 2022,12,1,0,64.10371000000005,7.794289999999947
2022,2,Flybig,258,9930.0,54.693,3788.01,0.0645162631660605,308.0,2022-02-01,Feb 2022,15,1,0,59.809559999999955,-5.116559999999957
2022,2,Go First,4630,734220.0,86.961,716681.981,4.770305210653072,9317.19,2022-02-01,Feb 2022,16,1,0,83.67489999999998,3.286100000000019
2022,2,IndiGo,27191,3950597.0,85.196,3702539.0,25.66744770544304,46105.45,2022-02-01,Feb 2022,17,1,0,80.09869999999995,5.097300000000047
2022,2,SpiceJet,6903,820397.0,89.061,790004.289,5.330206319501167,10332.8,2022-02-01,Feb 2022,23,1,0,89.34130999999992,-0.2803099999999148
2022,2,Star Air,473,17500.0,77.58,14287.429,0.1136993560328358,686.7,2022-02-01,Feb 2022,24,1,0,76.80348999999998,0.776510000000016
2022,2,Total Domestic,57220,7695734.0,85.339,7477779.791,50.0,97246.117,2022-02-01,Feb 2022,25,1,0,80.91072,4.428280000000001
2022,2,TruJet,64,2056.0,50.984,803.0,0.0133580500573434,79.46,2022-02-01,Feb 2022,26,1,0,54.014360000000025,-3.030360000000023
2022,2,Vistara,5115,748507.0,87.117,828043.82,4.863129364918279,8377.15,2022-02-01,Feb 2022,27,1,0,84.75185000000006,2.365149999999943
2022,3,Air India,7172,936381.0,83.628,986415.702,4.408722064265444,13607.6,2022-03-01,Mar 2022,5,1,1,76.95877999999995,6.6692200000000526
2022,3,Air India Express,4,277.0,36.022,190.816,0.0013041870902992,5.93,2022-03-01,Mar 2022,6,1,1,40.50152999999996,-4.479529999999961
2022,3,AirAsia India,4863,698450.0,81.264,743853.248,3.288481852778088,9305.25,2022-03-01,Mar 2022,10,1,1,81.72709000000005,-0.46309000000005085
2022,3,Alliance Air,3209,145441.0,73.999,58434.0,0.6847735545134195,4130.0,2022-03-01,Mar 2022,12,1,1,72.54880999999995,1.450190000000049
2022,3,Flybig,366,13096.0,50.879,5402.71,0.0616593290056293,492.0,2022-03-01,Mar 2022,15,1,1,52.627509999999944,-1.7485099999999463
2022,3,Go First,6981,1044026.0,81.358,1013105.997,4.915542350674345,13964.53,2022-03-01,Mar 2022,16,1,1,83.92813999999998,-2.5701399999999808
2022,3,IndiGo,41982,5783838.0,80.96,5397618.0,27.23179368946712,71009.49,2022-03-01,Mar 2022,17,1,1,80.87227,0.08772999999999342
2022,3,SpiceJet,8722,1020817.0,86.869,1013447.149,4.806268422231183,13264.133,2022-03-01,Mar 2022,23,1,1,87.66201999999996,-0.7930199999999559
2022,3,Star Air,539,21137.0,80.286,16978.773,0.0995184206774578,789.41,2022-03-01,Mar 2022,24,1,1,77.21945000000005,3.0665499999999497
2022,3,Total Domestic,80948,10619642.0,82.258,10303960.55,50.0,138064.413,2022-03-01,Mar 2022,25,1,1,82.7623099999999,-0.5043099999999043
2022,3,Vistara,6641,956179.0,86.082,1068514.155,4.501936129297015,10852.92,2022-03-01,Mar 2022,27,1,1,86.89131000000009,-0.8093100000000959
2022,4,Air India,6716,826023.0,79.543,877610.752,3.9151393940405086,12944.682,2022-04-01,Apr 2022,5,2,0,76.78700999999991,2.7559900000000965
2022,4,Air India Express,26,2372.0,48.821,1681.032,0.0112426780400353,40.3,2022-04-01,Apr 2022,6,2,0,35.32082999999999,13.500170000000011
2022,4,AirAsia India,4290,591907.0,79.639,630660.732,2.8054889673875127,8069.95,2022-04-01,Apr 2022,10,2,0,79.99718000000006,-0.3581800000000612
2022,4,Alliance Air,2907,120306.0,66.918,48693.097,0.5702199090575413,3837.183,2022-04-01,Apr 2022,12,2,0,68.46784999999996,-1.5498499999999495
2022,4,Flybig,398,16164.0,55.994,7278.98,0.0766132579422979,554.0,2022-04-01,Apr 2022,15,2,0,57.160309999999974,-1.1663099999999744
2022,4,Go First,7594,1108977.0,80.263,1078573.011,5.256269546713422,14792.31,2022-04-01,Apr 2022,16,2,0,82.31177999999998,-2.0487799999999794
2022,4,IndiGo,43927,5957411.0,79.692,5665270.0,28.236616283796284,75079.52,2022-04-01,Apr 2022,17,2,0,80.43066999999996,-0.7386699999999706
2022,4,SpiceJet,8709,1000901.0,85.872,1011623.065,4.744016733958423,13350.9,2022-04-01,Apr 2022,23,2,0,86.97779000000006,-1.1057900000000558
2022,4,Star Air,519,20599.0,81.943,16512.86,0.0976340324395815,753.96,2022-04-01,Apr 2022,24,2,0,77.97108,3.9719199999999972
2022,4,Total Domestic,82056,10549088.0,80.508,10358205.732,50.0,140805.155,2022-04-01,Apr 2022,25,2,0,81.89404999999987,-1.3860499999998694
2022,4,Vistara,6492,904428.0,82.906,1020302.203,4.286759196624391,10677.35,2022-04-01,Apr 2022,27,2,0,84.73209000000001,-1.8260900000000078
2022,5,Air India,6667,822814.0,80.495,883040.33,3.586677107433362,13037.603,2022-05-01,May 2022,5,2,1,79.1429299999999,1.3520700000001113
2022,5,Air India Express,26,3227.0,66.439,2287.656,0.0140666141141101,41.59,2022-05-01,May 2022,6,2,1,30.456469999999996,35.98253
2022,5,AirAsia India,4949,686362.0,79.384,731036.837,2.991877718186829,9372.25,2022-05-01,May 2022,10,2,1,82.76741999999996,-3.3834199999999583
2022,5,Alliance Air,3085,125358.0,65.51,50627.439,0.5464402268722109,4174.749,2022-05-01,May 2022,12,2,1,66.85945000000014,-1.3494500000001324
2022,5,Flybig,519,23803.0,62.466,10646.63,0.1037581703619971,738.0,2022-05-01,May 2022,15,2,1,60.16445999999994,2.3015400000000596
2022,5,Go First,8114,1276216.0,86.504,1238458.961,5.563073442284861,16230.78,2022-05-01,May 2022,16,2,1,85.08631999999997,1.4176800000000327
2022,5,IndiGo,45450,6376429.0,81.802,6076111.0,27.79509332786536,78683.78,2022-05-01,May 2022,17,2,1,82.48069999999989,-0.6786999999998784
2022,5,SpiceJet,9675,1152182.0,89.091,1181830.842,5.02240458110434,14959.617,2022-05-01,May 2022,23,2,1,88.63720000000008,0.4537999999999158
2022,5,Star Air,527,21355.0,83.411,16920.0,0.0930872464849157,759.0,2022-05-01,May 2022,24,2,1,81.85903000000006,1.5519699999999403
2022,5,Total Domestic,86460,11470422.0,82.906,11296421.489,50.0,150271.389,2022-05-01,May 2022,25,2,1,85.50195000000002,-2.595950000000016
2022,5,Vistara,6917,982676.0,84.802,1105461.794,4.283521565292018,11544.85,2022-05-01,May 2022,27,2,1,86.05655999999992,-1.2545599999999126
2022,6,Air India,6824,783479.0,75.414,860627.289,3.725873903726735,13487.567,2022-06-01,Jun 2022,5,2,0,76.18936999999994,-0.7753699999999384
2022,6,Air India Express,22,1912.0,46.212,1346.392,0.0090926124426123,34.417,2022-06-01,Jun 2022,6,2,0,41.16096999999999,5.0510300000000115
2022,6,AirAsia India,4486,589510.0,75.814,635489.169,2.8034445402952057,8544.133,2022-06-01,Jun 2022,10,2,0,77.41415000000008,-1.6001500000000846
2022,6,Alliance Air,2907,120306.0,66.918,48693.097,0.5721212513184764,3837.183,2022-06-01,Jun 2022,12,2,0,68.62878999999998,-1.7107899999999745
2022,6,Flybig,590,23027.0,54.151,10662.795,0.1095060599979265,817.0,2022-06-01,Jun 2022,15,2,0,54.89073999999992,-0.7397399999999195
2022,6,Go First,7023,998773.0,78.712,963404.879,4.7497153803061245,14255.54,2022-06-01,Jun 2022,16,2,0,81.16002000000013,-2.4480200000001275
2022,6,IndiGo,44205,5982787.0,78.58,5684887.0,28.451445354445443,76159.1,2022-06-01,Jun 2022,17,2,0,79.49189999999994,-0.911899999999946
2022,6,SpiceJet,8922,1001649.0,84.05,1013624.994,4.763392343373569,13806.85,2022-06-01,Jun 2022,23,2,0,87.36439,-3.314390000000003
2022,6,Star Air,534,21087.0,81.836,16327.238,0.1002802921429746,761.28,2022-06-01,Jun 2022,24,2,0,79.04559000000003,2.790409999999966
2022,6,Total Domestic,83227,10514030.0,79.066,10336220.356,50.0,144081.0,2022-06-01,Jun 2022,25,2,0,82.34697999999992,-3.2809799999999143
2022,6,Vistara,7191,991500.0,83.823,1101157.503,4.7151282619509365,11668.43,2022-06-01,Jun 2022,27,2,0,88.74224999999998,-4.919249999999991
2022,7,Air India,7464,814028.0,71.08,868922.664,4.193887356678571,14501.033,2022-07-01,Jul 2022,5,3,0,72.32637,-1.2463699999999989
2022,7,AirAsia India,3453,442126.0,75.153,465704.79,2.2778413536866915,6377.467,2022-07-01,Jul 2022,10,3,0,76.77178000000006,-1.6187800000000578
2022,7,Alliance Air,2620,111715.0,71.898,46365.0,0.5755577523762655,3302.0,2022-07-01,Jul 2022,12,3,0,68.45114000000005,3.446859999999944
2022,7,Flybig,632,21775.0,46.79,9498.0,0.1121852039385327,909.48,2022-07-01,Jul 2022,15,3,0,52.25297999999998,-5.46297999999998
2022,7,Go First,5779,795237.0,76.517,764495.075,4.097075776094923,12010.49,2022-07-01,Jul 2022,16,3,0,80.73629999999989,-4.21929999999989
2022,7,IndiGo,43029,5711288.0,77.676,5402584.0,29.424661723613987,73669.48,2022-07-01,Jul 2022,17,3,0,78.3484800000001,-0.6724800000000926
2022,7,SpiceJet,6605,775824.0,84.694,793607.194,3.997059639972822,10432.283,2022-07-01,Jul 2022,23,3,0,85.38985000000011,-0.6958500000001067
2022,7,Star Air,529,19610.0,77.842,15090.376,0.1010310837765614,744.24,2022-07-01,Jul 2022,24,3,0,76.25590000000001,1.5860999999999876
2022,7,Total Domestic,77875,9704934.0,77.976,9490947.17,50.0,134506.193,2022-07-01,Jul 2022,25,3,0,80.03014999999992,-2.0541499999999218
2022,7,Vistara,7287,1013331.0,84.315,1124680.071,5.220700109861644,11915.57,2022-07-01,Jul 2022,27,3,0,86.1384499999999,-1.8234499999999088
2022,8,Air India,7591,861329.0,73.627,922831.956,4.257370618201993,14644.983,2022-08-01,Aug 2022,5,3,0,73.87391000000014,-0.24691000000014185
2022,8,AirAsia India,4471,587836.0,74.912,613154.77,2.9055514382093093,8361.833,2022-08-01,Aug 2022,10,3,0,76.27151000000005,-1.3595100000000429
2022,8,Akasa Air,246,23744.0,52.872,14059.87,0.1173616677931291,348.43,2022-08-01,Aug 2022,11,3,0,59.87580000000003,-7.003800000000027
2022,8,Alliance Air,3085,125358.0,66.987,56284.0,0.6196185963279598,3958.0,2022-08-01,Aug 2022,12,3,0,67.78439000000002,-0.7973900000000214
2022,8,Flybig,447,16357.0,49.957,6748.87,0.0808492587639914,616.03,2022-08-01,Aug 2022,15,3,0,53.725570000000005,-3.768570000000004
2022,8,Go First,5875,870277.0,81.641,842497.374,4.301598726499369,12480.14,2022-08-01,Aug 2022,16,3,0,83.61470999999989,-1.9737099999998833
2022,8,IndiGo,43171,5832025.0,78.272,5421725.0,28.82649008638914,73508.58,2022-08-01,Aug 2022,17,3,0,78.90520999999997,-0.6332099999999627
2022,8,SpiceJet,6850,798347.0,84.585,809044.068,3.9460636538764,10655.467,2022-08-01,Aug 2022,23,3,0,85.61628000000005,-1.0312800000000522
2022,8,Star Air,510,19438.0,79.288,14754.313,0.0960780028033542,713.4,2022-08-01,Aug 2022,24,3,0,78.09615999999988,1.1918400000001128
2022,8,Total Domestic,79675,10115739.0,78.829,9793070.934,50.0,137319.613,2022-08-01,Aug 2022,25,3,0,80.31759999999993,-1.4885999999999342
2022,8,Vistara,6987,981028.0,84.432,1091970.713,4.849017951135354,11452.2,2022-08-01,Aug 2022,27,3,0,84.92574999999995,-0.49374999999994884
2022,9,Air India,7689,948637.0,79.631,1007718.242,4.584190157510033,14766.164,2022-09-01,Sep 2022,5,3,0,79.0886500000001,0.5423499999998995
2022,9,AirAsia India,4437,613867.0,77.021,609330.094,2.966448767463436,8173.517,2022-09-01,Sep 2022,10,3,0,77.41287999999997,-0.39187999999997203
2022,9,Akasa Air,623,92589.0,81.248,61372.0,0.4474267633390816,933.0,2022-09-01,Sep 2022,11,3,0,79.0021399999999,2.245860000000107
2022,9,Alliance Air,2907,120306.0,68.461,54410.0,0.5813662982673056,3811.0,2022-09-01,Sep 2022,12,3,0,68.63103000000002,-0.17003000000002544
2022,9,Flybig,430,16702.0,54.719,6778.77,0.0807106870285816,563.17,2022-09-01,Sep 2022,15,3,0,57.89665000000003,-3.1776500000000283
2022,9,Go First,5323,814678.0,83.214,787899.768,3.9368471492678,11498.43,2022-09-01,Sep 2022,16,3,0,82.26189999999995,0.9521000000000441
2022,9,IndiGo,42458,5972449.0,81.397,5535026.0,28.86124188918484,62800.55,2022-09-01,Sep 2022,17,3,0,79.56974999999997,1.827250000000035
2022,9,SpiceJet,6233,753485.0,85.765,766968.579,3.641138307731458,5774.455,2022-09-01,Sep 2022,23,3,0,84.0002500000001,1.764749999999907
2022,9,Star Air,463,17649.0,79.175,13429.018,0.0852869665529539,650.94,2022-09-01,Sep 2022,24,3,0,76.33757,2.8374299999999977
2022,9,Total Domestic,78018,10346833.0,81.699,9948401.47,50.0,121057.396,2022-09-01,Sep 2022,25,3,0,80.42032999999996,1.2786700000000337
2022,9,Vistara,6982,996471.0,85.377,1105468.999,4.815343013654516,11455.12,2022-09-01,Sep 2022,27,3,0,85.3208900000001,0.05610999999989019
2022,10,Air India,7973,1037506.0,82.661,1083365.786,4.550074962873795,15282.317,2022-10-01,Oct 2022,5,4,1,82.68721,-0.02620999999999185
2022,10,Air India Express,8,972.0,64.651,684.944,0.0042627925659353,12.2,2022-10-01,Oct 2022,6,4,1,57.30431999999996,7.346680000000035
2022,10,AirAsia India,5758,866548.0,84.172,887486.466,3.800323428421968,10785.25,2022-10-01,Oct 2022,10,4,1,86.17661,-2.0046099999999996
2022,10,Akasa Air,1155,160617.0,77.466,116847.0,0.7044001579864603,1811.88,2022-10-01,Oct 2022,11,4,1,74.85942000000004,2.6065799999999513
2022,10,Alliance Air,3619,139768.0,62.004,53463.0,0.6129650116827706,4733.0,2022-10-01,Oct 2022,12,4,1,66.96574999999996,-4.9617499999999595
2022,10,Flybig,579,26948.0,67.388,11413.9,0.118182853978216,771.15,2022-10-01,Oct 2022,15,4,1,68.79749999999999,-1.40949999999998
2022,10,Go First,5042,802322.0,86.716,793379.151,3.518654585479823,11155.56,2022-10-01,Oct 2022,16,4,1,86.2992300000001,0.41676999999990016
2022,10,IndiGo,45536,6471441.0,82.071,6126040.0,28.381080849474564,77994.1,2022-10-01,Oct 2022,17,4,1,82.06748999999992,0.0035100000000767295
2022,10,India One Air,2,17.0,94.444,6.392,7.455501401327271e-05,3.3,2022-10-01,Oct 2022,18,4,1,0.0,94.444
2022,10,SpiceJet,6549,828531.0,88.101,872471.671,3.633596489142992,10447.667,2022-10-01,Oct 2022,23,4,1,87.45938999999998,0.6416100000000142
2022,10,Star Air,459,17439.0,79.438,13293.098,0.076480287610439,646.4,2022-10-01,Oct 2022,24,4,1,78.35721000000005,1.0807899999999506
2022,10,Total Domestic,84411,11400977.0,83.205,11114186.865,50.0,146089.043,2022-10-01,Oct 2022,25,4,1,85.63784000000004,-2.4328400000000414
2022,10,Vistara,7282,1048868.0,85.532,1155735.457,4.599904025769019,11845.22,2022-10-01,Oct 2022,27,4,1,87.04859000000005,-1.5165900000000505
2022,11,Air India,7761,1062524.0,85.696,1099937.632,4.54902829812729,14921.85,2022-11-01,Nov 2022,5,4,1,83.23807,2.4579300000000046
2022,11,AirAsia India,5688,884584.0,87.323,902602.89,3.787206357758159,10568.13,2022-11-01,Nov 2022,10,4,1,87.31961000000008,0.003389999999910742
2022,11,Akasa Air,1483,206775.0,79.249,163281.0,0.8852744280084689,2416.0,2022-11-01,Nov 2022,11,4,1,74.4814299999999,4.767570000000092
2022,11,Alliance Air,3548,144477.0,67.284,56621.0,0.6185554033871578,4642.0,2022-11-01,Nov 2022,12,4,1,67.28141999999994,0.002580000000065752
2022,11,Flybig,540,25675.0,68.167,11060.54,0.109923447898041,735.4,2022-11-01,Nov 2022,15,4,1,69.54684000000007,-1.3798400000000726
2022,11,Go First,5140,870316.0,91.319,842496.028,3.726120174521188,10945.58,2022-11-01,Nov 2022,16,4,1,88.22119000000009,3.0978099999999102
2022,11,IndiGo,43379,6500903.0,86.852,6114319.0,27.83258703839216,74632.53,2022-11-01,Nov 2022,17,4,1,80.18131,6.670690000000008
2022,11,India One Air,80,644.0,91.669,174.575,0.0027571840485428,103.33,2022-11-01,Nov 2022,18,4,1,80.99999999999999,10.669000000000011
2022,11,SpiceJet,6337,875668.0,91.958,917841.409,3.749033915247588,9938.6,2022-11-01,Nov 2022,23,4,1,90.16310999999995,1.794890000000052
2022,11,Star Air,496,19802.0,81.384,14686.961,0.0847791281510032,697.52,2022-11-01,Nov 2022,24,4,1,78.92856,2.455439999999996
2022,11,Total Domestic,81994,11678582.0,87.696,11309408.439,50.0,141711.76,2022-11-01,Nov 2022,25,4,1,86.13919999999995,1.5568000000000524
2022,11,Vistara,7056,1087214.0,91.706,1186387.404,4.654734624460401,11458.65,2022-11-01,Nov 2022,27,4,1,85.18206000000005,6.523939999999953
2022,12,Air India,8239,1170659.0,89.34,1214284.998,4.596063084990924,15839.717,2022-12-01,Dec 2022,5,4,1,87.43094000000002,1.9090599999999824
2022,12,AirAsia India,6071,971221.0,89.84,986569.553,3.813059981999857,11250.317,2022-12-01,Dec 2022,10,4,1,88.90202000000008,0.937979999999925
2022,12,Akasa Air,1977,292393.0,83.818,235890.0,1.1479488677828054,3298.35,2022-12-01,Dec 2022,11,4,1,83.39779000000007,0.42020999999992625
2022,12,Alliance Air,4025,169217.0,69.991,66326.0,0.6643540151768441,5128.0,2022-12-01,Dec 2022,12,4,1,71.20845,-1.2174499999999995
2022,12,Flybig,581,28680.0,70.752,12465.956,0.1125990482946269,830.2,2022-12-01,Dec 2022,15,4,1,71.30831000000009,-0.5563100000000958
2022,12,Go First,5549,951235.0,92.629,927474.194,3.734593992487429,12205.367,2022-12-01,Dec 2022,16,4,1,89.28774999999997,3.3412500000000307
2022,12,IndiGo,46194,6997472.0,87.467,6606991.0,27.47240891451533,80042.8,2022-12-01,Dec 2022,17,4,1,82.19079999999994,5.27620000000006
2022,12,India One Air,60,472.0,91.773,131.08,0.0018530945186563,77.5,2022-12-01,Dec 2022,18,4,1,27.582879999999975,64.19012000000002
2022,12,SpiceJet,6838,963522.0,92.714,999968.668,3.782833340688129,6496.279,2022-12-01,Dec 2022,23,4,1,89.20713999999998,3.5068600000000174
2022,12,Star Air,500,20171.0,82.832,14540.154,0.0791923083385955,691.02,2022-12-01,Dec 2022,24,4,1,81.53571000000007,1.296289999999928
2022,12,Total Domestic,88128,12735454.0,88.837,12338508.321,50.0,148924.766,2022-12-01,Dec 2022,25,4,1,87.69315000000013,1.1438499999998726
2022,12,Vistara,7579,1170412.0,91.868,1273866.718,4.595093351206796,12364.95,2022-12-01,Dec 2022,27,4,1,90.72615000000013,1.141849999999863
2023,1,Air India,8295,1154581.0,87.493,1199173.837,4.599547543037909,16310.467,2023-01-01,Jan 2023,5,1,1,85.54160999999998,1.9513900000000177
2023,1,AirAsia India,5991,930093.0,87.019,938779.722,3.705246295363217,11073.75,2023-01-01,Jan 2023,10,1,1,84.44516999999996,2.5738300000000436
2023,1,Akasa Air,2448,356550.0,82.852,281527.161,1.420401579854654,4124.0,2023-01-01,Jan 2023,11,1,1,82.74559999999994,0.10640000000006467
2023,1,Alliance Air,3729,151400.0,66.01,57292.112,0.6031378465572701,4863.0,2023-01-01,Jan 2023,12,1,1,66.43575000000011,-0.4257500000001073
2023,1,Flybig,565,21729.0,56.271,9355.4,0.0865626305669941,796.0,2023-01-01,Jan 2023,15,1,1,57.63118999999999,-1.3601899999999887
2023,1,Go First,6242,1052822.0,90.901,1017247.476,4.194166406130239,11722.617,2023-01-01,Jan 2023,16,1,1,89.58522999999994,1.3157700000000574
2023,1,IndiGo,47977,6847384.0,82.013,6423447.0,27.278179922791985,83764.167,2023-01-01,Jan 2023,17,1,1,81.23260999999994,0.7803900000000681
2023,1,India One Air,124,989.0,91.381,269.641,0.003939916316018,159.167,2023-01-01,Jan 2023,18,1,1,84.15380000000009,7.227199999999911
2023,1,SpiceJet,6542,913814.0,90.993,948361.9,3.6403950337773128,10332.867,2023-01-01,Jan 2023,23,1,1,89.79149000000012,1.201509999999871
2023,1,Star Air,421,16278.0,79.214,11425.175,0.0648472778484758,570.92,2023-01-01,Jan 2023,24,1,1,77.45257999999995,1.7614200000000437
2023,1,Total Domestic,90255,12551028.0,84.861,12076436.156,50.0,156603.907,2023-01-01,Jan 2023,25,1,1,86.23371999999996,-1.3727199999999584
2023,1,Vistara,7374,1105388.0,89.44,1189556.732,4.403575547755929,12071.05,2023-01-01,Jan 2023,27,1,1,89.88435999999994,-0.44435999999994635
2023,2,Air India,7624,1076299.0,88.973,1117616.528,4.459172289352698,14934.633,2023-02-01,Feb 2023,5,1,0,77.36793,11.605069999999998
2023,2,AirAsia India,5276,846141.0,89.485,830874.074,3.505613681779116,9622.2,2023-02-01,Feb 2023,10,1,0,85.51885999999992,3.966140000000081
2023,2,Akasa Air,2469,361135.0,83.714,278748.0,1.496204293337991,4089.0,2023-02-01,Feb 2023,11,1,0,81.56279999999997,2.1512000000000313
2023,2,Alliance Air,3310,133815.0,64.932,51951.0,0.5544036925610182,4398.0,2023-02-01,Feb 2023,12,1,0,66.28617999999994,-1.3541799999999427
2023,2,Flybig,486,18249.0,56.351,8159.599,0.075606718122378,617.833,2023-02-01,Feb 2023,15,1,0,57.87726999999995,-1.526269999999954
2023,2,Go First,5619,963373.0,93.068,925930.793,3.991312995655089,10392.067,2023-02-01,Feb 2023,16,1,0,89.64375000000005,3.424249999999944
2023,2,IndiGo,44905,6741948.0,86.522,6347814.0,27.93230105933095,77935.817,2023-02-01,Feb 2023,17,1,0,84.54149999999994,1.9805000000000632
2023,2,India One Air,221,1632.0,83.406,448.735,0.0067614753671829,290.0,2023-02-01,Feb 2023,18,1,0,79.25071999999996,4.155280000000047
2023,2,SpiceJet,5744,858261.0,94.138,904387.8,3.555827579726578,9171.717,2023-02-01,Feb 2023,23,1,0,89.50107000000011,4.636929999999893
2023,2,Star Air,390,14948.0,78.484,10067.511,0.0619304741352023,516.22,2023-02-01,Feb 2023,24,1,0,74.9713200000001,3.5126799999998894
2023,2,Total Domestic,83384,12068372.0,88.358,11604148.11,50.0,143901.503,2023-02-01,Feb 2023,25,1,0,88.20274000000012,0.1552599999998847
2023,2,Vistara,6752,1052571.0,92.816,1128150.07,4.360865740631794,11091.633,2023-02-01,Feb 2023,27,1,0,90.94686999999998,1.8691300000000268
2023,3,Air India,8434,1139044.0,85.124,1186788.756,4.417228713716233,16537.92,2023-03-01,Mar 2023,5,1,1,87.78211999999999,-2.6581199999999967
2023,3,AirAsia India,6193,976060.0,88.572,963603.608,3.785174460608956,11267.683,2023-03-01,Mar 2023,10,1,1,87.85870000000006,0.713299999999947
2023,3,Akasa Air,3199,419911.0,73.603,331953.0,1.6284207865589893,5419.284,2023-03-01,Mar 2023,11,1,1,78.00671000000001,-4.403710000000018
2023,3,Alliance Air,3548,133282.0,65.541,52237.822,0.5168694777563703,4768.717,2023-03-01,Mar 2023,12,1,1,67.52423000000007,-1.983230000000077
2023,3,Flybig,405,16483.0,60.448,7238.0,0.0639213067170229,548.15,2023-03-01,Mar 2023,15,1,1,59.030880000000046,1.4171199999999544
2023,3,Go First,5392,894655.0,90.165,856771.0,3.4694847212836355,9941.05,2023-03-01,Mar 2023,16,1,1,88.45109000000001,1.7139099999999985
2023,3,IndiGo,50389,7317288.0,84.023,6903032.0,28.37654617392412,87295.8,2023-03-01,Mar 2023,17,1,1,86.88798000000001,-2.864980000000017
2023,3,India One Air,254,1780.0,80.674,536.104,0.006902865131123,332.08,2023-03-01,Mar 2023,18,1,1,80.12546999999994,0.5485300000000706
2023,3,SpiceJet,5801,827166.0,92.341,877792.727,3.20776142643287,9348.15,2023-03-01,Mar 2023,23,1,1,91.26100000000011,1.0799999999998846
2023,3,Star Air,502,18252.0,74.115,12385.662,0.0707815136928412,667.83,2023-03-01,Mar 2023,24,1,1,75.99702999999991,-1.882029999999915
2023,3,Total Domestic,92238,12893197.0,85.661,12426170.421,50.0,159301.831,2023-03-01,Mar 2023,25,1,1,86.26370999999997,-0.6027099999999734
2023,3,Vistara,7467,1149276.0,91.561,1233831.742,4.456908554177836,12184.183,2023-03-01,Mar 2023,27,1,1,91.45406999999989,0.10693000000011921
2023,4,Air India,8062,1112789.0,87.901,1168068.555,4.317014278720183,15384.75,2023-04-01,Apr 2023,5,2,0,85.03365999999991,2.867340000000084
2023,4,AirAsia India,6108,981066.0,89.402,953984.08,3.806000895378096,11068.283,2023-04-01,Apr 2023,10,2,0,87.56166000000005,1.840339999999955
2023,4,Akasa Air,3322,513025.0,84.909,429326.0,1.9902571380022829,5869.483,2023-04-01,Apr 2023,11,2,0,85.3814999999999,-0.4724999999998971
2023,4,Alliance Air,3392,141648.0,69.291,56181.265,0.54951696912187,4508.0,2023-04-01,Apr 2023,12,2,0,68.27851000000008,1.0124899999999144
2023,4,Flybig,452,19895.0,62.873,7961.0,0.0771817470114622,606.767,2023-04-01,Apr 2023,15,2,0,59.80821999999993,3.06478000000007
2023,4,Go First,4911,828780.0,91.163,790426.0,3.215214289427478,11340.117,2023-04-01,Apr 2023,16,2,0,89.87018999999988,1.2928100000001166
2023,4,IndiGo,48752,7406440.0,87.412,6997867.0,28.732946887940404,84231.567,2023-04-01,Apr 2023,17,2,0,82.41160999999992,5.000390000000081
2023,4,India One Air,260,1938.0,84.2,551.054,0.0075183827950848,323.65,2023-04-01,Apr 2023,18,2,0,81.21587999999988,2.984120000000118
2023,4,SpiceJet,5118,741386.0,92.232,781789.593,2.8761732440231182,8338.75,2023-04-01,Apr 2023,23,2,0,91.71442,0.5175799999999953
2023,4,Star Air,504,18907.0,75.218,12857.126,0.0733488459786738,677.74,2023-04-01,Apr 2023,24,2,0,76.13535999999992,-0.9173599999999169
2023,4,Total Domestic,88734,12888410.0,88.333,12404425.443,50.0,155009.007,2023-04-01,Apr 2023,25,2,0,87.75857999999988,0.5744200000001172
2023,4,Vistara,7218,1122536.0,92.055,1205413.77,4.354827321601346,11679.717,2023-04-01,Apr 2023,27,2,0,90.72788000000008,1.3271199999999226
2023,5,Air India,8763,1244034.0,90.029,1295355.337,4.707192620776677,16525.567,2023-05-01,May 2023,5,2,1,88.97459000000013,1.0544099999998622
2023,5,AirAsia India,6253,1040605.0,92.82,1010177.678,3.9374552280269786,11323.0,2023-05-01,May 2023,10,2,1,87.27676000000005,5.54323999999994
2023,5,Akasa Air,3820,629045.0,91.138,551087.0,2.380188951537068,6932.067,2023-05-01,May 2023,11,2,1,89.94352,1.1944799999999987
2023,5,Alliance Air,3708,184966.0,80.282,74060.872,0.6998768444388007,5025.0,2023-05-01,May 2023,12,2,1,77.12309000000006,3.158909999999935
2023,5,Flybig,459,16260.0,52.19,7146.601,0.0615248072109193,621.733,2023-05-01,May 2023,15,2,1,54.345609999999915,-2.1556099999999176
2023,5,Go First,284,48296.0,92.409,45710.0,0.1827430559076604,522.833,2023-05-01,May 2023,16,2,1,76.04292999999993,16.36607000000008
2023,5,IndiGo,50956,8109626.0,91.489,7662400.0,30.6853121895854,87917.283,2023-05-01,May 2023,17,2,1,90.04882999999985,1.4401700000001512
2023,5,India One Air,192,1434.0,84.204,396.961,0.0054259885326235,236.35,2023-05-01,May 2023,18,2,1,80.54273999999995,3.6612600000000413
2023,5,SpiceJet,4971,719797.0,94.778,744361.645,2.723577592619808,7924.317,2023-05-01,May 2023,23,2,1,93.32825000000007,1.4497499999999377
2023,5,Star Air,587,25597.0,81.221,17772.0,0.0968542736886778,795.0,2023-05-01,May 2023,24,2,1,80.09584999999991,1.1251500000000902
2023,5,Total Domestic,88175,13214182.0,91.66,12691564.55,50.0,150971.767,2023-05-01,May 2023,25,2,1,89.44591,2.214089999999999
2023,5,Vistara,7564,1194522.0,93.232,1283096.456,4.519848447675384,12184.683,2023-05-01,May 2023,27,2,1,92.56669,0.6653100000000052
2023,6,Air India,8676,1212719.0,88.25,1254675.02,4.856081330700004,16441.104,2023-06-01,Jun 2023,5,2,0,87.34081000000002,0.9091899999999811
2023,6,AirAsia India,6135,1003619.0,91.801,1001160.575,4.018783814746704,11312.833,2023-06-01,Jun 2023,10,2,0,88.63691000000004,3.164089999999959
2023,6,Akasa Air,3787,618053.0,91.109,588786.425,2.4748648571376632,7245.083,2023-06-01,Jun 2023,11,2,0,90.45308000000014,0.6559199999998526
2023,6,Alliance Air,3165,144033.0,73.474,58587.737,0.5767502301066559,4303.0,2023-06-01,Jun 2023,12,2,0,71.24542000000008,2.2285799999999227
2023,6,Flybig,543,22277.0,58.356,9058.0,0.0892036191434322,726.0,2023-06-01,Jun 2023,15,2,0,59.237049999999925,-0.8810499999999237
2023,6,IndiGo,49989,7893296.0,90.883,7501735.0,31.607064244304755,86217.35,2023-06-01,Jun 2023,17,2,0,89.28937999999985,1.5936200000001435
2023,6,India One Air,203,1376.0,78.029,381.066,0.0055099061786309,247.133,2023-06-01,Jun 2023,18,2,0,76.72273,1.3062699999999978
2023,6,SpiceJet,4087,555248.0,93.588,546278.52,2.223375280430599,6364.55,2023-06-01,Jun 2023,23,2,0,92.26468999999993,1.3233100000000633
2023,6,Star Air,639,24554.0,72.096,16919.648,0.0983213926672278,895.0,2023-06-01,Jun 2023,24,2,0,73.36517999999997,-1.2691799999999631
2023,6,Total Domestic,84316,12486601.0,90.825,12088470.697,50.0,145280.271,2023-06-01,Jun 2023,25,2,0,87.65232999999994,3.1726700000000676
2023,6,Vistara,6465,1011426.0,93.052,1110888.706,4.050045324584328,10576.5,2023-06-01,Jun 2023,27,2,0,84.36909000000006,8.68290999999995
2023,7,Air India,8958,1198026.0,84.179,1224824.835,4.950508387169288,17257.315,2023-07-01,Jul 2023,5,3,0,84.27081,-0.09180999999999528
2023,7,AirAsia India,6106,901471.0,82.266,911407.705,3.725077541130063,11398.117,2023-07-01,Jul 2023,10,3,0,86.12385,-3.857849999999999
2023,7,Akasa Air,4017,624086.0,86.636,601639.694,2.578861374723864,7878.583,2023-07-01,Jul 2023,11,3,0,88.41051000000012,-1.7745100000001202
2023,7,Alliance Air,2956,123706.0,68.269,50629.716,0.5111805507920228,4032.0,2023-07-01,Jul 2023,12,3,0,69.97295000000007,-1.703950000000063
2023,7,Flybig,580,24935.0,59.098,9494.36,0.1030369346191703,749.0,2023-07-01,Jul 2023,15,3,0,58.91377999999996,0.1842200000000389
2023,7,IndiGo,52127,7674890.0,83.65,7174855.0,31.71434285700118,90528.267,2023-07-01,Jul 2023,17,3,0,83.85003999999986,-0.20003999999985922
2023,7,India One Air,121,783.0,73.47,212.368,0.0032355291681095,150.45,2023-07-01,Jul 2023,18,3,0,73.03507000000005,0.43492999999995163
2023,7,SpiceJet,3980,504227.0,88.856,502870.518,2.0835774787335235,6348.917,2023-07-01,Jul 2023,23,3,0,89.48220999999988,-0.6262099999998867
2023,7,Star Air,718,28405.0,70.837,19496.293,0.1173757420436147,1011.0,2023-07-01,Jul 2023,24,3,0,71.77258000000015,-0.9355800000001437
2023,7,Total Domestic,87086,12100030.0,84.129,11606077.75,50.0,151799.965,2023-07-01,Jul 2023,25,3,0,84.44475999999999,-0.31575999999998317
2023,7,Vistara,6888,1019501.0,86.966,1110647.261,4.212803604619162,11479.783,2023-07-01,Jul 2023,27,3,0,84.87682999999998,2.08917000000001
2023,8,Air India,9027,1211611.0,84.554,1236685.398,4.876611498990595,17161.633,2023-08-01,Aug 2023,5,3,0,84.14616999999998,0.40783000000001834
2023,8,AirAsia India,5941,878453.0,82.4,890073.0,3.535684308843998,11110.0,2023-08-01,Aug 2023,10,3,0,83.32116999999991,-0.9211699999999041
2023,8,Akasa Air,3369,526972.0,87.271,544498.0,2.1210089004194184,6822.75,2023-08-01,Aug 2023,11,3,0,87.50776999999995,-0.2367699999999502
2023,8,Alliance Air,2906,124526.0,69.963,50562.014,0.5012045314241146,3910.0,2023-08-01,Aug 2023,12,3,0,71.23473999999993,-1.2717399999999373
2023,8,Flybig,569,23400.0,58.245,9210.82,0.0941826288110457,736.792,2023-08-01,Aug 2023,15,3,0,58.204269999999944,0.040730000000053224
2023,8,IndiGo,53021,7867259.0,83.593,7329671.0,31.664920263134995,91324.45,2023-08-01,Aug 2023,17,3,0,83.81164999999991,-0.21864999999991142
2023,8,India One Air,179,1174.0,75.41,323.476,0.0047252310352208,219.167,2023-08-01,Aug 2023,18,3,0,68.83267,6.5773300000000035
2023,8,SpiceJet,3999,541051.0,90.864,533081.279,2.1776754487540644,6193.367,2023-08-01,Aug 2023,23,3,0,90.45258999999986,0.4114100000001457
2023,8,Star Air,743,31538.0,76.956,21696.698,0.1269372541642205,1040.0,2023-08-01,Aug 2023,24,3,0,75.1698900000001,1.7861099999999084
2023,8,Total Domestic,88237,12422673.0,84.743,11933920.133,50.0,152349.242,2023-08-01,Aug 2023,25,3,0,84.51547000000011,0.22752999999988788
2023,8,Vistara,7813,1216689.0,91.278,1318118.448,4.897049934422326,12805.517,2023-08-01,Aug 2023,27,3,0,90.91891000000004,0.3590899999999664
2023,9,Air India,8622,1174442.0,84.918,1200419.376,4.7949916339697,16786.967,2023-09-01,Sep 2023,5,3,0,85.26109999999989,-0.34309999999987895
2023,9,Air India Express,173,23727.0,76.301,20893.17,0.0968721882384988,316.47,2023-09-01,Sep 2023,6,3,0,68.56061999999996,7.7403800000000444
2023,9,AirAsia India,5520,815677.0,82.505,823615.0,3.33023205149467,10287.0,2023-09-01,Sep 2023,10,3,0,83.05677,-0.5517700000000048
2023,9,Akasa Air,3224,517170.0,88.071,527077.0,2.1114927968687343,6568.617,2023-09-01,Sep 2023,11,3,0,85.83092999999994,2.2400700000000597
2023,9,Alliance Air,2880,119632.0,68.605,48241.523,0.4884314756753106,3845.0,2023-09-01,Sep 2023,12,3,0,70.42190999999988,-1.8169099999998792
2023,9,Flybig,547,24624.0,72.107,9622.26,0.1005344444381841,714.84,2023-09-01,Sep 2023,15,3,0,66.17855999999998,5.928440000000023
2023,9,IndiGo,51992,7769790.0,84.699,7273812.0,31.72236521488625,90536.383,2023-09-01,Sep 2023,17,3,0,84.19192999999989,0.5070700000001125
2023,9,India One Air,213,1511.0,81.009,430.538,0.0061690848581098,266.967,2023-09-01,Sep 2023,18,3,0,76.37918,4.629819999999995
2023,9,SpiceJet,4036,544605.0,91.371,537851.403,2.223503943845732,6333.233,2023-09-01,Sep 2023,23,3,0,91.08797999999997,0.2830200000000218
2023,9,Star Air,667,25965.0,73.005,18810.917,0.1060094562149712,941.0,2023-09-01,Sep 2023,24,3,0,71.73110000000003,1.2738999999999692
2023,9,Total Domestic,86294,12246549.0,85.625,11790940.081,50.0,150543.227,2023-09-01,Sep 2023,25,3,0,85.39663000000002,0.22836999999998397
2023,9,Vistara,7814,1229406.0,91.97,1330166.894,5.019397709509838,13065.083,2023-09-01,Sep 2023,27,3,0,91.09428000000001,0.875719999999987
2023,10,Air India,8776,1222165.0,85.94,1263861.645,4.835759881779655,16890.483,2023-10-01,Oct 2023,5,4,1,85.5311999999999,0.40880000000009886
2023,10,Air India Express,731,106111.0,82.47,87592.316,0.4198510976959092,1223.0,2023-10-01,Oct 2023,6,4,1,80.78291000000002,1.6870899999999835
2023,10,AirAsia India,5622,832328.0,83.374,849790.014,3.293285563636576,10531.833,2023-10-01,Oct 2023,10,4,1,83.84512999999994,-0.4711299999999454
2023,10,Akasa Air,3330,524439.0,86.615,540645.0,2.0750562130650447,6680.45,2023-10-01,Oct 2023,11,4,1,87.26188999999995,-0.6468899999999564
2023,10,Alliance Air,2973,129759.0,71.724,53137.492,0.5134195190500843,4017.0,2023-10-01,Oct 2023,12,4,1,70.59990000000008,1.1240999999999275
2023,10,Flybig,429,18700.0,72.42,7041.92,0.073990590296138,551.96,2023-10-01,Oct 2023,15,4,1,69.24283000000005,3.177169999999947
2023,10,IndiGo,54616,7907253.0,83.295,7524483.0,31.286754924647507,94505.5,2023-10-01,Oct 2023,17,4,1,83.77439000000003,-0.4793900000000235
2023,10,India One Air,260,1813.0,79.069,535.865,0.0071735262142726,139.0,2023-10-01,Oct 2023,18,4,1,76.93880000000009,2.130199999999917
2023,10,SpiceJet,4603,627964.0,90.121,637102.645,2.4846752430333705,7034.567,2023-10-01,Oct 2023,23,4,1,90.53659999999999,-0.41559999999999775
2023,10,Star Air,818,35635.0,75.695,23643.842,0.140997576748817,1150.0,2023-10-01,Oct 2023,24,4,1,74.88200999999998,0.8129900000000134
2023,10,Total Domestic,90887,12636742.0,84.55,12306501.461,50.0,156855.443,2023-10-01,Oct 2023,25,4,1,84.70852000000008,-0.15852000000008104
2023,10,Vistara,8088,1230575.0,89.172,1318667.722,4.869035863832624,13152.9,2023-10-01,Oct 2023,27,4,1,90.03100999999991,-0.8590099999999126
2023,11,Air India,8306,1189143.0,85.36,1224911.359,4.668654146075104,16247.067,2023-11-01,Nov 2023,5,4,1,85.79444999999993,-0.43444999999992717
2023,11,Air India Express,1036,145064.0,80.444,137357.158,0.569530868067372,1854.817,2023-11-01,Nov 2023,6,4,1,78.43848000000011,2.0055199999998905
2023,11,AirAsia India,5465,835856.0,85.316,846100.908,3.281625994452939,10221.583,2023-11-01,Nov 2023,10,4,1,85.46553999999993,-0.14953999999993073
2023,11,Akasa Air,3270,536309.0,89.409,544841.0,2.1055846407264664,6634.317,2023-11-01,Nov 2023,11,4,1,87.66815999999997,1.7408400000000341
2023,11,Alliance Air,2759,123592.0,72.984,50002.641,0.4852303744980328,3706.0,2023-11-01,Nov 2023,12,4,1,73.80487000000008,-0.8208700000000846
2023,11,Flybig,133,3831.0,67.932,1453.07,0.0150407596341346,190.95,2023-11-01,Nov 2023,15,4,1,58.10576999999993,9.826230000000074
2023,11,IndiGo,52764,7876294.0,85.634,7438226.0,30.92285169975896,91728.733,2023-11-01,Nov 2023,17,4,1,86.94421999999997,-1.3102199999999726
2023,11,India One Air,336,2523.0,85.063,765.768,0.0099054650370455,466.5,2023-11-01,Nov 2023,18,4,1,80.89991000000002,4.163089999999983
2023,11,SpiceJet,5439,784533.0,90.786,799382.428,3.080128498576487,8444.5,2023-11-01,Nov 2023,23,4,1,90.38406000000008,0.40193999999992513
2023,11,Star Air,887,41018.0,78.594,26776.415,0.1610393836264508,1233.0,2023-11-01,Nov 2023,24,4,1,75.91620000000003,2.677799999999962
2023,11,Total Domestic,89000,12735394.0,86.295,12354847.808,50.0,154862.85,2023-11-01,Nov 2023,25,4,1,85.67642999999994,0.6185700000000622
2023,11,Vistara,7903,1197231.0,89.36,1285031.061,4.700408169547012,13058.517,2023-11-01,Nov 2023,27,4,1,89.21620999999998,0.14379000000002407
2023,12,Air India,8981,1339630.0,88.476,1374497.465,4.854663416574427,17744.533,2023-12-01,Dec 2023,5,4,1,85.40595999999992,3.070040000000077
2023,12,Air India Express,1398,204851.0,83.41,184082.959,0.7423562144388286,2481.0,2023-12-01,Dec 2023,6,4,1,80.28394999999989,3.126050000000106
2023,12,AirAsia India,5352,852107.0,89.125,870455.939,3.087936728728817,10062.0,2023-12-01,Dec 2023,10,4,1,86.54619999999998,2.5788000000000153
2023,12,Akasa Air,3518,602655.0,93.894,618954.0,2.183951674205311,7132.45,2023-12-01,Dec 2023,11,4,1,91.29603000000009,2.5979699999999184
2023,12,Alliance Air,2804,130927.0,77.043,53599.753,0.4744642305277128,3779.0,2023-12-01,Dec 2023,12,4,1,75.91029999999995,1.1327000000000567
2023,12,Flybig,46,206.0,24.964,61.66,0.000746520056892,75.83,2023-12-01,Dec 2023,15,4,1,25.433739999999965,-0.4697399999999661
2023,12,IndiGo,53881,8526055.0,90.665,8081248.0,30.89743234788821,93873.467,2023-12-01,Dec 2023,17,4,1,89.45415000000004,1.2108499999999651
2023,12,India One Air,330,2588.0,89.024,789.555,0.0093786112001781,397.333,2023-12-01,Dec 2023,18,4,1,85.8817,3.142300000000006
2023,12,SpiceJet,5234,771972.0,93.484,791503.174,2.797536802714028,8111.717,2023-12-01,Dec 2023,23,4,1,92.15331000000015,1.3306899999998478
2023,12,Star Air,969,48813.0,83.103,30469.666,0.1768926385294801,1312.833,2023-12-01,Dec 2023,24,4,1,77.25515999999999,5.847840000000005
2023,12,Total Domestic,91529,13797352.0,90.711,13412434.493,50.0,159680.313,2023-12-01,Dec 2023,25,4,1,89.90995000000001,0.8010499999999894
2023,12,Vistara,8347,1317548.0,93.259,1406772.322,4.774640815136122,13685.15,2023-12-01,Dec 2023,27,4,1,91.12077,2.138230000000007
2024,1,AIX Connect,5158,802969.0,87.572,824479.344,3.0573913938762844,9689.633,2024-01-01,Jan 2024,0,1,1,86.40086,1.1711400000000083
2024,1,Air India,8932,1336709.0,88.146,1355378.453,5.089664224542884,17594.667,2024-01-01,Jan 2024,5,1,1,87.01609999999995,1.129900000000049
2024,1,Air India Express,1824,262203.0,83.014,234850.598,0.9983663076015928,3216.683,2024-01-01,Jan 2024,6,1,1,79.15718000000004,3.8568199999999564
2024,1,Akasa Air,3542,595767.0,92.39,610078.526,2.268447347974196,7145.683,2024-01-01,Jan 2024,11,1,1,91.86163000000006,0.5283699999999385
2024,1,Alliance Air,2712,132650.0,80.115,53130.559,0.5050792351855291,3648.0,2024-01-01,Jan 2024,12,1,1,78.67803999999992,1.4369600000000702
2024,1,Flybig,31,84.0,15.35,25.47,0.0003198390935211,44.25,2024-01-01,Jan 2024,15,1,1,29.14005999999997,-13.79005999999997
2024,1,IndiGo,50923,7908647.0,88.35,7362463.0,30.11302961260708,88813.017,2024-01-01,Jan 2024,17,1,1,87.67446000000017,0.6755399999998275
2024,1,India One Air,322,2411.0,85.502,734.601,0.009180143505709,439.333,2024-01-01,Jan 2024,18,1,1,80.72545999999994,4.776540000000054
2024,1,SpiceJet,4997,740084.0,93.659,723701.856,2.817949948684864,7553.633,2024-01-01,Jan 2024,23,1,1,90.65178999999995,3.0072100000000574
2024,1,Star Air,1009,46974.0,76.476,29271.58,0.1788585902269509,1340.75,2024-01-01,Jan 2024,24,1,1,75.97906999999994,0.49693000000006293
2024,1,Total Domestic,88285,13131603.0,89.193,12586987.422,50.0,153450.083,2024-01-01,Jan 2024,25,1,1,88.19399000000003,0.99900999999997
2024,1,Vistara,8227,1303105.0,94.233,1392873.435,4.961713356701387,13022.567,2024-01-01,Jan 2024,27,1,1,93.03301000000009,1.1999899999999144
2024,2,AIX Connect,4933,768022.0,87.605,791997.592,3.036306704368504,9296.0,2024-02-01,Feb 2024,0,1,0,86.72210999999983,0.8828900000001738
2024,2,Air India,8683,1332374.0,88.228,1337410.882,5.267422168800217,17014.717,2024-02-01,Feb 2024,5,1,0,86.76115999999998,1.466840000000019
2024,2,Air India Express,2032,284271.0,81.545,252814.09,1.1238401284826982,3566.0,2024-02-01,Feb 2024,6,1,0,82.28770000000003,-0.7427000000000277
2024,2,Akasa Air,3378,567507.0,92.065,570497.194,2.2435884764708,6817.033,2024-02-01,Feb 2024,11,1,0,90.74858999999991,1.31641000000009
2024,2,Alliance Air,2664,129279.0,79.063,51364.544,0.5110930343584633,3563.0,2024-02-01,Feb 2024,12,1,0,77.65273000000006,1.4102699999999402
2024,2,Flybig,83,362.0,24.733,116.0,0.0014311348203324,107.58,2024-02-01,Feb 2024,15,1,0,24.880930000000003,-0.14793000000000234
2024,2,IndiGo,50244,7602018.0,88.064,7143171.0,30.05390238838216,87251.3,2024-02-01,Feb 2024,17,1,0,88.27641000000007,-0.2124100000000766
2024,2,India One Air,304,2269.0,85.956,699.66,0.0089702897992663,415.5,2024-02-01,Feb 2024,18,1,0,81.95931999999995,3.9966800000000546
2024,2,SpiceJet,4480,658810.0,94.467,656272.964,2.604546770671952,6809.15,2024-02-01,Feb 2024,23,1,0,92.89701000000002,1.5699899999999758
2024,2,Star Air,988,47163.0,76.736,29669.571,0.1864547279871302,1394.083,2024-02-01,Feb 2024,24,1,0,77.37586,-0.6398599999999988
2024,2,Total Domestic,86423,12647306.0,89.007,12167513.132,50.0,149303.73,2024-02-01,Feb 2024,25,1,0,88.30989000000005,0.6971099999999524
2024,2,Vistara,7909,1255231.0,94.596,1333499.635,4.962444175858479,11923.6,2024-02-01,Feb 2024,27,1,0,93.02542999999987,1.5705700000001315
2024,3,AIX Connect,5074,769891.0,85.106,797436.0,2.879718881690983,9603.0,2024-03-01,Mar 2024,0,1,1,84.91913999999989,0.1868600000001095
2024,3,Air India,9405,1409012.0,85.282,1398790.812,5.270302498573402,18150.267,2024-03-01,Mar 2024,5,1,1,84.92035000000006,0.3616499999999405
2024,3,Air India Express,2499,338108.0,79.656,328731.971,1.2646673251808045,4609.633,2024-03-01,Mar 2024,6,1,1,83.55824000000003,-3.9022400000000204
2024,3,Akasa Air,3664,590036.0,88.474,597601.783,2.206984897962726,7285.817,2024-03-01,Mar 2024,11,1,1,89.28554000000007,-0.8115400000000648
2024,3,Alliance Air,2968,140154.0,78.093,55778.509,0.5242354049398136,3953.0,2024-03-01,Mar 2024,12,1,1,73.22575999999995,4.867240000000052
2024,3,Fly91,38,1351.0,49.689,693.496,0.0050533130133545,63.0,2024-03-01,Mar 2024,14,1,1,45.82392000000001,3.865079999999992
2024,3,Flybig,137,968.0,39.06,242.848,0.0036207305676736,165.333,2024-03-01,Mar 2024,15,1,1,38.27128999999997,0.7887100000000302
2024,3,IndiGo,55119,8085844.0,84.934,7615079.0,30.244486091158024,95459.9,2024-03-01,Mar 2024,17,1,1,85.5967900000001,-0.6627900000001006
2024,3,India One Air,352,2620.0,86.029,812.498,0.009799911247216,482.0,2024-03-01,Mar 2024,18,1,1,83.12826000000008,2.9007399999999137
2024,3,SpiceJet,4802,702476.0,92.743,709538.813,2.627558188282179,7391.583,2024-03-01,Mar 2024,23,1,1,90.90064999999998,1.8423500000000104
2024,3,Star Air,1066,43270.0,65.577,27502.298,0.1618481525446704,1523.75,2024-03-01,Mar 2024,24,1,1,69.08887000000007,-3.511870000000073
2024,3,Total Domestic,94150,13367468.0,86.043,12907734.493,50.0,163359.283,2024-03-01,Mar 2024,25,1,1,86.29660999999989,-0.2536099999998811
2024,3,Vistara,8265,1283738.0,92.383,1375526.465,4.801724604839151,13532.75,2024-03-01,Mar 2024,27,1,1,92.0279399999999,0.3550600000000941
2024,4,AIX Connect,4687,716857.0,85.827,749772.25,2.7153575502149687,8917.1,2024-04-01,Apr 2024,0,2,0,83.69806999999993,2.128930000000068
2024,4,Air India,9400,1458158.0,84.968,1405515.443,5.523305672827856,18099.135,2024-04-01,Apr 2024,5,2,0,84.52323999999999,0.4447600000000165
2024,4,Air India Express,2976,422278.0,82.23,399775.241,1.599532062307652,5348.733,2024-04-01,Apr 2024,6,2,0,82.10086999999987,0.12913000000013142
2024,4,Akasa Air,3605,579539.0,87.877,602156.91,2.195215502246658,7333.117,2024-04-01,Apr 2024,11,2,0,88.52286000000015,-0.6458600000001553
2024,4,Alliance Air,2708,127836.0,79.053,50827.804,0.4842255119072294,3671.0,2024-04-01,Apr 2024,12,2,0,78.01483999999994,1.0381600000000617
2024,4,Fly91,130,4454.0,52.633,2365.946,0.0168711507715729,218.0,2024-04-01,Apr 2024,14,2,0,48.542079999999984,4.090920000000018
2024,4,Flybig,198,1125.0,33.214,299.254,0.0042613481405522,237.917,2024-04-01,Apr 2024,15,2,0,33.13173999999997,0.08226000000002642
2024,4,IndiGo,53477,7999788.0,86.573,7541735.0,30.302117083210607,93324.3,2024-04-01,Apr 2024,17,2,0,86.73966000000007,-0.1666600000000784
2024,4,India One Air,284,2043.0,83.021,636.42,0.0077386082232428,392.016,2024-04-01,Apr 2024,18,2,0,80.66716999999996,2.3538300000000447
2024,4,SpiceJet,4397,617484.0,90.85,629399.1,2.338946040196217,6795.667,2024-04-01,Apr 2024,23,2,0,91.34150000000005,-0.4915000000000589
2024,4,Star Air,1171,52819.0,74.441,34429.715,0.20007124216518,1621.833,2024-04-01,Apr 2024,24,2,0,74.50229999999992,-0.06129999999991753
2024,4,Total Domestic,91733,13200048.0,86.802,12698343.114,50.0,156752.094,2024-04-01,Apr 2024,25,2,0,86.97813999999988,-0.17613999999987584
2024,4,Vistara,7971,1217667.0,90.938,1281430.031,4.612358227788262,9675.66,2024-04-01,Apr 2024,27,2,0,90.94657000000005,-0.008570000000048594
2024,5,AIX Connect,4511,703339.0,86.94,740843.459,2.5491977304445914,8636.3,2024-05-01,May 2024,0,2,1,86.15970999999986,0.7802900000001358
2024,5,Air India,9761,1564289.0,87.594,1533842.581,5.669644323092334,18717.6,2024-05-01,May 2024,5,2,1,83.03472000000009,4.559279999999902
2024,5,Air India Express,2233,328320.0,84.537,328669.004,1.189970410939203,4168.567,2024-05-01,May 2024,6,2,1,83.82180000000004,0.7151999999999674
2024,5,Akasa Air,3937,663762.0,90.391,707955.322,2.4057539592648247,8266.567,2024-05-01,May 2024,11,2,1,90.65953999999994,-0.2685399999999305
2024,5,Alliance Air,2837,135176.0,79.382,53532.269,0.489934942340149,3893.0,2024-05-01,May 2024,12,2,1,76.73290999999988,2.649090000000129
2024,5,Fly91,225,9474.0,69.785,5088.936,0.0343377792191703,386.0,2024-05-01,May 2024,14,2,1,63.02010999999995,6.764890000000044
2024,5,Flybig,229,1605.0,38.027,370.0,0.0058171981894414,264.0,2024-05-01,May 2024,15,2,1,38.43518000000003,-0.40818000000002996
2024,5,IndiGo,55381,8504042.0,88.435,7947119.0,30.82224157341692,96682.833,2024-05-01,May 2024,17,2,1,87.44635000000011,0.9886499999998932
2024,5,India One Air,321,2210.0,80.526,693.301,0.0080099738309443,439.583,2024-05-01,May 2024,18,2,1,77.58919000000002,2.93680999999998
2024,5,SpiceJet,4004,554464.0,94.123,549305.419,2.009611823620232,6028.033,2024-05-01,May 2024,23,2,1,91.26167999999988,2.86132000000012
2024,5,Star Air,1252,57676.0,75.32,37329.769,0.209042194874907,1751.417,2024-05-01,May 2024,24,2,1,73.84073999999993,1.4792600000000675
2024,5,Total Domestic,93551,13795301.0,88.861,13269977.942,50.0,163681.983,2024-05-01,May 2024,25,2,1,87.74917999999998,1.111820000000023
2024,5,Vistara,8092,1270944.0,93.381,1365228.882,4.606438090767283,13291.683,2024-05-01,May 2024,27,2,1,92.40935000000002,0.9716499999999826
2024,6,AIX Connect,4048,637860.0,88.596,674786.999,2.4150700736068957,7725.8,2024-06-01,Jun 2024,0,2,0,84.53943,4.056570000000008
2024,6,Air India,9752,1498868.0,84.194,1477167.409,5.675024693642837,19034.904,2024-06-01,Jun 2024,5,2,0,83.33512000000013,0.8588799999998713
2024,6,Air India Express,2844,423233.0,86.639,426312.631,1.6024477980479526,5302.067,2024-06-01,Jun 2024,6,2,0,83.86433000000002,2.774669999999972
2024,6,Akasa Air,3845,634429.0,89.615,691510.167,2.4020795969779405,8148.166,2024-06-01,Jun 2024,11,2,0,89.76342999999993,-0.14842999999993367
2024,6,Alliance Air,2869,133913.0,78.628,51895.878,0.5070223540697335,3893.0,2024-06-01,Jun 2024,12,2,0,72.70558999999992,5.9224100000000846
2024,6,Fly91,263,9736.0,51.915,4997.806,0.0368625125209869,443.0,2024-06-01,Jun 2024,14,2,0,55.336669999999984,-3.4216699999999847
2024,6,Flybig,244,1908.0,43.454,468.0,0.0072240831850907,297.0,2024-06-01,Jun 2024,15,2,0,40.840430000000055,2.613569999999946
2024,6,IndiGo,53313,8029628.0,86.987,7511825.0,30.40183470510141,93256.367,2024-06-01,Jun 2024,17,2,0,86.90134000000003,0.08565999999996166
2024,6,India One Air,272,1852.0,80.14,598.567,0.0070120555863668,381.5,2024-06-01,Jun 2024,18,2,0,77.91511000000006,2.224889999999945
2024,6,SpiceJet,3637,499538.0,91.495,499202.836,1.89135433234478,5548.817,2024-06-01,Jun 2024,23,2,0,89.50685000000001,1.9881499999999903
2024,6,Star Air,1323,58670.0,71.49,37953.997,0.222136771734419,1824.333,2024-06-01,Jun 2024,24,2,0,71.87507999999988,-0.3850799999998884
2024,6,Total Domestic,91493,13205828.0,87.327,12749368.114,50.0,160721.053,2024-06-01,Jun 2024,25,2,0,87.08823000000008,0.2387699999999171
2024,6,Vistara,8349,1276193.0,91.026,1372648.824,4.831931023181584,13772.717,2024-06-01,Jun 2024,27,2,0,90.97662999999993,0.04937000000006719
2024,7,AIX Connect,3916,590023.0,85.724,621406.434,2.2717473792180183,7392.45,2024-07-01,Jul 2024,0,3,0,84.6174800000001,1.1065199999999038
2024,7,Air India,10253,1542638.0,82.289,1524210.296,5.939571565145977,20433.047,2024-07-01,Jul 2024,5,3,0,80.38061000000008,1.908389999999926
2024,7,Air India Express,2283,317746.0,81.883,308142.391,1.223407634544769,4014.783,2024-07-01,Jul 2024,6,3,0,81.91990999999992,-0.03690999999992073
2024,7,Akasa Air,3808,604187.0,86.426,659296.319,2.326282592047423,8223.317,2024-07-01,Jul 2024,11,3,0,87.85640000000008,-1.430400000000077
2024,7,Alliance Air,2640,120815.0,75.621,47143.066,0.4651702723795934,3627.0,2024-07-01,Jul 2024,12,3,0,75.92337000000002,-0.3023700000000247
2024,7,Fly91,276,10200.0,58.85,5274.014,0.0392727457540193,469.75,2024-07-01,Jul 2024,14,3,0,58.452140000000036,0.3978599999999659
2024,7,Flybig,280,1011.0,19.528,240.0,0.0038926221526778,343.0,2024-07-01,Jul 2024,15,3,0,26.011149999999997,-6.483149999999998
2024,7,IndiGo,54709,8046505.0,84.612,7528951.0,30.981210301318217,96704.45,2024-07-01,Jul 2024,17,3,0,84.45267000000005,0.15932999999994024
2024,7,India One Air,264,1669.0,72.701,537.841,0.0064260992807312,375.0,2024-07-01,Jul 2024,18,3,0,71.21268000000002,1.4883199999999732
2024,7,SpiceJet,3115,405360.0,90.282,380158.361,1.5607451194950297,4610.1,2024-07-01,Jul 2024,23,3,0,81.34365999999999,8.93834000000001
2024,7,Star Air,1228,52432.0,69.259,32345.331,0.2018773142524259,1719.417,2024-07-01,Jul 2024,24,3,0,70.36862,-1.1096200000000067
2024,7,Total Domestic,92066,12986105.0,85.015,12493831.968,50.0,163437.664,2024-07-01,Jul 2024,25,3,0,84.89256000000012,0.12243999999988375
2024,7,Vistara,8550,1293519.0,89.981,1386126.915,4.980396354411119,14369.3,2024-07-01,Jul 2024,27,3,0,89.6663199999999,0.3146800000000951
2024,8,AIX Connect,3857,577347.0,84.438,607076.098,2.19846254948042,7316.5,2024-08-01,Aug 2024,0,3,0,83.61158000000006,0.826419999999942
2024,8,Air India,10289,1521012.0,81.063,1514311.37,5.791816566658028,20390.499,2024-08-01,Aug 2024,5,3,0,80.56607000000008,0.4969299999999208
2024,8,Air India Express,3094,408361.0,76.783,400051.181,1.5549857627533767,5252.283,2024-08-01,Aug 2024,6,3,0,78.00892000000007,-1.2259200000000732
2024,8,Akasa Air,3718,591857.0,85.524,649724.386,2.2537147489254,8112.66,2024-08-01,Aug 2024,11,3,0,87.67912,-2.1551199999999966
2024,8,Alliance Air,2581,115010.0,73.315,44304.528,0.4379431742361926,3483.0,2024-08-01,Aug 2024,12,3,0,75.16998000000001,-1.8549800000000118
2024,8,Fly91,388,14846.0,58.882,7512.835,0.0565316438980133,652.833,2024-08-01,Aug 2024,14,3,0,60.713459999999934,-1.831459999999936
2024,8,Flybig,300,2013.0,35.657,487.483,0.007665243107012,362.33,2024-08-01,Aug 2024,15,3,0,36.22164000000002,-0.5646400000000256
2024,8,IndiGo,56433,8190413.0,82.329,7599936.0,31.18803119316039,99527.617,2024-08-01,Aug 2024,17,3,0,82.96192999999998,-0.6329299999999876
2024,8,India One Air,348,2143.0,72.111,673.19,0.0081602662584832,479.167,2024-08-01,Aug 2024,18,3,0,71.89517999999995,0.21582000000005053
2024,8,SpiceJet,2729,302378.0,81.008,268364.222,1.1514162345812664,3877.55,2024-08-01,Aug 2024,23,3,0,84.67295000000001,-3.664950000000019
2024,8,Star Air,1119,51412.0,73.568,32197.531,0.1957702327956798,1592.41,2024-08-01,Aug 2024,24,3,0,73.19502000000006,0.37297999999994147
2024,8,Total Domestic,94682,13130699.0,82.807,12554284.206,50.0,167101.048,2024-08-01,Aug 2024,25,3,0,83.0089299999999,-0.2019299999999049
2024,8,Vistara,9068,1353907.0,88.717,1429645.382,5.155502384145733,14883.45,2024-08-01,Aug 2024,27,3,0,88.11559999999997,0.6014000000000266
2024,9,AIX Connect,3684,535294.0,81.596,566013.822,2.0545029313744574,7027.617,2024-09-01,Sep 2024,0,3,0,81.6459499999999,-0.04994999999989602
2024,9,Air India,9851,1451744.0,81.264,1469559.642,5.57191431924378,19624.696,2024-09-01,Sep 2024,5,3,0,80.99308000000006,0.27091999999993277
2024,9,Air India Express,3859,517124.0,77.001,497116.012,1.984764958852677,6731.533,2024-09-01,Sep 2024,6,3,0,79.57726000000001,-2.576260000000005
2024,9,Akasa Air,3563,572972.0,85.865,634605.844,2.1991142317968926,7791.35,2024-09-01,Sep 2024,11,3,0,87.97575000000005,-2.1107500000000528
2024,9,Alliance Air,2302,101886.0,73.114,38623.908,0.3910469492765059,3068.0,2024-09-01,Sep 2024,12,3,0,74.03438000000003,-0.9203800000000228
2024,9,Fly91,374,15537.0,62.633,7671.88,0.0596322993434728,614.917,2024-09-01,Sep 2024,14,3,0,62.98212999999991,-0.34912999999991
2024,9,Flybig,283,1792.0,32.92,425.0,0.0068778451711078,341.58,2024-09-01,Sep 2024,15,3,0,35.968920000000026,-3.048920000000024
2024,9,IndiGo,56012,8211792.0,82.6,7624336.0,31.51754126860626,98623.783,2024-09-01,Sep 2024,17,3,0,82.75197000000009,-0.15197000000009098
2024,9,India One Air,358,2263.0,74.332,719.646,0.0086855823784693,495.5,2024-09-01,Sep 2024,18,3,0,74.10360000000006,0.22839999999993665
2024,9,SpiceJet,2281,261053.0,80.353,237263.798,1.0019431447841678,3276.95,2024-09-01,Sep 2024,23,3,0,81.46158000000005,-1.1085800000000603
2024,9,Star Air,1108,47677.0,66.276,30294.262,0.1829882947672494,1584.917,2024-09-01,Sep 2024,24,3,0,69.30522999999995,-3.0292299999999557
2024,9,Total Domestic,92912,13027336.0,83.014,12504099.452,50.0,164274.926,2024-09-01,Sep 2024,25,3,0,83.15285000000003,-0.13885000000003345
2024,9,Vistara,8582,1308202.0,90.914,1397469.638,5.020988174404959,14081.017,2024-09-01,Sep 2024,27,3,0,90.19876999999997,0.7152300000000338
2024,10,Air India,10121,1471093.0,80.29,1482286.454,5.385780958063637,20001.328,2024-10-01,Oct 2024,5,4,1,80.95790000000002,-0.6679000000000173
2024,10,Air India Express,8193,1177057.0,81.552,1202927.878,4.309293278640786,15390.083,2024-10-01,Oct 2024,6,4,1,82.72648999999988,-1.174489999999878
2024,10,Akasa Air,3841,615370.0,85.678,714114.747,2.252915368480185,8532.817,2024-10-01,Oct 2024,11,4,1,88.27443999999993,-2.59643999999993
2024,10,Alliance Air,2264,98107.0,73.864,37809.35,0.3591770285445918,2989.0,2024-10-01,Oct 2024,12,4,1,74.16933000000009,-0.30533000000008315
2024,10,Fly91,381,17042.0,68.086,8449.77,0.0623920303388844,629.583,2024-10-01,Oct 2024,14,4,1,66.90244000000001,1.1835599999999857
2024,10,Flybig,308,2037.0,33.171,453.938,0.0074576086022947,368.667,2024-10-01,Oct 2024,15,4,1,38.54790999999996,-5.37690999999996
2024,10,IndiGo,59156,8640128.0,82.257,8129253.0,31.63215164345997,104385.117,2024-10-01,Oct 2024,17,4,1,83.02325999999987,-0.7662599999998605
2024,10,India One Air,326,2124.0,76.255,683.854,0.0077761220772086,456.0,2024-10-01,Oct 2024,18,4,1,77.10138000000008,-0.8463800000000816
2024,10,SpiceJet,3079,334601.0,81.038,314924.853,1.224999163444494,4405.2,2024-10-01,Oct 2024,23,4,1,81.06415999999984,-0.026159999999848083
2024,10,Star Air,1237,56524.0,71.813,35784.091,0.2069385707590132,1799.917,2024-10-01,Oct 2024,24,4,1,71.69876,0.11424000000000945
2024,10,Total Domestic,98186,13657193.0,82.405,13250708.525,50.0,174059.978,2024-10-01,Oct 2024,25,4,1,83.40695,-1.0019499999999937
2024,10,Vistara,8559,1243110.0,86.076,1324020.59,4.551118227588934,13998.75,2024-10-01,Oct 2024,27,4,1,87.54248999999993,-1.4664899999999363
2024,11,Air India,14897,2251104.0,87.059,2345562.181,7.898463088338141,30176.159,2024-11-01,Nov 2024,5,4,1,85.60089999999998,1.458100000000016
2024,11,Air India Express,7951,1221495.0,87.869,1233703.562,4.285867365563562,14771.7,2024-11-01,Nov 2024,6,4,1,85.6970099999999,2.1719900000000933
2024,11,Akasa Air,3881,672121.0,92.579,803209.656,2.358275277107108,8730.9,2024-11-01,Nov 2024,11,4,1,91.89529999999993,0.6837000000000586
2024,11,Alliance Air,2121,96860.0,74.462,38932.533,0.3398533051944434,2830.0,2024-11-01,Nov 2024,12,4,1,75.36997000000014,-0.9079700000001338
2024,11,Fly91,389,20308.0,73.791,9339.36,0.0712548102610856,627.167,2024-11-01,Nov 2024,14,4,1,74.12926000000006,-0.3382600000000622
2024,11,Flybig,200,1446.0,35.588,298.904,0.0050735895035222,245.083,2024-11-01,Nov 2024,15,4,1,40.12135000000006,-4.5333500000000555
2024,11,IndiGo,56776,9069728.0,90.333,8592770.0,31.823012987968085,100409.433,2024-11-01,Nov 2024,17,4,1,88.2394599999999,2.093540000000104
2024,11,India One Air,367,2607.0,83.029,816.785,0.0091471976733627,490.0,2024-11-01,Nov 2024,18,4,1,81.6732500000001,1.355749999999901
2024,11,SpiceJet,3579,442543.0,87.872,430506.165,1.5527534714088846,5355.483,2024-11-01,Nov 2024,23,4,1,86.10354000000007,1.7684599999999335
2024,11,Star Air,1159,56913.0,73.448,34157.0,0.1996910092765987,1554.583,2024-11-01,Nov 2024,24,4,1,73.68014000000008,-0.2321400000000864
2024,11,Total Domestic,94818,14250266.0,89.399,13932673.24,50.0,170824.209,2024-11-01,Nov 2024,25,4,1,88.73731000000005,0.6616899999999504
2024,11,Vistara,2786,415141.0,88.049,443377.094,1.4566078977052077,4521.833,2024-11-01,Nov 2024,27,4,1,84.77207,3.2769300000000072
2024,12,Air India,17960,2604182.0,83.716,2756865.649,8.723437582069618,36808.505,2024-12-01,Dec 2024,5,4,1,84.31421000000006,-0.5982100000000656
2024,12,Air India Express,8714,1342308.0,86.913,1342337.928,4.4964369056819775,16177.25,2024-12-01,Dec 2024,6,4,1,85.9182099999999,0.9947900000000942
2024,12,Akasa Air,3920,686835.0,93.301,811906.922,2.300746357850867,8844.51,2024-12-01,Dec 2024,11,4,1,92.46993000000002,0.8310699999999827
2024,12,Alliance Air,2069,99952.0,77.685,40571.823,0.3348172413460435,2802.0,2024-12-01,Dec 2024,12,4,1,77.00034000000011,0.6846599999998944
2024,12,Fly91,431,24230.0,82.745,11086.546,0.0811651768630406,688.15,2024-12-01,Dec 2024,14,4,1,80.75227999999994,1.9927200000000624
2024,12,Flybig,294,1137.0,20.883,269.312,0.0038087002102054,348.75,2024-12-01,Dec 2024,15,4,1,31.808809999999983,-10.925809999999984
2024,12,IndiGo,59546,9615322.0,90.649,9113052.0,32.20921629075878,105584.6,2024-12-01,Dec 2024,17,4,1,89.51004,1.1389599999999973
2024,12,India One Air,412,3131.0,87.074,996.998,0.0104881621443739,563.33,2024-12-01,Dec 2024,18,4,1,85.37519999999994,1.6988000000000625
2024,12,SpiceJet,3752,489394.0,87.441,494633.485,1.639362384057404,5828.583,2024-12-01,Dec 2024,23,4,1,86.70168999999999,0.7393100000000175
2024,12,Star Air,1108,59861.0,78.33,33877.0,0.2005211990176836,1463.417,2024-12-01,Dec 2024,24,4,1,77.36512999999997,0.9648700000000332
2024,12,Total Domestic,99013,14926352.0,88.853,14605597.663,50.0,180390.244,2024-12-01,Dec 2024,25,4,1,88.47989,0.37310999999999694
2025,1,Air India,16899,2422796.0,83.88,2542896.321,8.239464788948897,34638.102,2025-01-01,Jan 2025,5,1,1,83.87943999999999,0.0005600000000072214
2025,1,Air India Express,8829,1335289.0,85.34,1368801.54,4.541061937765615,16751.283,2025-01-01,Jan 2025,6,1,1,85.57232000000005,-0.23232000000004405
2025,1,Akasa Air,3902,685848.0,93.78,815423.199,2.3324375830945003,8808.4,2025-01-01,Jan 2025,11,1,1,93.56273999999999,0.21726000000001022
2025,1,Alliance Air,1953,90895.0,77.64,38440.168,0.3091164720395402,2704.0,2025-01-01,Jan 2025,12,1,1,78.20850000000009,-0.5685000000000855
2025,1,Blue Dart Aviation,647,0.0,0.0,0.0,0.0,920.417,2025-01-01,Jan 2025,13,1,1,0.0,0.0
2025,1,Fly91,373,20612.0,81.99,9559.912,0.070097461044931,596.817,2025-01-01,Jan 2025,14,1,1,72.43674000000001,9.55325999999998
2025,1,Flybig,269,1050.0,22.69,275.0,0.0035708487336103,346.583,2025-01-01,Jan 2025,15,1,1,24.39404000000003,-1.7040400000000275
2025,1,IndiGo,60152,9614311.0,89.78,9125277.0,32.69642881798717,107177.65,2025-01-01,Jan 2025,17,1,1,86.81955999999998,2.9604400000000197
2025,1,India One Air,416,2860.0,81.11,920.63,0.0097263117886911,562.083,2025-01-01,Jan 2025,18,1,1,81.61631999999987,-0.5063199999998744
2025,1,QuikJet Cargo,137,0.0,0.0,0.0,0.0,293.917,2025-01-01,Jan 2025,22,1,1,0.0,0.0
2025,1,SpiceJet,3607,465732.0,87.13,470566.164,1.5838652594303222,5596.1,2025-01-01,Jan 2025,23,1,1,86.60682000000003,0.523179999999968
2025,1,Star Air,1165,62994.0,79.64,36718.377,0.2142305191667176,1569.0,2025-01-01,Jan 2025,24,1,1,78.21033000000008,1.4296699999999163
2025,1,Total Domestic,98349,14702387.0,88.29,14408878.311,50.0,179964.352,2025-01-01,Jan 2025,25,1,1,86.46271999999995,1.8272800000000586
2025,2,Air India,16212,2406210.0,87.48,2519192.45,8.52148192849167,33108.807,2025-02-01,Feb 2025,5,1,0,86.75608999999987,0.7239100000001315
2025,2,Air India Express,9362,1423613.0,86.59,1464138.102,5.041659893635972,17713.133,2025-02-01,Feb 2025,6,1,0,86.13341000000008,0.45658999999992034
2025,2,Akasa Air,3681,657633.0,95.15,785475.804,2.328976990819489,8332.617,2025-02-01,Feb 2025,11,1,0,92.76446999999987,2.3855300000001307
2025,2,Alliance Air,1710,85992.0,83.03,38733.658,0.3045367087639299,2497.0,2025-02-01,Feb 2025,12,1,0,80.39962999999995,2.630370000000056
2025,2,Blue Dart Aviation,591,0.0,0.0,0.0,0.0,854.417,2025-02-01,Feb 2025,13,1,0,0.0,0.0
2025,2,Fly91,210,11757.0,82.95,5478.35,0.0416368741852442,341.333,2025-02-01,Feb 2025,14,1,0,75.2181899999999,7.7318100000001095
2025,2,Flybig,157,707.0,27.15,179.966,0.0025038079483684,196.583,2025-02-01,Feb 2025,15,1,0,29.10921000000004,-1.9592100000000414
2025,2,IndiGo,55405,9015997.0,91.67,8538835.0,31.92973826176232,98513.033,2025-02-01,Feb 2025,17,1,0,90.25479000000003,1.4152099999999734
2025,2,India One Air,382,2721.0,82.86,863.061,0.0096362962199582,515.583,2025-02-01,Feb 2025,18,1,0,81.26777999999987,1.5922200000001254
2025,2,QuikJet Cargo,131,0.0,0.0,0.0,0.0,278.667,2025-02-01,Feb 2025,22,1,0,0.0,0.0
2025,2,SpiceJet,3407,453930.0,91.22,442261.689,1.607572195195026,5226.317,2025-02-01,Feb 2025,23,1,0,82.74217999999995,8.477820000000051
2025,2,Star Air,1071,59935.0,83.08,35512.0,0.2122570429780228,1460.083,2025-02-01,Feb 2025,24,1,0,78.50522999999997,4.574770000000029
2025,2,Total Domestic,92319,14118495.0,90.43,13830670.08,50.0,169037.574,2025-02-01,Feb 2025,25,1,0,89.61037000000009,0.8196299999999184
2025,3,Air India,16855,2303093.0,80.4,2413939.142,7.918936062554524,34314.239,2025-03-01,Mar 2025,5,1,1,82.3831099999999,-1.983109999999897
2025,3,Air India Express,11068,1575238.0,80.78,1617039.843,5.416285406323698,20987.867,2025-03-01,Mar 2025,6,1,1,82.04045999999998,-1.2604599999999806
2025,3,Akasa Air,4135,719271.0,92.51,857586.721,2.473135501106406,9346.617,2025-03-01,Mar 2025,11,1,1,92.30001000000011,0.2099899999998911
2025,3,Alliance Air,1697,77945.0,75.91,32129.95,0.2680054480630232,2346.0,2025-03-01,Mar 2025,12,1,1,76.52111999999994,-0.6111199999999428
2025,3,Blue Dart Aviation,596,0.0,0.0,0.0,0.0,842.167,2025-03-01,Mar 2025,13,1,1,0.0,0.0
2025,3,Fly91,242,12327.0,76.41,5619.356,0.0423850555939814,392.583,2025-03-01,Mar 2025,14,1,1,62.986399999999975,13.423600000000022
2025,3,Flybig,229,1161.0,26.42,276.705,0.0039919728680629,283.0,2025-03-01,Mar 2025,15,1,1,29.024810000000024,-2.604810000000022
2025,3,IndiGo,61957,9309423.0,84.61,8798393.0,32.009443611818774,110318.867,2025-03-01,Mar 2025,17,1,1,85.31851999999998,-0.7085199999999787
2025,3,India One Air,428,2992.0,82.0,956.669,0.0102876682353526,585.1,2025-03-01,Mar 2025,18,1,1,81.60127999999997,0.3987200000000257
2025,3,QuikJet Cargo,129,0.0,0.0,0.0,0.0,271.15,2025-03-01,Mar 2025,22,1,1,0.0,0.0
2025,3,SpiceJet,3804,479518.0,84.81,484082.688,1.6487707543047636,5854.05,2025-03-01,Mar 2025,23,1,1,85.37411000000009,-0.5641100000000847
2025,3,Star Air,1179,60714.0,73.76,35061.0,0.2087585191314182,1608.583,2025-03-01,Mar 2025,24,1,1,72.37513000000001,1.3848699999999923
2025,3,Total Domestic,102319,14541682.0,83.79,14245085.074,50.0,187150.222,2025-03-01,Mar 2025,25,1,1,84.34737999999997,-0.5573799999999665
2025,4,Air India,15882,2180617.0,82.23,2301209.657,7.616711590221177,33038.442,2025-04-01,Apr 2025,5,2,0,82.12922999999995,0.10077000000005398
2025,4,Air India Express,11433,1709127.0,84.87,1760620.766,5.969836715966146,21807.35,2025-04-01,Apr 2025,6,2,0,84.40984999999995,0.46015000000005557
2025,4,Akasa Air,4066,712182.0,93.03,849462.025,2.4875917658841047,9258.383,2025-04-01,Apr 2025,11,2,0,92.59604000000002,0.4339599999999848
2025,4,Alliance Air,1637,75957.0,75.81,30123.064,0.2653114060187689,2229.0,2025-04-01,Apr 2025,12,2,0,74.41580000000009,1.3941999999999126
2025,4,Blue Dart Aviation,616,0.0,0.0,0.0,0.0,884.75,2025-04-01,Apr 2025,13,2,0,0.0,0.0
2025,4,Fly91,392,20369.0,82.62,9258.037,0.0711472020906079,606.167,2025-04-01,Apr 2025,14,2,0,76.78531999999991,5.834680000000091
2025,4,Flybig,237,1415.0,30.25,344.864,0.0049424758681432,302.417,2025-04-01,Apr 2025,15,2,0,32.39602000000001,-2.146020000000007
2025,4,IndiGo,59213,9171560.0,86.93,8642291.0,32.03548690687496,106342.583,2025-04-01,Apr 2025,17,2,0,86.30481000000007,0.6251899999999324
2025,4,India One Air,414,2886.0,81.17,909.448,0.0100805550215275,561.667,2025-04-01,Apr 2025,18,2,0,78.90502000000005,2.2649799999999516
2025,4,QuikJet Cargo,138,0.0,0.0,0.0,0.0,299.367,2025-04-01,Apr 2025,22,2,0,0.0,0.0
2025,4,SpiceJet,3026,379010.0,85.98,388576.028,1.3238500203427417,4792.9,2025-04-01,Apr 2025,23,2,0,85.02190999999985,0.9580900000001549
2025,4,Star Air,1157,61565.0,79.7,36459.128,0.2150413617118305,1712.167,2025-04-01,Apr 2025,24,2,0,76.19811999999989,3.5018800000001136
2025,4,Total Domestic,98211,14314688.0,86.12,14019254.017,50.0,181835.192,2025-04-01,Apr 2025,25,2,0,85.40387999999997,0.7161200000000321
2025,5,Air India,16010,2093391.0,78.35,2250087.387,7.447233063893223,33438.738,2025-05-01,May 2025,5,2,1,79.4230800000001,-1.073080000000104
2025,5,Air India Express,11050,1628871.0,82.95,1651625.156,5.794704366273104,20902.017,2025-05-01,May 2025,6,2,1,83.22729000000002,-0.277290000000022
2025,5,Akasa Air,4343,746531.0,91.46,895399.367,2.655782100152944,9917.967,2025-05-01,May 2025,11,2,1,91.07866000000001,0.38133999999998025
2025,5,Alliance Air,1420,62159.0,73.96,25337.841,0.2211304816054615,1952.0,2025-05-01,May 2025,12,2,1,70.47500000000005,3.4849999999999426
2025,5,Blue Dart Aviation,650,0.0,0.0,0.0,0.0,933.333,2025-05-01,May 2025,13,2,1,0.0,0.0
2025,5,Fly91,434,24385.0,87.58,10879.2,0.0867495743810096,669.667,2025-05-01,May 2025,14,2,1,83.92316999999996,3.656830000000042
2025,5,Flybig,313,1864.0,28.55,444.819,0.0066311751751569,406.0,2025-05-01,May 2025,15,2,1,36.463610000000024,-7.913610000000023
2025,5,IndiGo,59442,9079585.0,85.07,8521422.0,32.30060013558334,106466.783,2025-05-01,May 2025,17,2,1,85.18568999999992,-0.11568999999992968
2025,5,India One Air,423,2947.0,81.05,955.723,0.0104839448718817,581.917,2025-05-01,May 2025,18,2,1,80.44763000000007,0.6023699999999224
2025,5,QuikJet Cargo,134,0.0,0.0,0.0,0.0,286.6,2025-05-01,May 2025,22,2,1,0.0,0.0
2025,5,SpiceJet,2861,339663.0,84.04,370127.753,1.208350243304363,4707.75,2025-05-01,May 2025,23,2,1,83.45586999999995,0.5841300000000587
2025,5,Star Air,1377,75428.0,75.08,42870.0,0.268334914759516,1827.25,2025-05-01,May 2025,24,2,1,74.37491999999996,0.7050800000000379
2025,5,Total Domestic,98457,14054824.0,83.93,13769149.246,50.0,182090.021,2025-05-01,May 2025,25,2,1,84.68208000000006,-0.7520800000000492
2025,6,Air India,15545,2098185.0,81.28,2231136.864,7.711470451427458,32259.855,2025-06-01,Jun 2025,5,2,0,81.72136999999995,-0.4413699999999494
2025,6,Air India Express,11095,1594172.0,81.83,1627031.958,5.859068801127172,20931.45,2025-06-01,Jun 2025,6,2,0,83.16873000000001,-1.3387300000000124
2025,6,Akasa Air,4210,722093.0,91.37,867159.534,2.6539122301811364,9565.7,2025-06-01,Jun 2025,11,2,0,91.02817000000003,0.3418299999999732
2025,6,Alliance Air,1630,66355.0,67.91,27047.685,0.2438748831987975,2241.0,2025-06-01,Jun 2025,12,2,0,69.85334999999995,-1.9433499999999526
2025,6,Blue Dart Aviation,611,0.0,0.0,0.0,0.0,879.167,2025-06-01,Jun 2025,13,2,0,0.0,0.0
2025,6,Fly91,484,22196.0,71.22,9971.341,0.081577076444586,739.75,2025-06-01,Jun 2025,14,2,0,74.36474000000001,-3.144740000000013
2025,6,Flybig,269,1186.0,21.77,305.555,0.0043589120861091,348.917,2025-06-01,Jun 2025,15,2,0,26.496709999999997,-4.726709999999997
2025,6,IndiGo,57412,8773638.0,85.45,8259122.0,32.24579824396853,102271.05,2025-06-01,Jun 2025,17,2,0,85.69662999999991,-0.24662999999991086
2025,6,India One Air,446,2819.0,74.67,907.665,0.0103606856414348,604.25,2025-06-01,Jun 2025,18,2,0,75.41167999999999,-0.7416799999999881
2025,6,QuikJet Cargo,146,0.0,0.0,0.0,0.0,313.033,2025-06-01,Jun 2025,22,2,0,0.0,0.0
2025,6,SpiceJet,2370,260902.0,85.24,258226.397,0.9588945034486126,3583.583,2025-06-01,Jun 2025,23,2,0,83.68878000000002,1.5512199999999723
2025,6,Star Air,1303,62766.0,69.82,37063.691,0.2306842124761619,1736.0,2025-06-01,Jun 2025,24,2,0,70.66762999999993,-0.8476299999999384
2025,6,Total Domestic,95521,13604312.0,84.5,13317972.69,50.0,175473.755,2025-06-01,Jun 2025,25,2,0,84.84127000000001,-0.3412700000000086
2025,7,Air India,14105,1870732.0,78.52,1992242.171,7.420411331349832,29684.665,2025-07-01,Jul 2025,5,3,0,78.43363000000014,0.08636999999986017
2025,7,Air India Express,10223,1437558.0,79.55,1454446.808,5.70219126666599,19302.217,2025-07-01,Jul 2025,6,3,0,81.87664000000004,-2.3266400000000402
2025,7,Akasa Air,4105,697509.0,90.17,854276.763,2.766726440408615,9377.1,2025-07-01,Jul 2025,11,3,0,89.82070000000004,0.34929999999995687
2025,7,Alliance Air,1254,46012.0,62.74,19844.949,0.1825103575381553,1781.0,2025-07-01,Jul 2025,12,3,0,64.50147000000001,-1.7614700000000099
2025,7,Blue Dart Aviation,594,0.0,0.0,0.0,0.0,829.333,2025-07-01,Jul 2025,13,3,0,0.0,0.0
2025,7,Fly91,544,24901.0,69.98,11057.658,0.0987718511053117,821.333,2025-07-01,Jul 2025,14,3,0,72.03273999999992,-2.0527399999999147
2025,7,Flybig,257,928.0,19.47,255.95,0.0036809878248154,337.833,2025-07-01,Jul 2025,15,3,0,22.810809999999996,-3.3408099999999976
2025,7,IndiGo,53936,8215364.0,84.11,7615736.0,32.586912565115405,94420.82,2025-07-01,Jul 2025,17,3,0,84.25901999999992,-0.149019999999922
2025,7,India One Air,457,2321.0,60.41,749.586,0.0092064361437463,618.0,2025-07-01,Jul 2025,18,3,0,64.79255999999995,-4.382559999999955
2025,7,QuikJet Cargo,139,0.0,0.0,0.0,0.0,297.567,2025-07-01,Jul 2025,22,3,0,0.0,0.0
2025,7,SpiceJet,2298,246242.0,84.2,224286.004,0.976739012885996,3328.5,2025-07-01,Jul 2025,23,3,0,82.80131000000004,1.3986899999999594
2025,7,Star Air,1305,63745.0,69.87,37312.742,0.2528497509621341,1732.55,2025-07-01,Jul 2025,24,3,0,69.99113999999992,-0.12113999999991165
2025,7,Total Domestic,89217,12605312.0,82.85,12210208.631,50.0,162530.918,2025-07-01,Jul 2025,25,3,0,83.75481000000015,-0.904810000000154
2025,8,Air India,14249,1986947.0,81.9,2362940.189,7.672417567964876,34771.38,2025-08-01,Aug 2025,5,3,0,81.50308000000001,0.3969199999999944
2025,8,Air India Express,10677,1552028.0,81.61,1519984.471,5.993016871196559,19833.833,2025-08-01,Aug 2025,6,3,0,81.37675999999993,0.23324000000006606
2025,8,Akasa Air,4121,702582.0,90.97,863571.812,2.712957356052224,9397.35,2025-08-01,Aug 2025,11,3,0,90.18208000000003,0.7879199999999713
2025,8,Alliance Air,966,37473.0,68.72,16441.751,0.1446986273535971,1361.0,2025-08-01,Aug 2025,12,3,0,66.42749000000002,2.2925099999999787
2025,8,Blue Dart Aviation,582,0.0,0.0,0.0,0.0,805.083,2025-08-01,Aug 2025,13,3,0,0.0,0.0
2025,8,Fly91,563,28438.0,77.25,12510.133,0.1098107854903956,845.5,2025-08-01,Aug 2025,14,3,0,75.45980999999998,1.790190000000024
2025,8,Flybig,198,990.0,26.77,278.25,0.0038227961753812,257.167,2025-08-01,Aug 2025,15,3,0,28.113799999999983,-1.343799999999984
2025,8,IndiGo,53778,8314039.0,84.6,7709340.0,32.10391564764693,94002.433,2025-08-01,Aug 2025,17,3,0,84.53727000000012,0.06272999999987405
2025,8,India One Air,426,2519.0,69.55,822.74,0.0097268924906922,584.667,2025-08-01,Aug 2025,18,3,0,70.90004000000008,-1.350040000000078
2025,8,QuikJet Cargo,113,0.0,0.0,0.0,0.0,240.433,2025-08-01,Aug 2025,22,3,0,0.0,0.0
2025,8,SpiceJet,2330,261610.0,87.03,247695.219,1.0101835428701875,3453.833,2025-08-01,Aug 2025,23,3,0,84.68665999999999,2.343340000000012
2025,8,Star Air,1248,62011.0,72.45,34944.0,0.2394499127591575,1601.0,2025-08-01,Aug 2025,24,3,0,72.30598999999992,0.14401000000007969
2025,8,Total Domestic,89251,12948637.0,84.09,12768528.565,50.0,167154.51,2025-08-01,Aug 2025,25,3,0,82.72637999999992,1.3636200000000827
2025,9,Air India,14747,2008330.0,79.27,2202882.259,7.942118430272026,31354.28,2025-09-01,Sep 2025,5,3,0,83.41408,-4.144080000000002
2025,9,Air India Express,10342,1459007.0,79.72,1425534.0,5.769772091536699,19224.0,2025-09-01,Sep 2025,6,3,0,80.65369000000004,-0.9336900000000412
2025,9,Akasa Air,3857,664811.0,91.79,800331.39,2.629053838635869,8756.583,2025-09-01,Sep 2025,11,3,0,91.32053000000003,0.46946999999997274
2025,9,Alliance Air,1094,43562.0,66.87,17909.504,0.1722697779047816,1498.0,2025-09-01,Sep 2025,12,3,0,65.59520999999997,1.2747900000000385
2025,9,Blue Dart Aviation,605,0.0,0.0,0.0,0.0,877.917,2025-09-01,Sep 2025,13,3,0,0.0,0.0
2025,9,Fly91,530,27367.0,77.96,12273.88,0.1082252195014039,671.767,2025-09-01,Sep 2025,14,3,0,77.94549999999998,0.014500000000012392
2025,9,Flybig,163,610.0,20.07,188.295,0.0024122988963297,229.583,2025-09-01,Sep 2025,15,3,0,24.63668000000002,-4.566680000000019
2025,9,IndiGo,54587,8127404.0,81.51,7578261.0,32.14053721184595,96481.467,2025-09-01,Sep 2025,17,3,0,82.95011000000008,-1.4401100000000753
2025,9,India One Air,442,2753.0,72.82,879.71,0.010886981740321,600.333,2025-09-01,Sep 2025,18,3,0,72.95567999999994,-0.13567999999995095
2025,9,QuikJet Cargo,98,0.0,0.0,0.0,0.0,209.0,2025-09-01,Sep 2025,22,3,0,0.0,0.0
2025,9,SpiceJet,2267,244777.0,84.64,227801.523,0.9679922736834564,3349.667,2025-09-01,Sep 2025,23,3,0,82.97039000000007,1.6696099999999348
2025,9,Star Air,1380,64920.0,65.24,36439.408,0.2567318759831601,1738.333,2025-09-01,Sep 2025,24,3,0,67.2737499999999,-2.0337499999998983
2025,9,Total Domestic,90112,12643541.0,81.44,12302500.969,50.0,164990.93,2025-09-01,Sep 2025,25,3,0,82.39028999999994,-0.9502899999999386
2025,10,Air India,15738,2056159.0,75.46,2210844.42,7.328718356178681,33034.14,2025-10-01,Oct 2025,5,4,1,78.02422000000003,-2.5642200000000344
2025,10,Air India Express,10964,1547851.0,80.05,1558409.991,5.516968306599599,20603.0,2025-10-01,Oct 2025,6,4,1,81.57693999999998,-1.526939999999982
2025,10,Akasa Air,4230,724662.0,91.2,871232.444,2.5828954382541203,9572.617,2025-10-01,Oct 2025,11,4,1,91.20461999999996,-0.0046199999999601005
2025,10,Alliance Air,701,29206.0,68.25,11936.501,0.1040982474169334,946.0,2025-10-01,Oct 2025,12,4,1,69.32821000000001,-1.0782100000000128
2025,10,Blue Dart Aviation,569,0.0,0.0,0.0,0.0,809.083,2025-10-01,Oct 2025,13,4,1,0.0,0.0
2025,10,Fly91,576,32953.0,86.11,14797.58,0.1174535899174898,737.0,2025-10-01,Oct 2025,14,4,1,83.38651999999989,2.7234800000001087
2025,10,Flybig,78,275.0,21.45,109.921,0.0009801759241134,122.5,2025-10-01,Oct 2025,15,4,1,24.459979999999987,-3.009979999999988
2025,10,IndiGo,61364,9195792.0,82.39,8702094.0,32.776341532926715,108593.717,2025-10-01,Oct 2025,17,4,1,83.55090999999994,-1.1609099999999444
2025,10,India One Air,376,2702.0,82.32,893.294,0.0096306739889253,530.092,2025-10-01,Oct 2025,18,4,1,81.24853999999992,1.071460000000073
2025,10,QuikJet Cargo,95,0.0,0.0,0.0,0.0,201.65,2025-10-01,Oct 2025,22,4,1,0.0,0.0
2025,10,SpiceJet,2991,361639.0,82.25,368782.045,1.2889812400743823,4624.567,2025-10-01,Oct 2025,23,4,1,82.84723999999989,-0.5972399999998856
2025,10,Star Air,1414,76855.0,74.48,45384.747,0.2739324387190448,1825.667,2025-10-01,Oct 2025,24,4,1,69.78048999999996,4.699510000000046
2025,10,Total Domestic,99096,14028094.0,81.37,13784484.943,50.0,181600.032,2025-10-01,Oct 2025,25,4,1,83.95357000000006,-2.5835700000000514
2025,11,Air India,15602,2357226.0,89.08,2540645.968,7.735383495816599,32697.83,2025-11-01,Nov 2025,5,4,1,86.81104999999998,2.268950000000018
2025,11,Air India Express,11291,1717758.0,85.29,1751973.044,5.636929544730513,21526.617,2025-11-01,Nov 2025,6,4,1,85.13306999999993,0.15693000000007373
2025,11,Akasa Air,4083,721879.0,93.81,847569.562,2.368890765067325,9130.783,2025-11-01,Nov 2025,11,4,1,92.42080999999999,1.3891900000000135
2025,11,Alliance Air,1415,57557.0,63.71,23728.087,0.1888768696207813,1938.0,2025-11-01,Nov 2025,12,4,1,65.82644000000003,-2.1164400000000327
2025,11,Blue Dart Aviation,580,0.0,0.0,0.0,0.0,791.417,2025-11-01,Nov 2025,13,4,1,0.0,0.0
2025,11,Fly91,583,33600.0,84.49,15146.54,0.1102604864613905,735.25,2025-11-01,Nov 2025,14,4,1,82.18333999999987,2.3066600000001216
2025,11,IndiGo,59566,9692717.0,88.71,9218088.0,31.807252724779456,105678.817,2025-11-01,Nov 2025,17,4,1,88.57598999999993,0.13401000000006036
2025,11,India One Air,424,3070.0,83.12,970.222,0.0100743956379901,508.667,2025-11-01,Nov 2025,18,4,1,81.76838999999994,1.3516100000000648
2025,11,QuikJet Cargo,118,0.0,0.0,0.0,0.0,246.967,2025-11-01,Nov 2025,22,4,1,0.0,0.0
2025,11,SpiceJet,3956,566943.0,87.7,558744.142,1.8604586599964323,5951.05,2025-11-01,Nov 2025,23,4,1,86.74840999999998,0.9515900000000244
2025,11,Star Air,1658,85896.0,72.87,50264.272,0.2818730578895119,2109.083,2025-11-01,Nov 2025,24,4,1,73.70634999999994,-0.8363499999999391
2025,11,Total Domestic,99276,15236646.0,88.47,15007129.837,50.0,181314.48,2025-11-01,Nov 2025,25,4,1,88.41372000000005,0.05627999999994415
2025,12,Air India,15551,2389728.0,89.91,2544302.838,8.351905915660755,32452.94,2025-12-01,Dec 2025,5,4,1,85.35943000000002,4.550569999999979
2025,12,Air India Express,11528,1839572.0,88.9,1836271.023,6.429155229835313,21683.333,2025-12-01,Dec 2025,6,4,1,86.97301999999989,1.926980000000114
2025,12,Akasa Air,4117,739061.0,95.3,857367.266,2.582958369293138,9187.183,2025-12-01,Dec 2025,11,4,1,93.81109999999998,1.4889000000000152
2025,12,Alliance Air,1276,57030.0,71.02,24556.386,0.1993152335203558,1773.0,2025-12-01,Dec 2025,12,4,1,69.43303999999999,1.5869600000000048
2025,12,Blue Dart Aviation,576,0.0,0.0,0.0,0.0,816.917,2025-12-01,Dec 2025,13,4,1,0.0,0.0
2025,12,Fly91,631,37111.0,86.08,16863.72,0.1296999409288782,813.183,2025-12-01,Dec 2025,14,4,1,81.72265999999995,4.35734000000005
2025,12,IndiGo,53238,8522591.0,88.14,8207875.0,29.785765656031604,94623.567,2025-12-01,Dec 2025,17,4,1,88.42307000000001,-0.28307000000000926
2025,12,India One Air,457,3308.0,84.01,1012.272,0.011561192223134,604.833,2025-12-01,Dec 2025,18,4,1,83.70921000000007,0.3007899999999353
2025,12,QuikJet Cargo,147,0.0,0.0,0.0,0.0,317.733,2025-12-01,Dec 2025,22,4,1,0.0,0.0
2025,12,SpiceJet,4092,614339.0,87.45,606842.549,2.147065075322845,6265.4,2025-12-01,Dec 2025,23,4,1,88.50778999999994,-1.0577899999999403
2025,12,Star Air,1698,103743.0,79.91,59525.0,0.362573387183978,2121.25,2025-12-01,Dec 2025,24,4,1,78.37125999999994,1.538740000000061
2025,12,Total Domestic,93311,14306483.0,88.85,14154616.054,50.0,170659.34,2025-12-01,Dec 2025,25,4,1,88.49887000000011,0.35112999999988403
2026,1,Air India,15435,2297474.0,86.57,2427786.768,7.534090876297977,32663.45,2026-01-01,Jan 2026,5,1,1,85.11209999999991,1.4579000000000804
2026,1,Air India Express,11270,1736876.0,86.3,1728181.198,5.695725664299542,21145.333,2026-01-01,Jan 2026,6,1,1,84.47198000000006,1.8280199999999382
2026,1,Akasa Air,4144,727727.0,93.21,844006.522,2.386430206015693,9326.35,2026-01-01,Jan 2026,11,1,1,92.87197000000006,0.33802999999993233
2026,1,Alliance Air,1378,57459.0,64.77,24249.432,0.1884249082519347,1908.0,2026-01-01,Jan 2026,12,1,1,64.9361900000001,-0.16619000000009976
2026,1,Fly91,588,33186.0,82.84,15073.09,0.1088266242929515,781.7,2026-01-01,Jan 2026,14,1,1,79.16873000000008,3.6712699999999217
2026,1,IndiGo,58905,9704113.0,87.67,9207043.0,31.82263181906067,105662.0,2026-01-01,Jan 2026,17,1,1,88.14423000000001,-0.4742300000000057
2026,1,India One Air,263,1573.0,69.45,521.73,0.0051583282110773,350.833,2026-01-01,Jan 2026,18,1,1,70.21243999999993,-0.762439999999927
2026,1,SpiceJet,4028,591582.0,85.89,604598.193,1.9399708326545195,6436.167,2026-01-01,Jan 2026,23,1,1,87.61374000000002,-1.7237400000000207
2026,1,Star Air,1618,97198.0,77.72,56163.341,0.3187407409156363,2063.667,2026-01-01,Jan 2026,24,1,1,77.31474000000007,0.40525999999992735
2026,1,Total Domestic,98232,15247188.0,87.45,14907623.274,50.0,181208.133,2026-01-01,Jan 2026,25,1,1,86.61270999999995,0.8372900000000527
2026,2,Air India,14477,2188779.0,88.37,2321263.226,7.781111894870368,30441.03,2026-02-01,Feb 2026,5,1,0,86.63023999999994,1.7397600000000608
2026,2,Air India Express,10196,1605622.0,88.26,1616320.335,5.707988080507694,19249.867,2026-02-01,Feb 2026,6,1,0,86.57410000000014,1.6858999999998616
2026,2,Akasa Air,3903,687287.0,93.32,804063.527,2.4433060856714044,8797.8,2026-02-01,Feb 2026,11,1,0,93.23990999999995,0.08009000000004107
2026,2,Alliance Air,1309,53796.0,65.83,22518.46,0.1912448426709349,1786.0,2026-02-01,Feb 2026,12,1,0,65.66356999999999,0.1664300000000054
2026,2,Fly91,467,24785.0,79.85,11479.48,0.0881107038738776,599.717,2026-02-01,Feb 2026,14,1,0,78.51315999999996,1.3368400000000378
2026,2,IndiGo,53451,8870677.0,89.61,8463891.0,31.53526706910702,95760.383,2026-02-01,Feb 2026,17,1,0,89.47403999999997,0.13596000000002562
2026,2,India One Air,354,1591.0,53.04,507.656,0.0056560068534734,452.667,2026-02-01,Feb 2026,18,1,0,62.4077599999999,-9.367759999999898
2026,2,SpiceJet,3691,554895.0,88.96,592014.487,1.972652371438182,5977.917,2026-02-01,Feb 2026,23,1,0,89.02536000000002,-0.06536000000002673
2026,2,Star Air,1250,77261.0,79.06,46840.264,0.2746629450070471,1599.167,2026-02-01,Feb 2026,24,1,0,77.22286000000013,1.8371399999998772
2026,2,Total Domestic,89694,14064693.0,89.32,13878898.435,50.0,165521.547,2026-02-01,Feb 2026,25,1,0,88.99841999999994,0.32158000000005416
2026,3,Air India,15759,2168434.0,81.58,2302689.77,7.545092739440898,32658.22,2026-03-01,Mar 2026,5,1,1,81.70957999999993,-0.1295799999999332
2026,3,Air India Express,10947,1604684.0,83.34,1604017.52,5.583517689492499,20419.383,2026-03-01,Mar 2026,6,1,1,83.09459000000004,0.24540999999996416
2026,3,Akasa Air,4560,778132.0,90.54,919960.102,2.7075198523573345,10341.1,2026-03-01,Mar 2026,11,1,1,90.70312000000001,-0.16312000000000637
2026,3,Alliance Air,1214,45672.0,60.64,19769.918,0.158916285022161,1689.0,2026-03-01,Mar 2026,12,1,1,62.693840000000066,-2.053840000000065
2026,3,Fly91,679,33059.0,72.89,15013.8,0.1150291965875727,862.167,2026-03-01,Mar 2026,14,1,1,72.65866000000007,0.23133999999993193
2026,3,IndiGo,59494,9118668.0,83.47,8750157.0,31.72851731718469,106281.317,2026-03-01,Mar 2026,17,1,1,84.86522000000001,-1.395220000000009
2026,3,India One Air,403,1750.0,51.11,557.99,0.0060891464965138,517.583,2026-03-01,Mar 2026,18,1,1,62.53555999999991,-11.425559999999912
2026,3,SpiceJet,3828,540882.0,82.84,568109.606,1.8820055630442392,6105.95,2026-03-01,Mar 2026,23,1,1,86.80487000000002,-3.964870000000019
2026,3,Star Air,1477,78549.0,69.67,47210.0,0.2733122103740963,1901.0,2026-03-01,Mar 2026,24,1,1,70.80826000000003,-1.138260000000031
2026,3,Total Domestic,98992,14369830.0,83.42,14227485.706,50.0,181669.353,2026-03-01,Mar 2026,25,1,1,85.28087,-1.8608699999999914
2026,4,Air India,15082,1949625.0,76.79,2067622.633,7.056282906699591,31209.58,2026-04-01,Apr 2026,5,2,0,78.16733999999998,-1.3773399999999754
2026,4,Air India Express,10265,1460627.0,80.97,1451110.768,5.286451155049767,19013.45,2026-04-01,Apr 2026,6,2,0,81.81783000000007,-0.8478300000000729
2026,4,Akasa Air,4593,791273.0,91.74,953359.505,2.863856456720089,10543.833,2026-04-01,Apr 2026,11,2,0,90.6903099999999,1.0496900000000977
2026,4,Alliance Air,1156,42677.0,61.15,18243.581,0.1544609787057605,1575.0,2026-04-01,Apr 2026,12,2,0,65.46196000000006,-4.311960000000063
2026,4,Fly91,845,38616.0,65.67,16566.87,0.1397629906905745,1006.317,2026-04-01,Apr 2026,14,2,0,66.52846000000005,-0.8584600000000506
2026,4,IndiGo,59264,8978789.0,82.71,8635297.0,32.49695471875992,105953.33,2026-04-01,Apr 2026,17,2,0,85.15532999999996,-2.44532999999997
2026,4,India One Air,383,1687.0,51.99,539.168,0.0061057635512481,492.833,2026-04-01,Apr 2026,18,2,0,58.09800999999991,-6.108009999999908
2026,4,SpiceJet,3422,473750.0,80.74,505680.233,1.714644625017083,5526.083,2026-04-01,Apr 2026,23,2,0,81.3515699999999,-0.6115699999999009
2026,4,Star Air,1444,77772.0,72.26,46113.224,0.2814804048059706,1819.0,2026-04-01,Apr 2026,24,2,0,73.64581999999999,-1.3858199999999812
2026,4,Total Domestic,97083,13814816.0,81.95,13694532.982,50.0,178050.577,2026-04-01,Apr 2026,25,2,0,83.65021999999992,-1.7002199999999164
